student_id,preferred_study_hour,study_period,weekly_study_hours,consistency_score,attendance_pct,backlogs_count,aptitude_score,avg_quiz_score,quiz_score_std,assignment_avg,trimester_gpa,modules_completed_pct,communication_score,projects_count,internships_count,mock_interviews_attended,placement_probability_true,placed
S00000,13,afternoon,4.2,0.46,75.7,2,65.0,58.0,8.4,53.8,6.2,100.0,75.4,3,1,3,0.4644,0
S00001,7,morning,13.2,0.442,58.2,1,50.6,55.3,13.5,50.0,4.09,100.0,31.1,1,1,8,0.08,0
S00002,2,late_night,14.7,0.55,69.2,0,78.0,59.6,16.8,83.1,7.29,100.0,60.1,0,0,0,0.1855,0
S00003,10,morning,11.8,0.578,100.0,3,84.9,70.3,9.2,74.1,7.01,100.0,57.2,0,2,1,0.4152,0
S00004,6,morning,10.8,0.562,47.8,2,37.5,16.8,15.0,46.8,4.14,100.0,36.9,0,0,3,0.0246,0
S00005,13,afternoon,4.6,0.073,55.0,1,33.4,48.5,13.0,35.9,5.16,100.0,38.6,0,0,1,0.0137,0
S00006,19,evening,10.7,0.666,61.1,1,54.4,74.6,14.5,58.5,5.71,100.0,58.1,1,0,3,0.1534,0
S00007,13,afternoon,13.2,0.849,68.1,1,57.6,42.3,10.5,48.0,7.81,100.0,63.9,1,0,0,0.2439,1
S00008,13,afternoon,7.5,0.685,68.3,0,71.0,55.9,15.5,60.8,5.84,100.0,77.2,0,0,3,0.1359,0
S00009,1,late_night,9.0,0.156,46.4,2,35.3,40.3,18.0,50.4,6.5,100.0,45.6,0,0,1,0.0168,0
S00010,15,afternoon,19.0,0.426,70.7,1,58.9,83.2,12.7,65.3,6.58,100.0,54.8,1,5,1,0.5612,0
S00011,10,morning,15.2,0.516,85.4,2,76.9,85.9,9.5,78.1,7.42,100.0,17.4,3,3,2,0.4066,0
S00012,2,late_night,17.2,0.591,85.9,0,47.9,53.2,6.3,49.9,7.02,100.0,77.4,1,1,2,0.1813,0
S00013,5,late_night,19.9,0.764,79.4,0,62.3,36.7,8.8,48.6,7.88,100.0,41.4,4,0,2,0.71,1
S00014,18,evening,13.4,0.366,74.6,0,77.0,78.4,8.4,60.3,6.76,100.0,65.0,3,1,4,0.3205,0
S00015,22,night,1.0,0.247,57.7,3,47.5,46.5,10.6,78.4,5.06,100.0,54.2,2,0,3,0.0458,0
S00016,12,afternoon,8.7,0.443,65.4,1,61.4,63.7,10.3,72.2,6.5,100.0,72.1,3,0,4,0.1435,0
S00017,23,night,12.2,0.37,48.5,0,62.2,56.1,15.8,41.3,4.77,100.0,36.1,4,0,2,0.2251,0
S00018,4,late_night,8.4,1.0,53.7,2,59.9,65.9,7.8,77.0,7.8,100.0,68.9,2,0,4,0.5556,1
S00019,7,morning,10.5,0.356,59.1,1,46.8,49.7,6.6,59.8,8.28,100.0,79.1,3,0,5,0.612,0
S00020,22,night,12.8,0.327,82.1,2,74.1,51.1,8.5,64.6,6.66,100.0,57.4,2,0,5,0.1017,0
S00021,4,late_night,15.8,0.221,58.2,3,54.2,54.3,20.1,65.1,6.35,100.0,37.8,3,2,5,0.4692,0
S00022,15,afternoon,13.4,0.86,74.6,0,81.5,85.7,11.7,77.8,8.93,100.0,40.3,0,0,4,0.4075,0
S00023,5,late_night,9.0,0.519,63.3,1,55.0,75.4,8.5,61.7,5.88,100.0,76.4,3,0,1,0.3249,0
S00024,7,morning,10.5,0.307,85.2,2,53.8,56.8,18.0,75.1,4.22,100.0,45.8,3,0,3,0.0172,0
S00025,11,morning,12.3,0.425,53.3,2,48.7,51.3,11.7,64.6,6.12,100.0,49.3,0,0,3,0.0527,0
S00026,8,morning,13.0,0.472,78.4,0,69.6,76.1,20.0,70.2,7.94,100.0,96.1,1,0,1,0.4232,1
S00027,20,evening,17.3,0.664,71.9,1,72.7,51.5,12.3,66.5,8.91,100.0,71.0,1,1,1,0.4206,0
S00028,23,night,10.0,1.0,74.3,2,66.9,80.8,13.4,59.7,5.97,100.0,74.7,1,0,6,0.3507,0
S00029,12,afternoon,13.8,0.725,77.1,1,75.8,66.6,14.5,51.8,8.07,100.0,82.2,4,1,4,0.7657,1
S00030,12,afternoon,20.2,0.853,88.0,0,92.3,85.2,13.7,93.6,9.12,100.0,44.5,2,1,2,0.763,0
S00031,1,late_night,9.2,0.356,78.6,1,44.6,40.7,11.1,72.8,5.66,100.0,75.6,3,0,3,0.2888,0
S00032,5,late_night,13.8,0.204,65.5,2,52.4,58.4,18.6,61.5,4.89,100.0,77.0,4,3,2,0.3445,0
S00033,0,late_night,10.2,0.575,89.7,2,45.8,43.2,11.1,59.8,5.02,100.0,43.4,0,0,8,0.0304,0
S00034,20,evening,17.0,0.778,75.6,0,74.9,65.5,9.3,58.1,7.75,100.0,70.0,5,0,3,0.7407,0
S00035,5,late_night,16.2,0.626,53.5,3,78.2,53.8,9.8,67.3,8.96,100.0,76.3,5,1,2,0.6891,1
S00036,8,morning,13.2,0.776,78.7,1,59.9,51.2,15.9,45.4,3.65,100.0,43.7,1,1,9,0.0519,0
S00037,20,evening,6.9,0.428,69.2,1,60.1,39.4,12.4,49.8,6.09,100.0,63.7,0,0,2,0.1358,1
S00038,17,afternoon,7.0,0.581,63.9,2,31.4,51.5,20.3,64.7,5.02,100.0,40.5,3,1,2,0.0642,0
S00039,14,afternoon,18.8,0.707,71.3,2,61.8,63.9,16.0,60.8,6.74,100.0,97.8,4,1,2,0.6107,0
S00040,0,late_night,16.8,0.626,44.2,1,63.7,36.6,10.7,69.3,7.73,100.0,61.9,1,0,0,0.2493,0
S00041,13,afternoon,9.5,0.44,45.1,0,69.0,60.6,7.0,76.4,9.02,100.0,66.8,1,1,3,0.4998,0
S00042,13,afternoon,10.7,0.421,89.4,0,57.5,31.2,17.3,69.2,5.05,100.0,26.6,1,0,5,0.0853,0
S00043,7,morning,3.2,0.753,63.1,3,62.8,48.7,3.2,44.8,6.66,100.0,62.3,2,0,2,0.2824,0
S00044,17,afternoon,10.1,0.466,85.4,1,48.3,71.7,14.7,57.6,5.05,100.0,74.0,2,0,4,0.2358,0
S00045,22,night,16.5,0.671,47.7,4,66.7,40.8,8.3,55.5,7.18,100.0,42.9,3,0,4,0.113,0
S00046,6,morning,14.1,0.464,61.3,1,71.7,73.7,15.3,61.1,6.77,100.0,52.4,1,2,4,0.4613,0
S00047,7,morning,13.1,0.74,82.0,1,48.0,55.0,6.0,59.9,8.32,100.0,45.7,2,0,5,0.5703,0
S00048,7,morning,2.0,0.714,73.9,0,65.2,59.1,8.0,46.1,7.61,100.0,41.8,1,1,1,0.3439,1
S00049,20,evening,10.6,0.32,78.6,2,64.6,47.2,13.6,58.3,6.29,100.0,36.0,2,1,2,0.0548,0
S00050,1,late_night,14.2,0.549,72.1,1,80.0,65.9,13.8,65.6,6.54,100.0,72.2,4,0,5,0.6248,1
S00051,21,evening,15.8,0.831,71.9,1,56.7,72.0,8.2,56.4,7.56,100.0,39.8,2,0,2,0.3205,1
S00052,18,evening,11.5,0.08,48.1,0,50.4,16.9,13.6,40.2,5.59,71.6,19.5,0,0,2,0.0226,0
S00053,11,morning,10.2,0.288,49.5,1,45.4,67.3,16.4,58.7,4.98,100.0,45.1,1,0,2,0.0515,0
S00054,14,afternoon,9.9,0.466,87.3,2,41.6,37.2,17.0,58.3,5.83,100.0,52.9,1,1,4,0.1343,1
S00055,21,evening,4.8,0.881,88.4,2,40.2,53.7,11.9,35.4,5.79,100.0,59.9,0,0,3,0.0922,0
S00056,18,evening,10.4,0.374,52.2,3,62.7,40.0,10.1,67.4,6.41,100.0,40.0,1,0,8,0.0669,0
S00057,6,morning,11.4,0.873,65.4,0,79.2,73.4,3.5,87.1,9.45,100.0,55.1,2,0,6,0.8337,0
S00058,1,late_night,2.0,0.472,57.9,0,46.5,30.5,14.7,43.6,4.12,100.0,57.9,0,0,7,0.0352,0
S00059,15,afternoon,10.6,0.577,82.9,0,76.2,65.2,13.3,92.8,8.52,100.0,74.4,1,1,2,0.3122,1
S00060,3,late_night,13.0,0.33,53.8,0,40.2,32.0,16.0,49.0,5.01,100.0,63.6,1,0,4,0.0671,0
S00061,2,late_night,9.9,0.41,74.8,0,57.1,39.5,9.0,62.1,5.63,100.0,60.2,0,0,2,0.052,0
S00062,23,night,13.4,0.503,70.6,1,58.9,64.1,18.8,72.0,7.49,100.0,31.1,1,1,6,0.3421,1
S00063,11,morning,11.7,0.306,73.0,1,56.8,71.6,2.4,56.1,6.76,100.0,45.4,1,2,5,0.3997,0
S00064,15,afternoon,7.0,0.652,100.0,0,85.4,100.0,14.1,65.6,5.47,100.0,78.1,4,0,2,0.6654,1
S00065,5,late_night,18.1,0.849,68.5,2,83.5,80.3,11.3,78.1,3.94,100.0,86.3,4,0,3,0.5439,0
S00066,2,late_night,2.3,0.509,91.8,1,71.7,67.2,14.6,48.6,4.9,100.0,51.6,2,1,4,0.2338,0
S00067,1,late_night,8.4,0.699,88.0,2,49.1,30.3,9.8,52.7,5.45,100.0,49.6,0,0,1,0.0645,0
S00068,8,morning,14.4,0.795,84.4,2,63.5,46.5,9.7,78.7,7.62,100.0,45.1,1,0,6,0.45,0
S00069,0,late_night,12.3,0.509,39.6,1,53.6,51.8,13.6,63.6,6.89,100.0,75.2,1,1,2,0.1772,1
S00070,10,morning,5.3,0.233,60.3,1,55.4,61.6,14.2,48.2,4.84,100.0,31.5,0,0,5,0.0243,0
S00071,7,morning,1.2,0.283,53.2,4,46.4,71.8,7.1,50.3,3.84,100.0,77.6,2,0,8,0.1024,1
S00072,12,afternoon,6.0,0.118,62.9,2,43.5,36.9,20.7,49.8,5.11,100.0,48.3,2,0,5,0.0165,0
S00073,14,afternoon,10.5,0.571,58.0,0,69.6,57.9,13.6,77.7,6.83,100.0,45.1,1,1,4,0.1833,1
S00074,7,morning,9.3,0.601,82.5,0,54.3,66.5,11.9,88.6,8.39,100.0,29.1,0,0,2,0.0951,0
S00075,10,morning,18.0,0.997,90.3,2,54.7,65.3,11.0,73.1,7.82,100.0,55.1,2,1,4,0.7203,1
S00076,1,late_night,5.9,0.592,84.1,2,56.2,50.0,19.6,72.7,4.37,100.0,50.5,0,0,3,0.0892,0
S00077,7,morning,13.7,0.401,65.5,1,56.7,67.8,8.7,58.5,6.36,100.0,51.2,3,0,1,0.3007,0
S00078,23,night,14.5,0.356,59.1,1,67.4,99.3,6.9,60.7,7.88,100.0,58.8,3,2,3,0.6829,0
S00079,23,night,14.9,0.462,72.8,0,29.4,69.3,16.0,49.1,6.18,100.0,73.9,2,0,1,0.1715,0
S00080,11,morning,12.8,0.781,100.0,2,56.6,86.8,12.9,56.0,5.38,100.0,67.0,4,2,2,0.5413,1
S00081,22,night,13.2,0.407,65.7,2,51.6,26.6,9.3,51.2,6.59,100.0,54.0,0,0,1,0.0513,1
S00082,12,afternoon,10.2,0.604,73.9,1,40.5,65.8,17.1,68.6,6.46,100.0,69.9,2,0,1,0.2816,0
S00083,3,late_night,12.6,0.457,63.4,1,40.6,41.3,13.9,69.8,5.92,100.0,39.0,0,0,4,0.0353,0
S00084,20,evening,2.4,0.514,52.9,1,46.0,61.4,10.8,42.7,4.38,100.0,58.5,0,0,2,0.0668,0
S00085,9,morning,2.9,0.304,83.8,1,72.9,81.1,13.0,63.5,8.05,100.0,68.3,1,1,3,0.5749,1
S00086,14,afternoon,12.1,0.8,64.7,1,45.5,58.7,14.3,56.8,4.17,100.0,74.7,0,1,5,0.2378,1
S00087,15,afternoon,13.8,0.329,76.2,1,57.5,49.3,11.6,64.9,4.96,100.0,34.5,2,1,1,0.0399,0
S00088,7,morning,15.3,0.781,81.5,1,63.4,58.9,12.6,74.3,6.29,100.0,44.9,1,2,4,0.4946,1
S00089,17,afternoon,11.2,0.563,78.8,2,49.7,59.4,13.6,62.1,7.29,100.0,45.5,3,0,4,0.2983,0
S00090,12,afternoon,20.0,0.627,83.7,2,79.8,76.5,14.3,66.9,5.87,100.0,66.2,0,1,5,0.5197,0
S00091,8,morning,9.9,0.487,56.4,2,57.0,61.5,12.6,77.2,5.85,100.0,57.8,0,1,2,0.1113,0
S00092,7,morning,12.4,0.538,52.9,1,53.2,69.1,11.8,54.0,5.69,100.0,61.0,2,1,2,0.3458,0
S00093,17,afternoon,14.1,0.63,68.7,1,62.8,76.2,13.1,54.2,6.76,100.0,22.9,2,1,2,0.4533,0
S00094,5,late_night,13.8,0.509,56.2,2,24.2,24.2,20.1,42.4,4.37,100.0,67.0,0,0,4,0.0375,0
S00095,2,late_night,6.4,0.615,50.6,4,51.8,43.4,17.4,47.0,4.64,100.0,49.8,1,0,3,0.0204,0
S00096,21,evening,5.4,0.418,63.0,1,54.6,45.0,13.3,29.0,4.34,100.0,55.4,0,0,1,0.0341,0
S00097,7,morning,3.0,0.743,75.6,1,49.4,42.9,14.2,45.7,6.49,100.0,54.6,1,0,1,0.0616,0
S00098,15,afternoon,19.4,0.629,91.0,0,69.4,74.9,17.9,71.4,7.6,100.0,48.0,4,0,2,0.42,1
S00099,17,afternoon,11.0,0.63,83.9,1,45.9,51.2,16.8,76.1,6.13,100.0,57.3,1,0,3,0.1995,1
S00100,20,evening,12.7,0.579,47.3,0,64.1,45.8,13.4,51.5,5.31,100.0,53.9,0,1,2,0.1119,0
S00101,15,afternoon,28.4,0.635,62.9,0,67.4,74.5,14.0,85.5,7.42,100.0,63.7,5,0,4,0.7151,1
S00102,16,afternoon,12.2,0.533,62.8,1,55.4,48.8,10.5,60.2,6.58,100.0,60.3,2,0,2,0.3365,0
S00103,20,evening,9.0,0.761,77.1,2,69.1,59.6,11.8,84.0,6.72,100.0,57.9,1,1,0,0.4583,0
S00104,22,night,8.4,0.404,59.0,4,48.4,43.9,21.4,44.3,4.55,100.0,29.0,0,0,3,0.0087,0
S00105,1,late_night,7.5,0.602,60.1,2,68.2,39.6,15.0,73.0,6.56,100.0,51.0,1,1,1,0.1313,0
S00106,17,afternoon,7.6,0.581,57.8,2,70.5,50.4,20.4,68.4,4.15,100.0,73.7,2,0,4,0.0665,0
S00107,4,late_night,9.4,0.494,74.5,3,54.8,70.1,12.3,75.6,5.92,100.0,44.7,2,0,3,0.1015,0
S00108,21,evening,12.2,0.087,56.8,1,74.8,70.4,8.4,88.4,8.32,77.6,61.5,2,1,3,0.5674,0
S00109,1,late_night,1.2,0.627,91.3,1,31.2,45.2,20.1,45.3,4.75,100.0,57.2,2,0,2,0.0825,0
S00110,5,late_night,19.7,0.556,73.8,0,75.5,65.9,3.8,73.8,5.93,100.0,89.4,0,1,3,0.1549,0
S00111,4,late_night,13.9,0.421,87.7,0,57.7,49.1,12.2,59.6,7.23,100.0,52.6,3,1,3,0.5315,0
S00112,14,afternoon,9.3,0.236,56.5,2,84.3,73.8,17.3,28.8,5.25,100.0,33.0,0,1,2,0.0435,0
S00113,0,late_night,10.7,0.266,67.0,1,25.9,8.7,17.1,49.2,5.75,100.0,56.4,1,0,2,0.0334,0
S00114,0,late_night,14.1,0.448,72.1,2,82.3,59.1,3.4,60.9,7.09,100.0,43.2,3,1,2,0.3447,0
S00115,12,afternoon,11.5,0.323,78.6,0,63.6,41.4,7.7,67.7,5.57,100.0,56.3,3,1,4,0.263,0
S00116,23,night,15.4,0.448,68.9,4,51.6,80.2,11.1,74.9,6.01,100.0,65.5,0,0,2,0.0742,0
S00117,12,afternoon,12.6,0.659,93.4,1,83.5,60.9,13.9,49.5,5.67,100.0,47.9,1,0,3,0.1868,0
S00118,10,morning,19.5,1.0,60.4,1,69.9,100.0,10.9,100.0,10.0,100.0,60.5,5,0,4,0.9541,1
S00119,15,afternoon,14.3,0.678,82.3,3,54.0,55.1,12.5,64.0,3.95,100.0,65.9,2,0,3,0.0824,0
S00120,13,afternoon,9.6,0.621,63.6,3,34.8,34.5,17.0,35.3,3.61,100.0,65.2,0,1,2,0.0243,0
S00121,9,morning,11.7,0.501,56.2,1,60.7,40.0,13.4,50.2,7.8,100.0,56.7,1,0,2,0.1064,0
S00122,14,afternoon,18.8,0.604,100.0,1,62.1,74.4,11.0,38.3,7.63,100.0,58.8,0,1,2,0.5717,0
S00123,0,late_night,14.2,0.839,100.0,2,84.6,67.0,11.4,86.1,8.36,100.0,46.3,4,0,4,0.4774,1
S00124,5,late_night,16.1,0.543,45.6,2,94.4,64.7,7.7,64.9,5.43,100.0,61.8,4,0,1,0.1756,0
S00125,16,afternoon,14.7,0.518,75.5,0,59.2,77.7,13.8,55.8,7.43,100.0,51.3,2,1,3,0.4966,1
S00126,8,morning,14.0,0.94,92.3,0,50.0,91.1,5.7,70.4,7.13,100.0,65.0,1,0,4,0.5074,0
S00127,1,late_night,5.2,0.59,67.1,0,52.2,34.0,16.3,45.3,5.09,100.0,69.1,3,0,0,0.2269,0
S00128,2,late_night,8.7,0.468,87.6,2,46.8,43.6,15.1,61.9,6.2,100.0,34.3,0,1,2,0.0312,0
S00129,20,evening,7.3,0.172,82.2,1,67.1,24.0,12.7,32.1,5.99,100.0,67.1,1,0,2,0.049,0
S00130,7,morning,5.0,0.432,70.9,4,55.0,27.9,15.3,44.9,5.42,100.0,55.6,1,1,2,0.0826,0
S00131,0,late_night,5.3,0.055,93.1,3,35.9,47.9,20.9,52.4,6.27,90.8,46.3,0,0,5,0.014,0
S00132,17,afternoon,15.0,0.66,89.1,1,57.5,77.4,6.6,61.9,8.01,100.0,45.8,2,1,3,0.3974,0
S00133,12,afternoon,16.4,0.568,63.0,2,63.6,59.2,16.3,66.5,5.3,100.0,57.9,1,0,4,0.1209,0
S00134,10,morning,9.8,0.275,49.9,1,39.6,39.7,19.3,39.9,4.4,100.0,78.7,0,0,2,0.019,0
S00135,21,evening,1.0,0.446,80.5,0,62.5,35.3,13.2,69.7,4.62,100.0,10.7,1,0,5,0.0487,0
S00136,7,morning,15.5,0.68,60.6,0,61.7,80.0,14.6,68.0,6.78,100.0,27.5,2,1,1,0.3193,0
S00137,13,afternoon,12.3,0.727,70.6,0,84.2,48.3,9.3,85.9,8.05,100.0,57.4,2,0,3,0.4615,1
S00138,17,afternoon,19.8,0.609,82.4,0,70.2,80.3,13.0,90.2,6.85,100.0,71.9,2,1,8,0.8471,1
S00139,14,afternoon,20.7,0.936,98.6,0,77.6,100.0,1.0,100.0,7.72,100.0,86.6,3,1,4,0.8973,1
S00140,4,late_night,12.5,0.694,70.4,1,73.3,63.8,17.0,57.5,6.12,100.0,64.3,3,1,1,0.3798,0
S00141,16,afternoon,8.6,0.717,42.3,0,43.5,44.1,9.5,65.1,6.76,100.0,24.5,3,1,5,0.2254,1
S00142,17,afternoon,5.5,0.176,70.4,2,31.8,21.9,16.6,41.1,4.39,100.0,51.4,0,0,1,0.0046,0
S00143,2,late_night,18.2,0.7,66.1,2,53.1,68.2,8.2,53.5,8.37,100.0,54.0,2,2,1,0.616,1
S00144,3,late_night,9.5,0.604,93.8,2,39.4,32.0,19.6,27.7,5.45,100.0,63.4,1,2,3,0.0489,0
S00145,16,afternoon,15.1,0.448,71.2,0,61.4,50.5,11.9,59.1,5.2,100.0,41.8,1,0,5,0.0477,0
S00146,2,late_night,13.9,0.688,84.1,4,52.5,54.6,11.1,73.4,4.15,100.0,28.3,2,1,4,0.0993,0
S00147,21,evening,14.2,0.769,78.3,0,47.7,52.0,16.8,49.6,5.52,100.0,47.4,1,1,6,0.1323,0
S00148,2,late_night,8.1,0.986,98.3,1,80.7,73.0,12.8,62.4,7.05,100.0,68.8,2,1,5,0.8578,1
S00149,23,night,16.9,0.665,79.8,2,73.6,62.8,10.4,59.9,4.25,100.0,61.7,2,1,4,0.0941,0
S00150,16,afternoon,9.7,0.998,72.3,1,57.0,34.6,8.4,73.5,5.48,100.0,54.3,1,0,4,0.3154,0
S00151,10,morning,11.8,0.272,78.1,0,57.6,23.5,9.6,28.6,4.51,100.0,39.6,0,0,4,0.0426,0
S00152,6,morning,3.1,0.724,93.9,2,29.9,36.2,20.4,35.8,4.68,100.0,43.0,1,0,2,0.0122,0
S00153,8,morning,5.8,0.631,62.1,0,59.9,43.9,14.6,44.6,5.92,100.0,74.3,2,2,3,0.3288,0
S00154,17,afternoon,19.7,0.81,81.5,1,61.0,50.7,12.8,68.2,6.76,100.0,93.0,1,1,2,0.1857,0
S00155,18,evening,13.5,0.751,84.1,0,73.3,89.6,10.4,79.7,6.82,100.0,72.0,3,1,1,0.6356,1
S00156,5,late_night,17.0,0.738,78.6,1,82.1,48.0,3.9,59.3,5.51,100.0,71.2,2,1,5,0.2609,0
S00157,13,afternoon,15.4,0.983,78.5,0,74.1,42.8,8.7,70.6,8.51,100.0,50.0,2,2,5,0.4441,1
S00158,23,night,8.8,0.258,33.6,1,48.1,70.9,11.8,65.9,5.69,100.0,72.3,0,2,0,0.0922,0
S00159,6,morning,8.3,0.34,57.5,3,46.0,55.9,18.3,62.4,6.04,100.0,42.7,0,0,4,0.0339,0
S00160,16,afternoon,3.9,0.0,77.3,2,39.7,58.9,8.1,63.7,5.3,47.5,30.2,0,0,3,0.0198,0
S00161,4,late_night,9.8,0.406,52.7,3,39.7,34.4,17.7,60.9,5.89,100.0,67.9,0,0,2,0.0174,0
S00162,20,evening,14.1,0.706,100.0,0,81.0,86.9,14.9,100.0,9.37,100.0,69.1,2,1,3,0.818,1
S00163,4,late_night,8.0,0.383,66.2,1,46.3,31.3,6.8,41.8,5.04,100.0,71.0,2,1,1,0.0911,0
S00164,7,morning,18.2,1.0,73.8,1,62.0,69.0,10.4,75.9,6.76,100.0,72.4,1,2,1,0.6706,0
S00165,11,morning,10.3,0.758,76.4,1,61.7,41.2,15.8,80.3,4.83,100.0,30.2,2,0,2,0.241,0
S00166,8,morning,8.9,0.402,87.7,0,63.5,58.1,13.6,50.2,7.45,100.0,63.4,3,1,2,0.6532,1
S00167,4,late_night,16.6,0.719,79.4,1,55.3,69.4,2.6,59.8,7.5,100.0,43.9,3,0,3,0.282,0
S00168,15,afternoon,11.5,0.686,84.0,0,46.3,52.7,13.7,47.8,5.92,100.0,73.0,1,1,1,0.1783,0
S00169,0,late_night,9.7,0.476,72.7,0,46.7,78.1,11.2,65.0,7.61,100.0,56.0,2,0,4,0.4257,0
S00170,23,night,13.0,0.487,40.1,1,62.4,49.9,12.2,72.1,7.53,100.0,41.2,1,1,2,0.2833,1
S00171,1,late_night,12.7,0.672,67.9,1,67.9,33.7,19.4,73.4,6.11,100.0,27.2,2,0,0,0.2568,0
S00172,8,morning,6.0,0.212,39.3,1,61.4,29.9,12.0,54.4,7.19,100.0,69.8,3,0,7,0.085,0
S00173,22,night,15.7,0.16,70.1,4,55.5,66.0,16.3,55.1,5.13,100.0,42.5,1,0,5,0.0575,0
S00174,3,late_night,8.1,0.393,73.2,4,41.3,35.8,14.1,44.5,5.48,100.0,43.4,0,0,6,0.0122,0
S00175,1,late_night,12.2,0.596,85.5,0,76.8,63.3,12.6,66.2,6.56,100.0,63.3,1,2,5,0.413,1
S00176,17,afternoon,15.1,0.645,90.0,0,72.7,80.2,11.1,86.8,9.46,100.0,51.2,1,1,2,0.806,1
S00177,1,late_night,17.2,0.415,85.8,1,51.0,77.2,15.3,84.8,7.02,100.0,33.2,5,3,2,0.4883,1
S00178,21,evening,9.5,0.514,45.4,2,62.3,33.5,9.1,66.1,6.02,100.0,57.2,1,0,2,0.0607,0
S00179,10,morning,6.7,0.77,70.7,0,64.9,78.0,12.0,67.8,6.4,100.0,42.7,3,1,1,0.7122,1
S00180,20,evening,13.2,0.731,59.2,0,77.1,91.4,10.1,100.0,6.74,100.0,61.7,2,0,3,0.7797,1
S00181,5,late_night,18.0,0.907,66.4,3,72.8,61.1,5.0,40.9,6.17,100.0,43.3,3,0,4,0.3232,0
S00182,3,late_night,14.1,0.349,91.0,0,56.1,57.2,9.0,56.4,7.27,100.0,32.1,1,1,1,0.0545,0
S00183,23,night,14.3,0.755,95.2,1,76.4,69.0,13.4,65.3,8.8,100.0,37.0,4,0,6,0.4641,1
S00184,18,evening,18.8,0.543,83.4,1,78.7,43.8,9.3,63.9,6.33,100.0,59.1,0,2,1,0.2154,0
S00185,21,evening,19.6,0.898,79.6,0,81.1,86.5,19.4,86.1,7.09,100.0,80.7,6,1,5,0.9365,0
S00186,7,morning,11.5,0.421,56.6,2,67.1,63.5,15.5,75.8,7.65,100.0,70.8,3,2,3,0.5328,1
S00187,9,morning,7.7,0.752,63.0,1,31.1,44.1,16.3,42.3,5.58,100.0,48.0,0,0,1,0.0283,0
S00188,13,afternoon,9.2,0.007,75.7,1,80.8,44.6,20.8,55.0,3.02,55.7,68.2,0,0,2,0.013,0
S00189,10,morning,13.6,1.0,89.4,0,63.9,73.9,11.8,69.4,10.0,100.0,56.9,2,1,5,0.931,1
S00190,5,late_night,17.2,0.827,60.0,0,75.3,100.0,9.3,65.6,8.41,100.0,77.6,4,3,4,0.9514,1
S00191,9,morning,12.7,0.634,70.1,1,52.2,55.6,6.7,60.9,8.0,100.0,46.5,1,0,3,0.1412,0
S00192,14,afternoon,4.1,0.759,38.2,2,76.5,59.1,15.4,55.2,6.25,100.0,41.8,2,1,3,0.2216,0
S00193,0,late_night,15.6,0.941,93.8,1,71.5,75.2,14.7,96.0,7.07,100.0,75.9,4,1,5,0.8582,1
S00194,8,morning,7.5,0.238,50.7,2,51.1,55.1,11.8,75.4,5.48,100.0,54.8,1,1,2,0.0492,0
S00195,7,morning,13.4,0.536,44.5,4,43.6,46.7,6.5,44.9,4.05,100.0,59.1,0,1,4,0.0464,0
S00196,1,late_night,6.6,1.0,87.4,0,57.3,66.0,6.4,47.3,7.08,100.0,36.5,2,0,3,0.4093,0
S00197,2,late_night,9.3,0.313,75.2,1,61.0,67.0,19.8,41.3,4.98,100.0,68.1,1,0,1,0.0361,0
S00198,11,morning,10.1,0.973,73.4,0,52.7,37.3,12.3,51.9,6.29,100.0,65.1,1,1,0,0.2133,0
S00199,2,late_night,15.3,0.603,100.0,1,60.1,52.4,18.2,62.7,6.57,100.0,48.0,1,0,4,0.2601,0
S00200,8,morning,12.8,0.514,82.2,1,70.3,55.4,11.4,62.6,7.17,100.0,65.8,2,1,4,0.3259,0
S00201,13,afternoon,23.4,0.582,71.6,0,96.0,82.2,7.2,62.4,6.59,100.0,79.9,3,1,2,0.8714,1
S00202,20,evening,14.9,0.519,78.5,3,48.5,63.1,20.4,84.4,5.95,100.0,44.5,3,0,2,0.053,0
S00203,2,late_night,12.3,0.256,70.9,0,66.2,66.9,9.2,77.0,5.23,100.0,47.9,0,3,5,0.3655,0
S00204,10,morning,6.8,0.159,72.6,0,34.3,20.7,15.1,60.6,4.87,100.0,38.4,0,0,3,0.019,0
S00205,2,late_night,10.4,0.49,73.8,1,59.4,57.0,13.9,39.9,6.65,100.0,21.4,2,0,2,0.071,0
S00206,10,morning,12.9,0.209,69.0,1,75.6,50.1,12.5,68.0,4.4,100.0,54.9,0,1,2,0.0407,0
S00207,11,morning,3.0,0.517,38.6,3,43.6,38.8,17.6,46.8,6.57,100.0,61.3,1,0,2,0.0154,0
S00208,19,evening,6.1,0.375,63.9,0,24.3,59.0,15.5,47.6,6.0,100.0,58.3,0,0,4,0.0971,0
S00209,10,morning,12.8,0.373,66.5,1,54.0,60.7,14.6,58.6,6.03,100.0,60.2,0,0,4,0.0825,0
S00210,22,night,19.7,0.622,62.0,1,69.8,71.1,7.7,63.7,7.03,100.0,75.8,3,1,2,0.6172,1
S00211,3,late_night,1.0,0.422,56.1,2,41.7,11.3,8.0,45.7,4.4,100.0,45.5,1,0,4,0.0288,0
S00212,1,late_night,17.6,0.569,76.8,0,53.2,55.8,8.6,73.7,5.74,100.0,31.6,2,0,3,0.1436,0
S00213,0,late_night,10.0,0.337,66.1,1,41.0,58.8,10.0,33.1,7.14,100.0,54.0,0,0,4,0.062,0
S00214,8,morning,3.5,0.526,46.2,2,77.7,50.1,13.8,76.4,6.41,100.0,72.6,1,0,6,0.0834,0
S00215,4,late_night,3.0,0.69,73.9,1,75.2,75.7,6.7,77.7,6.55,100.0,66.4,0,2,3,0.3135,0
S00216,2,late_night,7.5,0.403,67.3,0,64.5,62.8,5.1,66.6,8.39,100.0,52.6,2,1,4,0.537,1
S00217,5,late_night,15.9,0.693,83.6,1,97.3,79.5,4.7,87.9,7.88,100.0,74.8,0,0,4,0.5438,1
S00218,23,night,11.3,0.643,70.0,1,49.5,72.6,13.9,64.7,5.41,100.0,59.9,1,0,4,0.0548,0
S00219,19,evening,12.4,0.56,58.3,1,57.7,57.7,16.1,48.6,7.71,100.0,47.6,0,0,4,0.336,0
S00220,0,late_night,9.1,0.47,61.4,3,44.8,39.3,10.4,50.3,5.16,100.0,55.4,3,0,3,0.1047,1
S00221,21,evening,8.3,0.722,72.9,1,70.4,41.5,9.9,82.7,5.94,100.0,51.7,0,2,1,0.1445,0
S00222,4,late_night,10.9,0.38,85.9,3,50.8,65.8,14.1,46.2,6.69,100.0,65.3,1,1,4,0.1445,0
S00223,9,morning,8.9,0.198,65.5,1,51.7,56.8,14.8,47.7,5.63,100.0,35.0,0,0,4,0.0312,0
S00224,7,morning,13.2,0.513,92.1,0,80.6,39.3,16.6,46.1,5.85,100.0,60.5,1,1,0,0.2572,0
S00225,9,morning,9.5,0.884,88.8,2,63.7,58.7,10.9,70.4,4.54,100.0,69.4,3,0,3,0.3337,0
S00226,18,evening,23.2,0.96,100.0,0,68.3,100.0,3.6,88.5,9.3,100.0,73.7,6,0,3,0.9567,1
S00227,17,afternoon,15.1,0.776,100.0,0,82.9,81.1,12.6,67.7,7.52,100.0,70.0,0,0,3,0.7092,1
S00228,14,afternoon,6.0,0.731,86.6,1,54.6,76.4,12.5,42.2,5.2,100.0,50.9,0,0,3,0.154,0
S00229,15,afternoon,9.0,0.45,50.4,1,65.6,44.1,9.4,59.4,5.37,100.0,61.3,0,0,2,0.0584,0
S00230,17,afternoon,11.9,0.777,68.0,3,57.2,29.7,18.5,49.3,3.81,100.0,40.8,0,0,2,0.0313,0
S00231,4,late_night,9.7,0.359,83.5,1,68.2,41.3,19.0,32.3,5.58,100.0,49.5,0,1,1,0.1183,0
S00232,9,morning,10.2,0.395,93.5,2,62.5,47.1,12.1,57.0,6.22,100.0,43.4,0,0,4,0.161,0
S00233,2,late_night,19.3,0.698,68.1,1,67.9,54.6,5.6,77.2,6.99,100.0,58.2,5,0,2,0.6215,1
S00234,16,afternoon,18.4,0.391,74.0,0,40.1,45.1,19.6,68.5,6.66,100.0,20.6,0,2,3,0.1512,0
S00235,10,morning,10.9,0.29,65.9,1,46.8,50.6,14.8,64.9,4.79,100.0,51.5,2,2,4,0.0882,0
S00236,15,afternoon,10.5,0.748,80.5,0,39.0,19.3,17.2,32.9,3.89,100.0,51.4,1,0,1,0.0073,0
S00237,13,afternoon,15.7,0.589,47.9,0,44.6,50.0,10.7,72.2,6.28,100.0,53.0,3,2,3,0.4291,0
S00238,6,morning,6.4,0.483,50.0,1,38.0,60.5,18.6,46.5,3.64,100.0,62.4,0,0,3,0.0366,0
S00239,3,late_night,10.5,0.378,38.6,2,59.3,62.2,8.6,18.7,4.8,100.0,71.9,0,0,6,0.0664,0
S00240,23,night,4.2,0.303,65.2,0,43.0,42.6,8.9,69.6,5.5,100.0,49.5,0,0,2,0.0201,0
S00241,7,morning,10.9,0.741,100.0,2,62.6,61.8,19.8,66.5,6.32,100.0,39.5,4,0,4,0.3844,0
S00242,2,late_night,4.2,0.0,55.3,2,30.8,13.8,12.1,44.9,3.78,68.5,60.8,0,0,1,0.0055,0
S00243,7,morning,6.0,0.101,59.8,4,45.3,40.7,18.8,46.0,4.86,100.0,59.5,1,0,4,0.0105,0
S00244,21,evening,15.4,0.82,95.3,0,77.8,87.1,13.3,89.1,9.11,100.0,74.5,4,5,2,0.9649,1
S00245,6,morning,7.0,0.627,58.0,0,25.5,35.5,15.4,47.9,5.67,100.0,39.4,1,1,2,0.0443,0
S00246,23,night,10.8,0.311,66.7,1,56.4,43.0,10.7,46.5,5.96,100.0,54.1,2,0,2,0.0568,0
S00247,11,morning,17.0,0.909,90.6,0,75.1,82.2,10.8,74.4,9.73,100.0,61.3,2,1,3,0.8636,1
S00248,20,evening,13.3,0.991,80.6,0,92.4,82.9,11.8,94.9,9.8,100.0,61.4,0,0,4,0.8813,1
S00249,15,afternoon,5.5,0.634,59.2,2,39.0,61.8,15.7,38.5,3.82,100.0,53.4,0,0,1,0.0109,0
S00250,1,late_night,4.8,0.178,78.2,2,61.0,64.3,9.8,44.2,5.8,100.0,38.2,0,0,7,0.078,0
S00251,12,afternoon,14.0,0.748,86.7,1,67.4,58.1,12.5,69.0,5.61,100.0,68.4,1,1,2,0.1208,0
S00252,10,morning,19.2,0.77,100.0,0,86.2,61.1,3.0,92.8,9.25,100.0,69.6,2,0,2,0.6386,1
S00253,4,late_night,10.1,0.587,67.1,3,42.7,14.7,10.1,41.6,6.79,100.0,47.4,0,0,6,0.0626,0
S00254,13,afternoon,8.1,0.349,73.4,3,56.6,78.6,11.5,51.8,6.22,100.0,52.9,1,1,2,0.1203,0
S00255,2,late_night,15.3,0.671,87.5,0,73.5,66.8,10.7,50.2,8.52,100.0,43.6,1,1,1,0.1974,0
S00256,16,afternoon,11.4,0.595,64.6,3,80.7,73.2,6.3,51.0,8.07,100.0,42.4,1,1,5,0.2916,0
S00257,19,evening,6.3,0.293,57.5,4,58.6,41.3,13.8,42.5,6.39,100.0,78.7,1,1,5,0.2461,1
S00258,2,late_night,14.6,0.274,67.1,2,48.4,52.4,14.4,72.2,6.88,100.0,51.9,2,0,3,0.2138,0
S00259,11,morning,11.1,0.228,39.9,2,46.2,35.7,13.9,26.0,5.94,100.0,25.4,0,0,2,0.0744,0
S00260,15,afternoon,15.1,0.54,74.2,1,55.5,57.6,3.8,64.9,4.84,100.0,67.3,0,1,5,0.1511,0
S00261,1,late_night,8.8,0.359,83.6,2,36.8,55.3,13.0,55.9,6.45,100.0,38.0,2,0,0,0.054,1
S00262,9,morning,17.4,0.519,61.2,0,44.3,50.2,18.8,71.8,7.31,100.0,65.0,0,3,6,0.4401,1
S00263,6,morning,8.4,0.09,72.1,1,52.7,39.0,14.9,69.9,4.45,100.0,73.8,0,0,4,0.0423,0
S00264,0,late_night,16.0,0.547,64.3,1,65.8,63.6,11.1,66.8,8.93,100.0,54.6,3,1,2,0.4984,1
S00265,19,evening,13.0,0.907,62.9,0,69.2,51.1,8.5,86.7,8.71,100.0,78.4,1,1,2,0.728,1
S00266,10,morning,11.6,0.714,100.0,1,70.7,50.3,14.0,82.3,7.77,100.0,66.9,2,0,3,0.4157,1
S00267,18,evening,3.4,0.585,57.8,0,54.9,61.1,12.1,82.0,7.3,100.0,80.7,2,1,0,0.2349,0
S00268,14,afternoon,11.0,0.607,51.2,1,46.8,63.5,14.7,54.5,5.61,100.0,64.0,1,2,4,0.4369,0
S00269,21,evening,12.4,0.384,73.2,0,51.7,76.0,7.6,38.4,5.23,100.0,47.1,3,1,2,0.2757,0
S00270,23,night,8.2,0.767,68.3,4,45.2,42.2,13.9,52.6,5.61,100.0,19.4,2,0,0,0.0972,0
S00271,14,afternoon,20.0,1.0,82.5,2,63.2,62.9,9.5,67.6,7.54,100.0,45.0,3,2,2,0.708,1
S00272,8,morning,7.1,0.568,99.2,1,50.9,34.2,13.7,37.5,6.94,100.0,46.9,3,0,3,0.3169,1
S00273,10,morning,16.0,1.0,75.1,0,63.7,91.3,1.0,85.8,10.0,100.0,82.4,2,1,0,0.9006,1
S00274,19,evening,13.1,0.65,73.9,0,53.2,69.1,7.3,48.4,7.92,100.0,82.7,3,1,3,0.6,1
S00275,10,morning,10.9,0.358,97.2,0,65.9,59.7,13.4,84.8,6.56,100.0,40.9,0,1,4,0.3538,0
S00276,12,afternoon,13.8,0.294,78.0,1,39.6,53.0,16.3,59.3,5.67,100.0,68.8,4,1,5,0.3433,0
S00277,4,late_night,14.6,0.339,73.1,1,26.6,48.6,14.1,39.9,4.12,100.0,36.7,0,0,4,0.0725,0
S00278,23,night,12.8,1.0,70.7,1,80.5,57.2,1.0,76.6,9.31,100.0,49.6,2,0,3,0.5547,1
S00279,15,afternoon,9.9,0.533,89.0,1,78.6,71.3,14.0,67.9,6.54,100.0,35.8,2,0,4,0.2791,0
S00280,7,morning,8.8,0.45,85.9,1,64.8,64.3,17.4,73.1,7.28,100.0,62.9,2,0,2,0.2923,0
S00281,14,afternoon,12.0,0.109,58.9,2,41.7,48.8,12.1,43.6,5.4,95.0,35.7,1,0,5,0.0186,0
S00282,9,morning,19.3,0.917,68.6,1,73.9,88.5,8.4,83.5,6.77,100.0,80.3,2,0,3,0.3487,1
S00283,3,late_night,12.9,0.818,75.2,1,42.3,83.6,14.3,51.8,7.28,100.0,44.1,0,0,3,0.2647,1
S00284,20,evening,3.1,0.286,85.8,3,55.6,25.4,17.6,48.2,5.27,100.0,59.3,0,0,3,0.0135,0
S00285,21,evening,5.4,0.104,49.8,1,66.7,56.2,17.3,78.3,6.96,100.0,34.0,2,0,3,0.1869,0
S00286,20,evening,13.5,0.364,60.1,1,81.5,42.8,15.5,60.7,6.8,100.0,72.1,2,0,3,0.2386,0
S00287,8,morning,14.4,0.902,61.0,3,56.3,74.4,5.8,65.5,3.7,100.0,57.1,1,0,5,0.103,0
S00288,6,morning,2.9,0.644,61.5,4,45.1,71.2,10.7,46.8,5.24,100.0,57.6,0,0,0,0.1068,0
S00289,1,late_night,10.4,0.548,68.9,3,72.3,68.3,14.7,86.7,4.89,100.0,49.0,2,1,2,0.2049,0
S00290,17,afternoon,17.7,0.886,82.4,0,62.0,49.4,12.2,62.7,8.15,100.0,47.3,0,0,2,0.2513,0
S00291,7,morning,11.6,0.965,78.1,0,70.6,66.7,13.2,48.6,8.08,100.0,63.4,1,2,4,0.6613,1
S00292,21,evening,22.4,0.764,82.7,0,71.2,72.0,8.5,91.3,5.97,100.0,91.0,5,1,1,0.6411,0
S00293,20,evening,6.9,0.161,53.6,2,31.9,22.2,15.4,20.9,2.67,100.0,23.9,0,1,2,0.0049,0
S00294,3,late_night,7.0,0.398,77.5,0,46.6,53.6,11.5,67.6,4.85,100.0,48.5,1,1,8,0.1729,0
S00295,22,night,11.4,0.52,46.2,0,62.1,36.5,7.2,76.3,6.91,100.0,46.9,2,0,4,0.3576,1
S00296,3,late_night,12.4,0.297,88.4,0,60.1,52.4,8.5,89.6,5.87,100.0,34.1,1,0,1,0.1177,0
S00297,11,morning,7.1,0.196,54.6,3,79.0,80.0,12.5,60.6,5.83,100.0,29.9,2,0,5,0.0804,0
S00298,11,morning,2.9,0.0,49.3,2,44.4,32.4,15.3,43.3,3.19,53.6,33.5,0,0,2,0.012,0
S00299,22,night,19.0,0.816,77.7,2,42.4,64.5,13.6,41.3,7.29,100.0,51.0,1,1,3,0.2711,0
S00300,15,afternoon,13.3,0.497,82.7,0,80.7,82.1,7.4,75.5,6.72,100.0,86.6,2,0,4,0.5556,1
S00301,21,evening,11.7,0.71,65.0,2,45.3,31.6,21.8,36.6,7.32,100.0,60.6,0,0,4,0.0821,0
S00302,14,afternoon,12.8,0.533,79.0,1,65.6,70.5,15.2,69.3,8.95,100.0,47.9,3,0,0,0.5555,1
S00303,19,evening,10.9,0.848,63.0,0,45.0,48.5,10.6,52.1,8.62,100.0,64.6,1,1,3,0.5091,0
S00304,20,evening,14.1,0.468,92.4,1,65.9,29.7,12.9,70.8,7.04,100.0,42.6,1,0,2,0.249,0
S00305,20,evening,6.4,0.079,72.2,1,37.8,52.7,19.0,43.7,6.9,100.0,47.4,1,0,4,0.0998,0
S00306,9,morning,13.3,0.757,71.9,3,61.7,72.7,10.1,64.0,7.02,100.0,57.9,1,2,1,0.12,0
S00307,9,morning,7.7,1.0,90.8,0,65.1,62.2,6.4,74.9,6.93,100.0,94.5,0,1,1,0.6077,1
S00308,23,night,15.5,0.456,64.1,1,61.7,61.2,16.0,60.9,6.77,100.0,62.5,2,0,2,0.2713,1
S00309,18,evening,7.3,0.744,100.0,0,90.3,100.0,11.3,72.5,8.83,100.0,43.2,3,2,3,0.8162,1
S00310,22,night,14.6,0.545,63.1,2,79.0,65.2,13.9,77.7,8.95,100.0,73.2,3,1,1,0.5948,1
S00311,13,afternoon,16.7,0.592,75.2,1,65.6,68.8,12.4,83.3,6.98,100.0,74.7,2,1,3,0.2771,1
S00312,22,night,19.7,0.833,79.7,0,80.6,100.0,7.5,72.4,8.97,100.0,78.8,4,0,2,0.9016,1
S00313,17,afternoon,8.1,0.546,68.6,1,66.2,71.7,5.8,67.4,6.65,100.0,42.7,5,1,4,0.5278,1
S00314,17,afternoon,9.8,0.31,69.8,1,62.0,70.4,10.9,76.9,7.0,100.0,61.8,1,0,6,0.2061,0
S00315,4,late_night,8.4,0.389,56.1,1,41.3,64.4,17.5,58.5,4.7,100.0,53.0,0,0,0,0.0391,0
S00316,13,afternoon,12.9,0.701,88.4,0,66.5,68.3,16.8,41.6,7.02,100.0,81.9,4,1,5,0.814,1
S00317,17,afternoon,1.8,0.404,46.4,4,66.9,40.3,17.7,60.1,5.24,100.0,60.1,0,1,4,0.0513,0
S00318,18,evening,14.9,0.633,92.7,0,77.9,51.0,13.2,54.8,6.3,100.0,86.7,0,0,3,0.2573,0
S00319,22,night,9.7,0.187,70.3,1,48.4,48.6,23.2,31.1,4.61,100.0,37.3,0,0,6,0.0211,0
S00320,7,morning,13.2,0.545,70.5,1,57.3,77.9,4.2,54.9,7.65,100.0,56.4,0,0,1,0.342,0
S00321,7,morning,13.5,0.803,76.5,1,66.5,51.8,13.3,58.0,6.96,100.0,45.8,0,1,6,0.3713,0
S00322,23,night,16.4,0.498,77.0,1,78.9,94.1,5.9,63.3,7.6,100.0,76.7,3,2,6,0.877,1
S00323,23,night,12.1,0.807,59.5,1,76.6,85.8,16.7,53.0,8.39,100.0,76.6,1,0,4,0.691,1
S00324,4,late_night,9.7,0.833,68.2,1,92.2,92.8,6.1,86.6,9.99,100.0,71.8,3,1,2,0.9391,1
S00325,9,morning,14.7,0.709,85.7,0,84.6,64.9,14.6,69.7,7.02,100.0,60.8,1,0,3,0.3217,0
S00326,22,night,3.5,0.168,66.5,2,30.0,10.9,13.3,53.8,5.74,100.0,51.8,0,0,2,0.0092,0
S00327,4,late_night,9.5,0.47,73.1,2,46.3,55.0,13.8,52.5,5.76,100.0,33.9,2,1,1,0.1435,0
S00328,18,evening,10.4,0.373,54.8,3,47.4,19.6,13.9,48.3,3.91,100.0,41.8,1,0,2,0.0146,0
S00329,2,late_night,16.1,0.368,63.0,1,44.6,22.5,13.0,65.9,4.99,100.0,46.9,2,0,5,0.057,0
S00330,4,late_night,16.4,0.843,77.2,0,67.2,86.9,10.3,62.9,7.3,100.0,63.9,0,1,2,0.6111,1
S00331,18,evening,16.1,0.737,48.9,0,79.9,81.0,14.4,61.1,6.76,100.0,49.0,5,1,2,0.872,1
S00332,14,afternoon,4.1,0.88,65.3,1,41.5,24.8,13.0,66.2,7.71,100.0,38.1,0,2,1,0.2028,0
S00333,13,afternoon,9.9,0.454,69.7,0,47.7,40.7,17.6,51.1,4.86,100.0,24.9,1,1,5,0.1113,0
S00334,20,evening,11.9,0.172,71.3,3,44.1,58.2,16.1,60.6,6.16,100.0,61.7,5,2,1,0.1478,0
S00335,7,morning,13.3,0.6,86.8,2,46.0,37.5,12.8,48.2,5.32,100.0,27.1,0,0,1,0.0485,0
S00336,12,afternoon,7.8,0.409,49.6,0,63.8,32.1,20.9,69.3,4.44,100.0,66.0,1,1,6,0.1135,0
S00337,14,afternoon,12.0,0.999,62.6,0,75.9,78.3,14.4,65.1,6.99,100.0,61.7,1,0,2,0.452,0
S00338,17,afternoon,19.7,1.0,81.2,1,84.3,58.0,8.0,75.3,8.43,100.0,75.2,2,1,1,0.637,1
S00339,7,morning,13.5,0.54,78.5,1,66.5,43.1,13.2,68.5,8.65,100.0,45.3,2,0,2,0.1714,0
S00340,15,afternoon,1.0,0.351,23.2,4,43.6,9.4,20.7,17.4,5.29,100.0,69.2,0,0,2,0.0037,0
S00341,10,morning,23.1,0.477,81.5,1,68.0,68.0,13.7,71.4,7.2,100.0,90.1,0,0,3,0.186,0
S00342,13,afternoon,7.9,0.561,74.3,0,56.5,55.8,12.7,52.9,6.36,100.0,55.9,2,0,3,0.7186,1
S00343,20,evening,13.0,0.747,41.5,0,68.8,54.6,1.0,51.4,6.79,100.0,63.4,5,0,5,0.7816,0
S00344,9,morning,18.2,1.0,81.2,0,88.3,87.0,4.9,58.8,8.69,100.0,64.5,1,2,5,0.887,1
S00345,16,afternoon,6.9,0.42,41.4,2,22.0,33.1,18.8,20.8,4.18,100.0,57.7,0,0,0,0.0148,0
S00346,22,night,9.5,0.476,58.5,3,42.3,22.0,9.2,28.3,5.76,100.0,63.3,2,1,3,0.1892,0
S00347,18,evening,13.0,1.0,54.7,0,65.7,72.5,12.9,56.2,6.22,100.0,31.9,0,3,3,0.5478,0
S00348,23,night,6.3,0.24,63.6,0,28.8,50.0,18.7,39.4,5.43,100.0,33.1,0,0,2,0.0092,0
S00349,14,afternoon,12.0,0.45,100.0,2,65.4,77.2,8.6,91.0,8.42,100.0,69.7,2,0,2,0.6765,1
S00350,6,morning,21.7,0.322,76.9,0,60.2,60.3,4.2,66.8,6.15,100.0,68.8,4,1,3,0.4303,1
S00351,23,night,13.7,0.972,44.4,1,80.1,92.6,7.4,74.4,8.92,100.0,62.3,2,0,5,0.7722,1
S00352,15,afternoon,12.7,0.449,69.7,1,62.9,41.5,15.9,71.1,6.08,100.0,26.1,1,0,3,0.063,0
S00353,5,late_night,13.1,0.704,73.6,0,73.0,67.4,15.4,36.7,5.97,100.0,68.2,1,0,1,0.2608,0
S00354,7,morning,13.8,0.602,62.0,2,74.6,76.9,1.5,78.5,8.62,100.0,88.8,1,0,2,0.6188,0
S00355,6,morning,10.9,0.494,77.2,2,83.7,61.8,11.9,68.3,6.08,100.0,22.0,0,0,5,0.1044,0
S00356,20,evening,6.5,0.428,85.1,2,57.4,58.0,5.7,74.5,6.35,100.0,70.5,1,0,5,0.2096,0
S00357,2,late_night,12.2,0.685,62.1,0,65.7,62.9,11.8,43.4,6.61,100.0,84.1,1,0,2,0.2184,1
S00358,17,afternoon,7.8,0.401,38.4,2,43.7,64.7,13.1,45.6,6.41,100.0,64.0,0,0,1,0.231,0
S00359,13,afternoon,16.2,0.615,38.6,1,45.4,65.6,21.7,49.2,6.28,100.0,52.9,2,0,3,0.376,1
S00360,1,late_night,6.8,0.595,58.8,0,70.0,55.0,10.1,44.9,6.95,100.0,67.5,1,1,5,0.4957,0
S00361,14,afternoon,10.8,0.522,70.7,1,61.5,53.0,15.4,94.0,5.35,100.0,56.0,2,1,2,0.4034,0
S00362,18,evening,11.4,0.408,70.3,0,78.9,63.2,14.0,66.2,6.5,100.0,69.1,2,1,1,0.405,0
S00363,17,afternoon,14.6,0.082,51.3,2,44.8,54.6,13.3,61.5,5.37,84.5,49.9,3,0,1,0.0882,0
S00364,12,afternoon,8.1,1.0,77.5,0,71.0,37.1,12.7,69.1,5.64,100.0,55.9,0,0,3,0.2285,0
S00365,8,morning,18.7,1.0,88.8,0,67.8,100.0,9.0,61.0,7.93,100.0,52.5,1,1,2,0.7632,1
S00366,3,late_night,13.6,0.706,67.0,0,62.7,47.2,10.5,47.5,6.43,100.0,43.6,1,0,4,0.1408,0
S00367,0,late_night,8.9,0.292,75.7,0,59.1,29.9,10.3,53.7,4.79,100.0,74.4,2,0,4,0.0805,0
S00368,8,morning,7.1,0.582,61.8,0,44.5,63.0,10.0,69.0,5.99,100.0,46.9,1,0,4,0.2269,0
S00369,15,afternoon,9.1,0.514,60.3,0,65.0,60.2,5.8,75.3,7.54,100.0,30.7,2,1,2,0.2165,0
S00370,0,late_night,15.5,0.289,62.3,1,70.3,53.1,10.0,83.2,4.39,100.0,100.0,1,0,0,0.123,0
S00371,23,night,10.9,0.632,71.8,0,92.3,58.5,8.6,87.5,8.97,100.0,56.4,2,2,3,0.8492,1
S00372,14,afternoon,16.1,0.944,46.1,1,77.4,67.1,10.9,79.3,7.57,100.0,56.1,5,1,5,0.7248,1
S00373,7,morning,15.0,0.844,68.6,0,66.1,44.3,12.1,82.9,7.52,100.0,54.0,0,0,7,0.3258,0
S00374,23,night,15.2,0.439,91.0,2,57.0,58.6,10.1,84.3,6.57,100.0,58.6,6,2,5,0.5443,1
S00375,4,late_night,20.9,0.836,100.0,0,93.6,80.7,4.3,80.1,9.75,100.0,57.6,3,2,5,0.9261,1
S00376,22,night,7.6,0.669,76.2,1,53.3,49.1,14.1,40.8,6.11,100.0,76.1,0,0,5,0.0946,1
S00377,6,morning,2.1,0.135,55.9,0,32.1,20.8,19.2,32.7,5.52,100.0,40.0,0,0,0,0.0095,0
S00378,9,morning,19.7,0.807,100.0,1,77.0,80.9,6.8,63.2,6.55,100.0,48.9,1,1,3,0.6692,1
S00379,10,morning,8.1,0.562,50.4,1,63.3,62.2,9.0,45.2,6.06,100.0,9.2,2,0,5,0.0704,0
S00380,23,night,1.3,0.644,56.4,1,79.4,63.8,10.0,64.4,6.66,100.0,72.1,3,0,2,0.3108,0
S00381,6,morning,18.5,0.797,97.3,0,86.0,91.9,8.7,69.8,8.25,100.0,56.2,3,1,1,0.836,1
S00382,23,night,3.0,0.179,57.6,1,40.9,29.6,19.8,52.2,6.14,100.0,51.0,1,0,3,0.0431,0
S00383,8,morning,10.1,0.252,49.9,2,36.0,44.4,17.3,51.9,3.76,100.0,33.6,2,0,1,0.0276,0
S00384,6,morning,12.8,0.083,65.5,2,47.5,40.0,15.2,48.8,3.34,100.0,46.8,2,0,4,0.0245,0
S00385,15,afternoon,9.7,0.119,57.1,2,67.1,60.7,21.2,38.1,5.27,100.0,49.8,0,0,2,0.0372,0
S00386,16,afternoon,17.3,0.593,61.0,0,75.3,55.4,11.0,56.3,5.09,100.0,71.5,5,1,3,0.3222,1
S00387,8,morning,14.2,0.792,61.2,1,68.4,74.8,16.6,44.8,9.38,100.0,60.6,2,0,3,0.6066,1
S00388,3,late_night,19.2,0.315,77.0,1,58.4,51.6,16.3,71.9,7.74,100.0,39.8,0,2,2,0.1583,0
S00389,9,morning,3.5,0.393,61.8,2,46.5,31.4,19.4,69.5,5.46,100.0,82.6,3,0,2,0.1128,0
S00390,12,afternoon,5.0,0.36,74.3,3,43.8,21.4,17.9,38.7,4.74,100.0,47.7,0,0,5,0.0081,0
S00391,0,late_night,14.9,0.191,66.1,1,63.0,64.2,12.4,65.8,7.83,100.0,41.2,1,2,2,0.3881,0
S00392,1,late_night,9.8,0.425,61.6,1,53.3,38.4,13.0,50.4,5.37,100.0,55.0,2,1,2,0.1179,1
S00393,22,night,18.0,0.948,95.3,2,58.6,53.1,14.5,64.5,6.64,100.0,63.6,4,3,1,0.7092,0
S00394,0,late_night,12.4,0.766,90.4,1,94.3,60.1,7.4,85.0,7.61,100.0,66.5,3,1,0,0.6081,1
S00395,9,morning,20.7,0.197,73.3,0,52.7,60.5,10.7,64.6,6.15,100.0,61.3,4,0,2,0.4313,0
S00396,18,evening,22.8,0.796,52.7,0,59.3,57.4,17.1,78.0,6.41,100.0,63.2,1,0,2,0.436,1
S00397,7,morning,13.8,0.435,59.7,1,64.4,64.4,14.0,80.1,6.22,100.0,70.1,0,0,4,0.1446,0
S00398,11,morning,15.8,0.768,58.4,0,64.3,61.1,14.8,81.0,7.46,100.0,69.1,3,1,3,0.7105,1
S00399,2,late_night,14.7,0.306,64.9,2,61.8,56.0,8.5,54.6,6.64,100.0,62.0,0,0,1,0.0807,0
S00400,19,evening,6.7,0.512,60.9,2,68.4,56.2,10.6,61.3,5.03,100.0,27.3,1,0,2,0.0991,0
S00401,15,afternoon,7.3,0.472,95.6,2,50.2,81.8,12.9,59.5,6.53,100.0,30.2,2,0,2,0.1913,1
S00402,20,evening,19.5,0.674,53.0,1,62.3,70.9,10.2,77.0,7.35,100.0,48.0,4,0,3,0.7315,1
S00403,20,evening,11.9,0.377,49.4,1,46.5,37.9,7.9,52.7,4.68,100.0,48.9,2,0,2,0.0708,0
S00404,8,morning,12.7,0.583,77.8,0,74.1,62.7,14.0,71.9,7.52,100.0,46.7,2,1,2,0.2269,0
S00405,0,late_night,11.2,0.275,75.7,1,61.1,54.5,16.8,71.5,6.1,100.0,38.2,0,0,1,0.0606,0
S00406,8,morning,2.1,0.631,30.3,0,54.9,45.5,11.1,40.5,5.43,100.0,57.9,0,0,1,0.0614,0
S00407,3,late_night,13.7,0.709,50.6,1,72.1,87.8,13.5,48.8,6.93,100.0,46.9,2,1,3,0.4686,0
S00408,12,afternoon,3.0,0.0,50.1,1,24.8,26.4,24.1,39.5,4.84,81.2,7.0,0,0,3,0.0071,0
S00409,3,late_night,11.8,0.554,80.0,2,37.0,32.1,20.7,55.8,6.05,100.0,26.8,0,0,4,0.0476,0
S00410,22,night,11.5,0.292,86.5,2,29.2,39.4,14.0,49.1,5.21,100.0,37.0,1,0,3,0.022,0
S00411,14,afternoon,7.3,0.232,45.1,6,33.5,14.5,12.3,21.8,5.84,100.0,37.1,0,0,3,0.0138,0
S00412,6,morning,11.5,0.601,62.0,1,53.3,60.1,14.3,65.3,6.87,100.0,64.4,1,0,4,0.2029,0
S00413,22,night,8.3,0.728,63.4,1,59.1,77.7,19.9,93.1,7.88,100.0,66.0,3,0,2,0.5306,1
S00414,18,evening,13.5,0.74,77.2,1,60.8,55.6,17.9,48.4,5.48,100.0,23.2,1,0,2,0.1607,0
S00415,10,morning,15.1,0.521,94.5,2,72.9,67.9,11.6,55.5,7.85,100.0,78.0,2,3,5,0.7002,1
S00416,3,late_night,20.2,0.92,97.6,1,62.8,67.3,16.1,74.3,6.93,100.0,58.5,3,1,3,0.4278,1
S00417,8,morning,24.5,0.774,80.2,1,72.7,58.6,14.0,75.1,8.71,100.0,64.0,1,1,1,0.4018,0
S00418,14,afternoon,5.0,0.641,56.9,0,64.3,53.1,4.5,75.7,3.98,100.0,56.4,1,1,6,0.402,1
S00419,18,evening,14.5,0.834,81.0,0,76.2,70.9,13.5,80.3,7.5,100.0,50.3,2,1,1,0.6073,1
S00420,6,morning,9.3,0.812,91.4,2,47.4,34.9,12.3,59.5,5.2,100.0,64.0,2,1,5,0.2294,0
S00421,17,afternoon,10.2,0.569,57.3,2,45.5,33.6,10.2,45.7,5.29,100.0,20.8,0,0,0,0.0476,1
S00422,6,morning,10.3,0.372,38.0,0,48.1,34.9,13.6,37.1,4.31,100.0,71.5,4,0,3,0.1309,1
S00423,5,late_night,6.6,0.2,52.8,1,40.5,24.6,16.6,62.1,4.9,100.0,48.9,0,0,2,0.0143,0
S00424,10,morning,13.4,0.407,58.7,2,48.1,61.6,10.6,59.8,5.99,100.0,55.1,1,0,1,0.071,0
S00425,3,late_night,6.5,0.344,39.8,3,71.4,59.1,12.2,57.0,5.46,100.0,60.8,0,0,3,0.0481,0
S00426,9,morning,10.2,0.46,79.9,0,67.6,80.8,9.1,72.1,7.06,100.0,53.2,2,1,2,0.4597,1
S00427,8,morning,13.1,0.383,91.4,0,63.5,88.2,11.7,79.6,8.61,100.0,84.4,1,1,2,0.7261,1
S00428,6,morning,6.4,0.033,86.8,1,44.3,51.6,13.6,25.6,4.93,92.0,35.8,2,0,2,0.0406,0
S00429,18,evening,8.3,1.0,53.2,2,82.2,63.8,4.4,49.3,8.28,100.0,42.3,0,0,6,0.3521,1
S00430,7,morning,8.7,0.263,72.6,6,45.8,61.6,12.3,48.1,4.67,100.0,51.0,1,0,4,0.0237,0
S00431,16,afternoon,12.8,1.0,88.3,0,61.3,49.9,7.3,64.6,7.56,100.0,37.2,0,1,2,0.3556,1
S00432,17,afternoon,8.5,0.611,76.7,0,55.4,55.4,7.1,60.4,6.62,100.0,45.7,2,0,6,0.6279,0
S00433,15,afternoon,10.0,0.265,40.3,2,43.9,20.1,20.4,62.2,2.9,100.0,47.9,0,0,2,0.0091,0
S00434,6,morning,14.5,0.389,61.5,0,68.0,85.9,13.4,68.8,7.61,100.0,71.6,3,3,3,0.4531,0
S00435,19,evening,14.4,0.46,66.6,1,37.6,54.6,9.3,46.2,5.75,100.0,50.8,2,1,3,0.1485,1
S00436,5,late_night,9.6,0.848,67.1,2,46.9,64.8,8.0,56.8,5.42,100.0,38.2,1,0,4,0.063,0
S00437,6,morning,8.7,0.701,53.1,2,46.5,26.2,13.7,33.5,7.1,100.0,43.5,1,0,1,0.0538,0
S00438,20,evening,7.8,0.507,84.1,4,57.5,41.6,8.0,56.7,7.07,100.0,41.1,0,0,6,0.057,0
S00439,8,morning,13.3,0.384,67.4,2,59.3,42.6,10.2,58.0,6.21,100.0,56.1,0,0,4,0.041,0
S00440,16,afternoon,14.3,0.33,40.1,2,54.8,59.7,12.7,62.6,6.93,100.0,44.6,2,0,2,0.3059,1
S00441,1,late_night,11.3,0.429,69.3,1,64.4,57.5,12.6,63.5,7.61,100.0,42.3,2,0,6,0.3201,0
S00442,14,afternoon,15.2,0.86,80.1,2,56.6,72.1,12.6,64.3,7.04,100.0,40.6,0,1,5,0.4781,1
S00443,20,evening,12.7,1.0,85.7,0,74.9,76.9,6.2,84.0,6.85,100.0,35.3,5,0,4,0.6446,1
S00444,17,afternoon,14.0,0.538,72.3,1,60.6,27.6,13.0,67.0,5.17,100.0,69.2,1,1,1,0.0918,1
S00445,13,afternoon,5.2,0.268,80.6,2,30.4,17.4,20.1,70.2,5.4,100.0,56.9,1,0,3,0.0379,0
S00446,20,evening,18.6,1.0,61.8,1,75.9,73.9,1.5,82.1,8.18,100.0,43.0,3,0,5,0.5044,0
S00447,7,morning,11.2,0.305,61.0,0,45.1,58.9,14.0,55.4,5.85,100.0,62.8,0,1,3,0.4347,1
S00448,9,morning,21.4,0.728,100.0,0,62.7,47.0,5.1,66.7,9.04,100.0,62.3,2,0,3,0.7303,0
S00449,1,late_night,8.5,0.7,43.6,2,58.0,62.4,16.8,70.4,8.42,100.0,37.9,2,1,1,0.393,0
S00450,16,afternoon,5.7,0.358,68.1,1,72.1,44.0,15.5,78.1,7.84,100.0,38.5,2,0,2,0.1118,1
S00451,17,afternoon,10.6,0.475,91.2,1,47.0,49.6,14.4,76.1,8.37,100.0,54.9,0,3,6,0.5397,1
S00452,18,evening,12.3,0.7,100.0,0,78.8,77.5,4.7,74.9,8.63,100.0,77.8,5,0,1,0.5929,0
S00453,17,afternoon,12.7,1.0,96.5,0,84.7,88.6,8.9,90.3,7.45,100.0,76.4,1,0,5,0.819,1
S00454,3,late_night,14.7,0.943,80.8,3,72.5,50.5,13.4,65.4,6.25,100.0,47.3,0,0,2,0.2382,0
S00455,15,afternoon,12.5,0.597,55.7,1,81.4,36.4,2.2,76.4,6.56,100.0,62.9,2,1,4,0.1396,0
S00456,18,evening,13.3,0.658,99.2,1,68.7,74.5,10.4,77.5,7.05,100.0,59.0,2,1,4,0.4649,0
S00457,4,late_night,7.9,0.303,45.2,2,55.2,42.0,16.1,55.9,5.19,100.0,38.9,2,1,2,0.0359,0
S00458,11,morning,10.6,0.6,55.6,2,63.1,51.4,5.7,51.5,5.71,100.0,71.4,2,0,3,0.3227,0
S00459,21,evening,18.5,0.436,75.6,1,58.7,53.9,14.5,71.2,7.19,100.0,57.2,3,0,5,0.3686,0
S00460,9,morning,10.0,0.578,65.1,0,66.5,58.2,11.8,48.8,8.47,100.0,64.5,4,0,4,0.4973,1
S00461,18,evening,4.2,0.508,66.4,2,34.1,46.9,19.2,53.9,7.97,100.0,33.5,2,0,3,0.127,0
S00462,12,afternoon,10.4,0.231,63.7,3,40.4,32.8,13.5,37.9,5.0,100.0,37.7,2,0,2,0.0215,0
S00463,15,afternoon,4.9,0.201,80.1,3,39.6,31.0,16.9,31.9,4.05,100.0,54.9,0,0,5,0.0056,0
S00464,15,afternoon,16.8,0.345,67.6,5,38.0,41.8,15.6,56.7,5.23,100.0,44.1,0,0,1,0.0074,0
S00465,15,afternoon,8.5,0.418,57.1,2,59.1,61.4,1.7,56.9,7.36,100.0,48.9,1,0,3,0.1019,0
S00466,18,evening,14.5,0.418,77.8,2,39.2,72.9,11.2,30.1,7.52,100.0,37.3,2,1,5,0.1884,0
S00467,21,evening,22.1,0.993,73.0,0,84.2,84.9,8.5,80.9,8.39,100.0,69.6,4,1,6,0.9227,1
S00468,7,morning,13.2,0.362,92.5,0,86.7,66.0,1.0,69.5,8.92,100.0,45.4,2,0,3,0.3484,0
S00469,22,night,6.1,0.721,63.3,1,46.3,27.3,16.6,66.5,5.6,100.0,54.7,0,2,3,0.1196,0
S00470,15,afternoon,16.0,0.629,78.8,0,54.4,70.6,11.6,50.9,6.15,100.0,42.2,3,1,2,0.3755,0
S00471,14,afternoon,13.1,0.611,40.0,1,40.9,41.5,13.1,80.5,5.9,100.0,49.4,4,0,5,0.2981,0
S00472,7,morning,5.5,0.652,34.0,2,60.5,82.2,15.5,69.2,7.89,100.0,76.9,2,0,3,0.4242,0
S00473,10,morning,8.0,0.436,49.0,1,71.5,93.9,10.0,60.7,7.43,100.0,61.6,1,1,4,0.1929,0
S00474,15,afternoon,3.7,0.46,100.0,3,66.9,64.1,10.9,63.8,6.67,100.0,53.5,4,1,1,0.2669,0
S00475,8,morning,13.4,0.293,50.1,1,51.3,33.3,16.1,50.6,7.06,100.0,65.8,1,0,7,0.1953,0
S00476,6,morning,14.1,0.66,89.5,1,53.5,80.7,10.1,77.5,8.38,100.0,50.5,1,0,5,0.6953,1
S00477,19,evening,7.9,0.519,51.2,2,47.5,67.2,6.9,40.0,4.93,100.0,33.4,0,0,1,0.0664,0
S00478,9,morning,5.3,0.434,66.5,1,53.2,42.3,12.2,60.7,5.76,100.0,49.6,0,0,4,0.167,0
S00479,15,afternoon,15.4,1.0,90.1,0,84.9,100.0,7.1,77.5,8.25,100.0,87.1,6,1,3,0.9713,1
S00480,0,late_night,10.8,0.11,96.4,1,78.8,38.9,15.2,73.0,5.1,86.2,72.0,1,1,5,0.217,0
S00481,1,late_night,13.6,0.688,90.2,0,59.2,60.6,7.8,79.8,7.42,100.0,56.1,0,0,1,0.6033,0
S00482,20,evening,12.7,0.797,76.5,1,44.4,63.0,7.9,57.4,6.42,100.0,51.3,8,0,4,0.7545,1
S00483,3,late_night,16.1,0.603,94.1,1,69.3,78.3,6.9,65.5,8.4,100.0,64.8,1,1,3,0.57,0
S00484,19,evening,20.9,0.376,60.0,0,55.5,56.4,17.9,53.1,7.26,100.0,91.1,2,0,4,0.4235,1
S00485,21,evening,11.4,0.393,84.7,0,52.8,61.0,13.5,63.9,6.51,100.0,50.4,1,0,2,0.0515,0
S00486,11,morning,14.1,0.0,77.3,2,53.4,60.3,19.1,38.4,3.77,73.0,71.1,2,0,6,0.0439,0
S00487,21,evening,10.0,0.412,86.8,0,67.7,78.7,17.3,77.6,7.27,100.0,61.3,0,0,3,0.0714,0
S00488,10,morning,2.7,0.634,60.9,2,40.0,38.6,10.7,54.7,3.92,100.0,62.7,0,0,6,0.047,0
S00489,22,night,12.6,0.533,68.8,1,62.1,57.0,7.4,63.9,8.11,100.0,74.2,1,2,6,0.4692,1
S00490,5,late_night,8.9,0.62,65.6,1,73.5,85.8,9.3,81.0,8.6,100.0,64.2,0,0,1,0.2199,0
S00491,10,morning,13.2,0.139,60.8,0,66.1,68.6,13.7,70.7,6.95,100.0,56.8,1,0,3,0.2416,0
S00492,9,morning,8.0,0.181,54.0,0,61.4,61.1,7.0,46.3,7.0,100.0,50.2,2,1,6,0.2044,0
S00493,18,evening,5.5,0.856,79.1,0,59.6,56.4,12.9,82.7,8.01,100.0,63.0,2,3,2,0.6885,1
S00494,1,late_night,18.0,0.627,64.1,2,59.8,61.3,14.2,28.6,6.27,100.0,71.0,1,2,4,0.3561,0
S00495,19,evening,12.7,0.431,84.0,1,80.7,58.0,5.6,85.4,7.38,100.0,80.5,2,1,2,0.2443,0
S00496,0,late_night,1.0,0.149,62.7,0,38.5,35.3,11.3,39.9,3.16,98.9,62.2,0,0,1,0.0182,0
S00497,7,morning,14.6,0.494,51.4,0,54.9,54.6,14.4,70.2,5.78,100.0,46.0,1,0,1,0.1026,0
S00498,14,afternoon,3.1,0.012,37.7,2,33.8,31.6,24.3,57.4,3.31,85.2,34.5,0,0,3,0.0078,0
S00499,3,late_night,11.9,0.0,54.6,2,35.9,46.4,13.8,40.4,3.85,51.8,33.6,1,0,0,0.0061,0
S00500,11,morning,13.2,0.723,69.3,1,67.0,64.9,10.6,72.4,7.27,100.0,65.5,2,1,3,0.7181,1
S00501,23,night,12.5,0.799,64.0,1,67.8,78.7,7.8,75.6,5.52,100.0,74.4,3,0,1,0.4195,1
S00502,19,evening,11.2,0.56,89.7,0,55.9,48.2,14.4,40.5,6.69,100.0,42.2,0,0,2,0.0992,0
S00503,0,late_night,9.9,0.5,35.0,3,33.1,27.5,12.5,41.5,5.07,100.0,43.2,1,0,5,0.0229,0
S00504,14,afternoon,6.2,0.0,76.6,1,23.7,0.6,16.9,24.4,4.4,70.6,46.9,0,0,2,0.0017,0
S00505,14,afternoon,10.0,0.48,70.0,2,51.6,73.1,22.9,41.8,6.7,100.0,46.9,1,0,3,0.1346,1
S00506,1,late_night,21.4,0.859,100.0,0,100.0,91.1,7.6,83.0,9.66,100.0,66.7,4,2,1,0.9628,1
S00507,15,afternoon,16.3,0.598,86.5,1,72.4,59.8,4.9,75.8,7.77,100.0,74.3,0,2,3,0.4131,0
S00508,12,afternoon,11.1,0.424,74.8,2,60.4,36.4,15.7,64.0,6.04,100.0,52.0,0,1,6,0.0553,0
S00509,16,afternoon,12.8,0.488,98.6,0,74.8,77.6,15.6,65.0,8.32,100.0,47.0,4,0,3,0.4925,0
S00510,7,morning,1.5,0.0,41.3,3,35.8,48.3,17.8,45.6,4.27,74.0,47.1,0,0,5,0.0191,0
S00511,6,morning,13.5,0.738,65.3,0,70.2,63.7,11.9,55.1,6.15,100.0,59.7,0,0,3,0.2621,0
S00512,17,afternoon,12.5,0.631,58.0,0,62.8,58.7,8.1,42.0,6.33,100.0,93.2,0,0,3,0.3698,1
S00513,17,afternoon,10.1,0.24,43.9,3,58.5,65.8,8.6,48.9,8.42,100.0,77.3,2,0,6,0.4372,1
S00514,3,late_night,19.5,0.763,66.4,2,57.3,59.2,9.7,82.2,6.74,100.0,100.0,4,0,2,0.375,0
S00515,5,late_night,7.3,0.512,100.0,2,60.1,65.4,9.8,80.2,8.17,100.0,41.1,0,0,2,0.2126,0
S00516,14,afternoon,20.6,0.566,72.7,0,50.4,66.7,8.4,59.1,5.87,100.0,79.9,1,1,2,0.3833,1
S00517,19,evening,9.8,0.293,94.2,2,49.3,51.6,18.2,67.9,5.84,100.0,74.2,2,0,2,0.0756,0
S00518,4,late_night,16.0,0.792,100.0,1,65.0,48.8,13.9,57.5,7.31,100.0,60.8,1,1,2,0.1755,0
S00519,5,late_night,15.3,0.634,100.0,0,75.6,100.0,13.8,73.7,7.27,100.0,58.9,2,2,1,0.6982,1
S00520,19,evening,2.4,0.185,90.8,1,34.5,63.8,10.8,49.9,4.77,100.0,60.2,1,0,2,0.1329,0
S00521,16,afternoon,8.8,0.643,98.3,1,56.4,31.8,10.1,49.0,6.03,100.0,44.8,1,0,5,0.1063,0
S00522,21,evening,17.3,0.715,85.6,1,82.0,83.6,9.6,68.4,7.63,100.0,45.9,0,1,2,0.4275,1
S00523,18,evening,14.1,0.492,71.9,0,74.6,37.5,14.0,61.4,5.32,100.0,32.6,3,0,2,0.0679,0
S00524,22,night,15.4,0.899,85.7,1,93.5,78.7,9.5,86.8,8.94,100.0,41.0,3,0,3,0.7728,1
S00525,4,late_night,1.9,0.35,66.5,2,56.3,25.5,14.3,39.7,5.99,100.0,55.8,1,0,1,0.1137,0
S00526,6,morning,10.2,0.675,83.9,0,87.7,74.9,15.4,79.5,8.43,100.0,73.8,3,1,3,0.8408,1
S00527,5,late_night,20.6,0.631,82.3,0,64.2,54.0,10.9,75.0,7.74,100.0,41.2,1,0,0,0.1068,0
S00528,1,late_night,8.4,0.28,65.1,0,58.8,75.5,14.7,59.9,8.33,100.0,63.8,0,0,1,0.1512,0
S00529,18,evening,22.4,0.829,61.9,2,76.0,99.9,10.9,72.6,5.94,100.0,71.5,0,4,2,0.571,0
S00530,15,afternoon,7.2,0.345,72.6,0,62.0,73.2,13.1,47.8,5.99,100.0,58.0,1,0,1,0.3459,0
S00531,2,late_night,8.4,0.58,52.1,0,89.6,58.7,16.9,75.7,3.79,100.0,59.6,0,0,3,0.0669,0
S00532,4,late_night,13.2,0.592,57.6,0,66.3,52.7,9.8,75.0,8.73,100.0,55.5,1,2,4,0.567,0
S00533,4,late_night,10.1,0.701,71.5,0,67.9,69.0,7.2,63.4,7.15,100.0,77.7,0,2,7,0.6638,0
S00534,9,morning,13.7,0.0,51.9,1,46.0,40.7,16.9,58.9,5.75,44.2,55.0,1,1,3,0.0558,0
S00535,10,morning,14.2,0.625,91.8,1,72.4,52.8,4.2,62.7,6.57,100.0,40.0,3,0,2,0.1835,0
S00536,6,morning,12.2,0.234,63.2,2,52.6,64.2,15.1,54.2,5.55,100.0,79.4,2,0,4,0.0732,0
S00537,22,night,14.4,0.715,96.6,1,81.3,82.4,5.2,61.9,8.86,100.0,47.5,1,0,4,0.3805,0
S00538,5,late_night,7.5,0.0,53.9,5,29.7,33.3,22.9,13.5,4.38,70.3,40.4,0,0,1,0.0034,0
S00539,13,afternoon,16.0,0.124,62.4,2,40.4,19.6,12.0,46.4,7.31,81.1,88.6,1,0,2,0.0495,0
S00540,10,morning,6.4,0.535,58.9,2,44.6,39.8,21.2,38.3,3.81,100.0,52.2,1,0,2,0.0168,0
S00541,9,morning,16.4,0.5,44.0,0,56.2,58.5,12.8,58.0,5.37,100.0,37.7,3,0,2,0.1282,0
S00542,19,evening,10.3,0.516,77.1,2,61.5,61.3,10.5,72.6,7.29,100.0,61.5,0,0,3,0.0709,0
S00543,23,night,14.5,0.341,81.3,0,60.9,49.5,15.8,58.6,6.97,100.0,61.8,3,1,4,0.1928,0
S00544,0,late_night,13.2,0.295,82.8,1,66.6,38.1,13.7,47.3,6.64,100.0,56.5,2,1,7,0.3592,0
S00545,11,morning,7.2,0.566,48.4,2,57.6,38.6,12.1,52.4,5.0,100.0,46.4,1,0,2,0.1243,0
S00546,2,late_night,13.5,0.512,48.8,0,58.0,62.7,10.0,83.3,5.78,100.0,37.0,0,1,0,0.2701,0
S00547,10,morning,9.0,0.708,53.9,0,40.8,41.1,12.4,58.5,5.73,100.0,31.5,1,0,6,0.0902,0
S00548,14,afternoon,10.7,0.619,96.4,0,65.9,64.9,20.0,86.8,5.73,100.0,47.6,3,1,5,0.445,0
S00549,9,morning,15.4,0.661,78.6,1,83.3,85.6,4.0,90.6,6.34,100.0,78.4,2,1,1,0.635,0
S00550,7,morning,13.7,0.33,61.5,2,62.6,48.3,6.4,58.3,6.96,100.0,39.0,3,1,2,0.095,0
S00551,7,morning,13.4,0.561,52.7,1,70.3,61.6,15.6,78.0,6.34,100.0,60.7,2,0,2,0.2262,0
S00552,7,morning,12.6,0.63,62.1,1,60.3,82.5,15.8,54.4,7.06,100.0,77.8,3,0,4,0.5748,1
S00553,7,morning,17.7,0.781,75.0,0,80.3,82.7,4.2,96.8,8.65,100.0,77.0,3,0,3,0.8019,1
S00554,8,morning,10.3,0.44,83.3,0,50.2,57.6,5.2,71.0,5.62,100.0,75.8,1,0,5,0.3218,1
S00555,16,afternoon,11.6,0.569,82.7,0,57.3,51.6,17.7,33.3,5.4,100.0,44.4,1,1,3,0.1586,0
S00556,2,late_night,7.2,0.74,48.2,0,45.8,55.9,9.3,58.5,6.95,100.0,59.9,2,0,2,0.1256,0
S00557,0,late_night,19.5,0.424,73.0,5,60.3,18.9,12.1,40.4,5.75,100.0,66.1,0,0,0,0.0122,0
S00558,12,afternoon,2.6,0.592,69.8,1,44.0,38.1,14.9,44.2,5.38,100.0,61.7,0,0,1,0.0255,0
S00559,16,afternoon,7.0,0.541,45.2,0,48.9,46.2,9.5,44.3,5.58,100.0,63.0,0,0,1,0.1194,0
S00560,6,morning,9.8,0.756,68.2,3,57.4,45.0,15.8,72.1,5.51,100.0,36.7,2,0,4,0.1665,0
S00561,4,late_night,21.2,0.478,77.8,1,67.7,66.8,11.4,57.5,6.3,100.0,67.0,1,1,1,0.3306,0
S00562,14,afternoon,6.9,0.516,72.9,1,75.5,68.2,8.4,47.2,4.16,100.0,62.6,2,1,4,0.2855,1
S00563,9,morning,11.4,0.395,38.2,4,40.4,52.7,10.4,43.9,5.02,100.0,48.2,1,0,4,0.0676,0
S00564,17,afternoon,15.7,0.794,79.2,0,73.6,92.0,15.4,69.3,6.87,100.0,51.3,3,0,3,0.8531,1
S00565,3,late_night,15.6,0.819,85.5,2,53.2,63.2,9.4,75.1,7.86,100.0,66.2,1,0,2,0.3222,1
S00566,2,late_night,16.5,0.551,92.4,0,70.3,61.7,14.8,74.6,5.72,100.0,39.2,1,2,2,0.225,0
S00567,13,afternoon,14.9,0.627,54.7,0,51.1,54.6,13.3,61.0,6.57,100.0,44.6,1,1,3,0.1966,0
S00568,9,morning,11.8,0.52,66.2,2,51.6,62.9,3.9,75.0,6.84,100.0,72.4,2,1,4,0.4242,0
S00569,17,afternoon,13.3,0.755,68.4,0,49.5,74.2,14.6,72.9,6.86,100.0,71.8,2,2,3,0.6505,1
S00570,12,afternoon,1.0,0.536,62.8,1,50.8,41.2,19.2,55.9,4.88,100.0,53.5,0,1,2,0.1108,0
S00571,8,morning,12.2,0.675,70.9,1,42.5,42.6,19.5,73.7,7.13,100.0,47.7,2,1,1,0.4313,1
S00572,3,late_night,9.6,0.616,81.2,0,65.9,70.7,3.9,94.9,7.99,100.0,39.9,1,0,5,0.4,0
S00573,3,late_night,8.6,0.558,45.9,1,44.9,39.4,1.2,61.7,4.52,100.0,37.9,0,0,1,0.0486,0
S00574,18,evening,5.8,0.4,77.5,1,60.3,56.8,14.2,67.5,8.47,100.0,75.4,0,0,4,0.1294,1
S00575,5,late_night,9.3,0.371,47.2,0,35.8,34.6,12.5,40.4,4.04,100.0,49.2,0,0,4,0.0385,0
S00576,12,afternoon,9.2,0.811,78.5,1,66.5,85.5,3.6,80.4,7.79,100.0,61.5,2,1,6,0.9051,1
S00577,19,evening,16.3,0.471,100.0,2,70.1,88.4,9.9,89.6,7.34,100.0,64.9,1,1,3,0.1214,0
S00578,21,evening,6.3,0.607,47.0,2,62.7,52.6,10.7,44.6,7.73,100.0,63.8,1,2,3,0.4471,1
S00579,6,morning,9.7,0.355,68.7,1,61.4,60.5,6.2,81.1,5.84,100.0,41.8,3,1,4,0.3929,0
S00580,2,late_night,9.4,0.103,31.6,1,35.3,0.0,16.5,30.4,4.57,100.0,33.2,0,0,3,0.0054,0
S00581,18,evening,10.9,0.385,63.0,2,43.7,33.3,16.6,46.5,3.02,100.0,57.8,0,1,4,0.0391,0
S00582,16,afternoon,15.7,0.36,83.4,1,62.6,42.5,13.3,65.0,6.99,100.0,56.8,1,2,5,0.2107,0
S00583,7,morning,15.0,0.406,64.0,3,51.3,46.7,14.9,43.9,5.13,100.0,65.2,0,0,3,0.0985,0
S00584,14,afternoon,11.1,0.67,74.0,1,63.2,66.7,12.3,75.4,6.91,100.0,70.6,0,1,5,0.563,1
S00585,4,late_night,24.0,0.686,100.0,0,74.4,75.1,1.2,70.1,8.01,100.0,55.4,7,2,1,0.9322,1
S00586,16,afternoon,2.6,0.487,65.5,0,55.4,43.4,14.1,59.6,5.14,100.0,0.0,1,0,2,0.0153,0
S00587,17,afternoon,12.5,0.272,75.6,2,41.8,45.5,14.6,55.1,5.22,100.0,53.0,2,2,7,0.1084,0
S00588,7,morning,10.7,1.0,82.6,2,67.8,30.8,10.0,64.5,5.27,100.0,40.7,2,0,3,0.0425,0
S00589,11,morning,13.1,0.77,39.7,0,79.6,93.9,5.5,83.0,7.49,100.0,72.3,0,2,0,0.687,1
S00590,8,morning,10.8,0.132,59.1,3,40.7,53.0,11.5,48.3,5.95,100.0,71.5,0,1,5,0.0751,0
S00591,0,late_night,16.5,0.39,55.8,1,67.3,58.6,10.3,70.0,6.37,100.0,41.0,0,1,3,0.1305,0
S00592,3,late_night,21.1,1.0,72.1,1,95.5,87.7,12.0,79.5,7.71,100.0,75.6,4,1,1,0.8292,1
S00593,23,night,7.9,0.22,78.9,0,46.4,31.0,21.4,40.3,4.73,100.0,58.1,1,0,5,0.0307,0
S00594,10,morning,8.7,0.085,54.1,5,45.9,20.8,19.9,26.7,5.58,94.0,52.5,0,0,1,0.0053,0
S00595,3,late_night,12.8,0.657,95.0,1,71.1,78.0,6.6,73.7,6.68,100.0,57.4,1,0,3,0.1978,0
S00596,1,late_night,11.7,0.389,44.7,2,37.0,59.7,9.3,42.3,6.27,100.0,20.7,1,0,4,0.086,0
S00597,8,morning,16.6,0.803,60.2,0,58.6,80.7,13.0,90.3,8.6,100.0,60.9,5,1,4,0.6812,1
S00598,23,night,13.5,0.773,83.4,0,58.3,58.0,16.7,61.8,6.81,100.0,56.3,2,0,2,0.5422,0
S00599,9,morning,10.0,0.339,50.7,4,52.9,46.7,11.7,57.1,4.31,100.0,60.1,1,0,1,0.0127,0
S00600,23,night,7.0,1.0,78.7,1,75.6,48.8,11.7,80.2,7.94,100.0,72.5,3,1,0,0.4654,0
S00601,11,morning,9.7,0.118,63.7,0,35.9,47.0,8.6,67.2,5.16,82.3,43.9,1,1,5,0.1444,0
S00602,18,evening,10.3,0.578,78.1,0,70.9,84.7,10.6,76.6,7.5,100.0,34.1,2,0,1,0.602,1
S00603,18,evening,11.2,0.405,60.4,1,39.2,41.7,10.7,40.8,4.22,100.0,27.3,1,0,4,0.1083,0
S00604,0,late_night,16.7,0.907,67.6,0,52.0,60.0,14.0,52.8,7.61,100.0,72.3,2,0,2,0.5772,1
S00605,0,late_night,11.7,0.991,84.0,1,75.5,69.2,6.1,64.2,9.18,100.0,57.1,1,0,3,0.3577,0
S00606,22,night,14.8,0.922,100.0,2,78.9,71.2,3.9,69.2,7.16,100.0,37.9,6,1,4,0.7659,0
S00607,22,night,16.4,0.458,70.5,1,68.1,55.6,23.5,52.2,7.76,100.0,37.9,0,2,6,0.497,1
S00608,3,late_night,1.0,0.162,50.6,1,35.5,39.3,15.6,40.0,5.35,100.0,48.3,0,0,2,0.0342,0
S00609,15,afternoon,11.5,0.465,66.5,1,65.5,88.7,19.5,32.8,7.28,100.0,60.0,2,2,6,0.4238,0
S00610,22,night,10.4,0.238,83.8,2,54.4,45.6,20.1,47.0,6.58,100.0,73.6,0,0,2,0.0348,0
S00611,22,night,1.1,0.884,82.2,2,86.3,68.0,5.0,66.1,5.49,100.0,55.2,1,0,3,0.1429,0
S00612,7,morning,3.8,0.288,30.1,1,31.1,46.5,16.3,37.0,4.75,100.0,52.3,0,0,2,0.0421,0
S00613,19,evening,17.7,0.595,44.4,0,81.2,50.5,5.9,63.7,4.9,100.0,57.0,3,0,2,0.171,0
S00614,15,afternoon,13.6,0.584,51.1,1,52.8,45.1,12.4,55.1,4.6,100.0,62.4,0,1,2,0.099,0
S00615,22,night,9.6,0.025,63.2,5,52.8,38.1,7.0,60.0,3.46,67.3,73.7,3,0,4,0.0184,0
S00616,3,late_night,17.7,0.668,75.2,1,70.4,42.5,4.3,82.5,5.45,100.0,73.4,5,2,3,0.6805,0
S00617,14,afternoon,13.6,0.367,79.7,2,76.9,70.9,8.1,68.3,6.27,100.0,86.0,2,2,1,0.3911,1
S00618,0,late_night,12.4,0.399,62.5,1,55.9,38.2,11.0,54.9,6.19,100.0,59.4,3,1,5,0.2554,0
S00619,8,morning,15.1,0.65,100.0,0,70.9,86.5,9.3,82.2,7.43,100.0,39.9,5,4,4,0.7888,1
S00620,0,late_night,11.1,0.356,78.1,2,59.2,42.7,8.7,78.8,5.47,100.0,40.0,0,1,4,0.0394,0
S00621,10,morning,9.6,0.6,71.4,1,71.7,83.0,12.5,68.4,5.8,100.0,67.5,1,1,2,0.3842,0
S00622,19,evening,17.9,0.635,89.3,0,63.2,58.4,16.0,68.1,6.94,100.0,53.0,3,0,1,0.2904,0
S00623,15,afternoon,16.2,0.413,40.3,3,31.8,72.4,14.3,68.1,5.21,100.0,51.3,0,2,3,0.0607,0
S00624,7,morning,18.9,0.695,72.5,2,64.5,62.5,10.8,67.8,6.01,100.0,45.7,2,2,0,0.1491,1
S00625,10,morning,8.8,0.296,67.8,2,54.6,49.9,14.4,45.9,6.85,100.0,73.5,2,0,5,0.0652,0
S00626,8,morning,6.9,0.625,75.7,3,54.6,71.0,7.1,63.0,5.17,100.0,75.5,3,2,2,0.357,0
S00627,17,afternoon,21.2,0.713,55.2,0,71.4,66.1,13.1,79.0,6.73,100.0,59.7,2,0,2,0.7391,0
S00628,6,morning,11.1,0.297,57.8,2,60.7,44.0,9.3,47.9,6.1,100.0,45.5,0,0,3,0.0144,0
S00629,2,late_night,6.1,0.029,56.7,3,7.3,30.7,23.0,42.0,2.16,89.0,59.7,0,0,2,0.0046,0
S00630,12,afternoon,14.3,0.743,90.0,0,80.3,85.4,11.9,58.0,9.5,100.0,80.4,4,0,2,0.8419,1
S00631,19,evening,21.4,1.0,100.0,0,91.7,94.2,9.1,83.6,8.28,100.0,45.8,1,1,2,0.8097,1
S00632,11,morning,6.4,0.477,78.2,2,76.1,51.2,15.2,47.0,6.13,100.0,62.8,1,3,7,0.3693,0
S00633,4,late_night,8.7,0.031,53.6,3,36.6,41.0,15.9,31.4,3.37,93.6,50.8,0,0,5,0.0036,0
S00634,1,late_night,16.6,0.687,77.6,1,60.7,55.8,9.5,56.7,6.17,100.0,55.9,0,2,2,0.2231,0
S00635,22,night,17.7,0.413,64.7,3,57.8,65.6,8.8,47.9,5.66,100.0,40.1,1,0,2,0.1735,0
S00636,18,evening,14.3,0.578,70.7,1,58.7,60.0,19.4,80.0,5.31,100.0,41.0,0,0,6,0.133,0
S00637,3,late_night,3.1,0.262,73.0,0,64.3,50.2,14.6,55.2,3.67,100.0,1.8,1,0,7,0.0342,0
S00638,1,late_night,14.5,0.893,74.0,3,55.8,79.7,6.4,58.8,6.6,100.0,48.6,2,2,4,0.545,0
S00639,3,late_night,22.1,0.511,79.6,0,59.6,61.6,13.0,46.9,7.55,100.0,28.6,2,2,2,0.4077,1
S00640,9,morning,4.0,0.605,72.5,1,49.6,50.4,16.4,38.6,5.53,100.0,37.9,0,0,4,0.0807,0
S00641,19,evening,13.9,0.445,86.3,1,71.0,65.9,9.3,65.7,6.55,100.0,65.2,2,1,3,0.5529,0
S00642,3,late_night,23.8,0.799,100.0,0,81.8,69.9,4.3,77.0,8.04,100.0,49.8,4,0,2,0.7154,0
S00643,19,evening,15.0,0.856,100.0,1,61.4,56.5,14.6,94.4,6.51,100.0,76.0,4,1,2,0.325,0
S00644,0,late_night,20.9,0.533,77.8,1,65.1,44.6,16.5,38.4,6.13,100.0,82.3,1,1,4,0.3395,1
S00645,17,afternoon,8.6,0.983,61.9,0,63.1,60.5,13.6,61.1,6.34,100.0,57.7,3,0,3,0.3881,0
S00646,6,morning,9.9,0.588,82.6,1,60.3,63.2,11.1,67.2,6.74,100.0,67.8,1,2,4,0.4373,0
S00647,23,night,11.7,0.342,63.2,2,41.6,35.3,12.3,40.0,4.23,100.0,20.3,1,0,3,0.0261,0
S00648,11,morning,7.7,0.956,80.5,1,61.5,72.5,13.6,40.5,6.39,100.0,58.7,1,2,2,0.432,1
S00649,6,morning,10.0,0.189,89.3,0,60.0,70.4,10.2,57.2,3.66,100.0,31.6,2,0,1,0.0998,0
S00650,5,late_night,17.3,0.5,59.5,0,79.0,87.4,3.2,84.5,8.13,100.0,40.2,2,1,2,0.8072,0
S00651,19,evening,15.6,0.365,91.3,0,45.8,68.6,16.9,68.6,7.09,100.0,35.0,3,0,1,0.3546,1
S00652,9,morning,19.5,0.963,100.0,0,86.7,79.2,4.5,86.1,9.73,100.0,62.7,1,2,6,0.9262,1
S00653,8,morning,10.5,0.062,69.7,3,52.2,23.8,6.6,64.5,6.46,100.0,47.8,1,0,1,0.0222,0
S00654,17,afternoon,12.2,0.757,83.6,0,81.2,52.1,16.1,43.9,7.24,100.0,57.4,3,1,4,0.5047,0
S00655,12,afternoon,17.8,0.703,68.9,3,50.7,60.1,4.4,62.7,5.66,100.0,39.5,1,0,2,0.0631,1
S00656,15,afternoon,25.5,0.823,63.1,0,48.9,55.4,12.2,82.5,5.0,100.0,51.4,1,1,2,0.2834,1
S00657,10,morning,15.3,0.786,81.9,1,59.8,58.2,7.3,76.7,5.93,100.0,45.6,2,0,3,0.2363,0
S00658,1,late_night,16.0,0.805,89.2,0,70.6,89.2,6.7,57.9,6.42,100.0,64.2,3,0,2,0.5297,1
S00659,0,late_night,5.8,0.773,78.2,1,40.7,75.4,21.5,59.5,5.2,100.0,49.5,1,1,5,0.3278,0
S00660,0,late_night,4.4,0.404,65.9,5,29.0,23.7,15.0,30.8,3.91,100.0,17.8,0,1,5,0.0225,0
S00661,13,afternoon,11.1,0.455,83.3,3,62.5,83.3,13.5,56.6,5.09,100.0,44.7,1,0,3,0.1091,0
S00662,12,afternoon,7.2,0.186,74.6,4,44.2,25.7,17.0,76.1,6.44,100.0,57.7,0,0,1,0.0378,0
S00663,17,afternoon,10.9,0.385,51.9,1,47.6,75.4,10.1,69.7,6.73,100.0,65.5,0,2,1,0.375,1
S00664,21,evening,18.9,0.53,81.8,1,73.3,56.5,16.5,42.9,6.36,100.0,36.0,2,0,4,0.184,0
S00665,4,late_night,11.9,0.329,84.2,4,63.3,31.3,16.9,34.1,5.01,100.0,33.3,0,0,1,0.0078,0
S00666,22,night,6.5,0.0,56.7,1,40.0,35.3,18.2,44.2,5.03,37.2,38.6,3,0,8,0.087,0
S00667,22,night,8.6,0.578,96.3,0,50.8,55.1,8.1,64.1,6.3,100.0,75.5,5,0,2,0.5233,0
S00668,14,afternoon,15.8,0.477,52.1,2,57.7,68.7,14.8,60.0,7.72,100.0,58.9,2,2,5,0.4569,0
S00669,12,afternoon,4.1,0.275,49.0,1,8.4,13.8,17.1,24.5,2.91,100.0,20.4,0,0,4,0.0046,0
S00670,4,late_night,7.4,0.993,66.7,0,55.9,62.2,14.9,66.2,5.7,100.0,67.1,1,0,6,0.4817,0
S00671,4,late_night,15.7,0.628,92.9,0,67.4,45.3,9.3,55.6,6.96,100.0,75.7,1,1,6,0.3553,0
S00672,0,late_night,14.0,0.261,88.9,0,37.6,39.2,21.6,49.7,6.28,100.0,54.0,0,0,8,0.0802,1
S00673,15,afternoon,1.0,0.0,58.0,3,41.2,31.2,16.0,56.0,4.75,61.4,35.5,0,0,3,0.0366,0
S00674,10,morning,11.2,0.813,94.3,5,55.2,60.5,9.8,74.8,8.66,100.0,72.7,3,0,1,0.3943,0
S00675,4,late_night,12.6,0.429,97.6,0,64.8,60.8,10.3,57.4,7.06,100.0,59.9,0,0,3,0.2888,1
S00676,3,late_night,22.1,1.0,88.6,0,99.8,78.0,7.2,100.0,8.3,100.0,65.6,2,2,3,0.8761,1
S00677,1,late_night,11.2,0.893,75.3,4,58.9,83.0,8.6,79.4,6.37,100.0,70.9,3,0,5,0.6321,1
S00678,15,afternoon,9.8,0.299,84.1,1,64.5,61.6,13.9,66.3,7.08,100.0,57.3,1,0,2,0.2113,0
S00679,16,afternoon,14.4,0.636,56.0,1,49.8,60.2,12.3,57.1,6.4,100.0,55.2,3,1,6,0.3847,0
S00680,15,afternoon,12.6,0.931,78.2,0,62.3,79.8,18.1,92.1,8.61,100.0,72.8,3,1,3,0.5842,1
S00681,2,late_night,16.0,0.848,100.0,1,59.2,91.1,9.0,88.2,8.02,100.0,51.2,2,0,1,0.4181,0
S00682,0,late_night,11.3,0.318,72.5,1,82.9,86.4,9.0,57.6,6.31,100.0,45.2,2,0,2,0.4013,0
S00683,2,late_night,5.0,0.301,78.6,1,39.6,47.7,11.3,70.6,5.76,100.0,56.8,1,1,0,0.0237,0
S00684,18,evening,13.7,0.229,74.4,2,51.5,39.0,20.3,77.9,4.78,100.0,75.7,1,0,2,0.0291,0
S00685,17,afternoon,11.6,0.583,63.7,2,58.3,55.3,7.2,64.6,7.43,100.0,18.0,1,1,4,0.0267,0
S00686,7,morning,18.1,0.751,79.7,2,78.6,81.8,10.8,65.1,6.4,100.0,70.7,0,0,3,0.0961,1
S00687,1,late_night,14.4,0.235,100.0,1,82.4,80.7,10.3,74.3,8.35,100.0,64.5,3,1,4,0.6982,1
S00688,7,morning,7.4,0.421,74.6,1,53.8,52.4,8.4,77.5,5.3,100.0,44.2,0,0,3,0.0285,0
S00689,19,evening,16.2,0.646,77.2,1,49.2,54.6,23.4,67.4,4.05,100.0,42.8,0,0,8,0.1044,0
S00690,3,late_night,6.9,0.627,96.5,3,73.0,40.0,7.6,72.0,5.59,100.0,70.4,1,1,4,0.278,0
S00691,19,evening,16.3,0.542,63.7,1,48.4,56.3,12.6,87.3,5.98,100.0,63.7,2,0,1,0.1303,0
S00692,11,morning,20.1,0.62,61.9,0,62.9,80.1,16.8,60.4,8.12,100.0,45.2,1,1,4,0.5601,1
S00693,3,late_night,8.7,0.0,78.5,3,46.5,25.9,15.0,36.1,4.55,44.5,46.1,0,0,2,0.004,1
S00694,22,night,6.8,0.423,65.4,0,53.7,59.9,14.2,55.2,4.26,100.0,70.6,2,0,4,0.1341,0
S00695,12,afternoon,6.4,0.443,77.1,1,54.6,60.9,12.2,50.9,5.95,100.0,60.8,3,2,3,0.286,0
S00696,16,afternoon,4.2,0.325,40.0,6,38.1,19.5,16.4,14.4,4.9,100.0,16.1,0,0,1,0.0015,0
S00697,2,late_night,3.9,0.545,68.1,0,47.5,49.8,18.3,63.4,5.95,100.0,58.9,3,0,3,0.1342,0
S00698,8,morning,5.4,0.43,46.2,4,34.6,45.7,12.1,42.9,5.13,100.0,30.8,1,0,5,0.0712,0
S00699,15,afternoon,14.0,0.739,69.3,2,60.1,30.8,1.8,50.6,6.33,100.0,57.1,1,1,2,0.2662,0
S00700,15,afternoon,17.9,0.642,69.2,2,73.2,71.3,9.6,69.9,7.88,100.0,50.5,4,0,2,0.5329,0
S00701,1,late_night,7.1,0.224,54.9,1,48.5,42.2,12.7,56.5,7.63,100.0,59.6,1,0,3,0.0273,0
S00702,14,afternoon,11.6,0.491,57.2,4,36.7,45.2,14.8,49.2,7.07,100.0,38.8,3,0,4,0.1491,0
S00703,22,night,13.6,0.567,35.1,0,58.9,65.4,11.4,72.9,7.08,100.0,39.0,2,0,4,0.1468,0
S00704,18,evening,21.2,0.807,61.0,1,59.0,70.1,6.5,87.6,7.71,100.0,66.0,2,2,4,0.6404,0
S00705,4,late_night,11.3,0.151,73.9,3,46.9,33.5,13.0,48.2,5.4,100.0,50.9,0,0,3,0.0211,0
S00706,21,evening,13.5,0.772,67.9,2,46.4,48.1,20.9,44.8,5.57,100.0,61.9,1,1,3,0.2695,0
S00707,16,afternoon,15.6,0.776,58.4,1,65.5,95.1,10.7,66.6,7.32,100.0,50.4,4,3,10,0.8841,1
S00708,1,late_night,15.3,0.459,76.4,1,61.4,28.8,15.1,48.8,5.74,100.0,31.0,2,0,3,0.1069,0
S00709,3,late_night,8.8,0.46,62.0,0,74.0,69.9,6.6,68.8,9.18,100.0,69.0,4,0,3,0.4132,0
S00710,22,night,11.5,0.763,80.7,1,52.7,51.3,10.9,50.5,5.69,100.0,76.6,2,1,4,0.3599,0
S00711,5,late_night,13.9,0.435,73.9,1,77.1,62.7,6.6,95.2,8.57,100.0,50.5,2,2,3,0.6875,1
S00712,2,late_night,7.9,0.847,56.8,1,45.4,42.3,19.2,52.1,3.16,100.0,56.1,1,0,3,0.0408,0
S00713,10,morning,13.7,0.426,68.5,0,77.4,53.7,5.8,55.4,6.21,100.0,50.3,1,0,2,0.1235,0
S00714,12,afternoon,13.9,0.862,100.0,2,51.6,62.3,13.9,68.2,5.93,100.0,82.7,3,1,1,0.566,0
S00715,13,afternoon,9.9,0.331,48.9,0,29.3,38.1,15.8,33.8,5.39,100.0,39.8,3,0,0,0.0453,0
S00716,15,afternoon,6.6,0.632,60.9,2,49.6,10.2,16.2,36.3,4.42,100.0,44.9,0,0,5,0.026,0
S00717,23,night,11.1,0.506,87.2,1,72.5,83.0,1.2,74.6,8.64,100.0,28.8,2,0,4,0.3185,0
S00718,18,evening,15.3,0.501,52.8,0,67.8,66.6,4.6,59.8,5.87,100.0,76.5,2,1,3,0.2958,0
S00719,0,late_night,10.3,0.558,37.9,2,50.8,36.4,14.5,63.3,4.35,100.0,40.9,0,1,1,0.0164,0
S00720,2,late_night,7.6,0.668,60.2,0,82.2,57.3,8.5,28.2,5.43,100.0,73.9,1,2,4,0.1753,0
S00721,0,late_night,14.6,0.939,90.4,1,71.6,88.4,7.2,84.2,7.27,100.0,51.7,5,1,2,0.7303,1
S00722,9,morning,1.0,0.11,46.6,1,43.1,38.5,14.9,30.4,4.72,95.5,40.1,0,0,0,0.0182,0
S00723,8,morning,7.7,0.342,54.6,2,36.8,53.3,10.8,31.5,5.76,100.0,34.3,2,0,3,0.056,0
S00724,22,night,8.4,0.661,76.3,2,53.8,49.6,8.9,31.2,4.28,100.0,35.4,0,1,5,0.0896,0
S00725,8,morning,14.1,0.628,69.6,1,84.3,87.7,9.1,71.4,7.31,100.0,59.4,5,0,3,0.557,1
S00726,0,late_night,19.2,0.707,70.9,0,71.7,78.9,3.8,84.2,5.75,100.0,54.6,1,0,4,0.5892,1
S00727,21,evening,9.7,0.621,53.4,0,77.0,64.6,8.4,82.1,7.06,100.0,54.1,1,1,2,0.5263,0
S00728,6,morning,11.4,0.42,65.7,1,14.0,47.3,11.6,69.1,6.21,100.0,25.3,0,0,1,0.0198,0
S00729,21,evening,17.4,0.399,64.5,2,45.9,16.6,14.1,48.3,5.44,100.0,52.5,1,1,4,0.0373,0
S00730,18,evening,17.7,0.46,85.5,0,59.6,45.3,20.7,68.2,7.54,100.0,28.3,1,0,3,0.0806,0
S00731,21,evening,12.0,0.507,53.3,2,56.9,64.8,8.0,43.7,7.31,100.0,50.3,0,0,5,0.0727,0
S00732,19,evening,9.1,0.661,71.5,1,63.8,73.5,12.5,49.1,6.52,100.0,34.6,3,0,6,0.4555,0
S00733,3,late_night,6.0,0.501,49.3,0,67.5,50.7,13.3,58.2,5.01,100.0,67.4,0,0,2,0.025,0
S00734,15,afternoon,11.2,0.906,68.5,0,65.4,54.6,13.7,48.5,6.22,100.0,75.2,1,1,2,0.3954,0
S00735,9,morning,9.7,0.776,93.5,0,56.8,55.9,10.8,53.5,7.5,100.0,64.8,1,1,4,0.3378,1
S00736,15,afternoon,11.5,0.725,71.4,1,54.7,71.2,16.2,71.1,7.96,100.0,52.5,5,0,2,0.6898,1
S00737,17,afternoon,13.1,0.518,56.0,2,85.0,41.5,13.1,86.1,7.47,100.0,48.7,0,1,7,0.2873,0
S00738,12,afternoon,6.7,0.142,46.8,4,34.1,40.9,18.0,44.3,5.67,79.2,41.5,0,0,6,0.008,0
S00739,7,morning,7.2,0.608,27.9,1,31.7,26.9,10.8,21.0,4.17,100.0,40.7,0,0,1,0.0113,0
S00740,21,evening,10.1,0.498,58.6,1,93.4,75.0,10.4,51.2,7.27,100.0,68.2,2,0,0,0.3708,0
S00741,15,afternoon,12.8,0.751,89.6,0,68.1,73.1,7.6,76.5,6.24,100.0,68.1,0,2,2,0.5155,1
S00742,21,evening,8.3,0.469,40.1,2,45.0,27.1,10.6,43.2,6.65,100.0,18.3,1,1,1,0.0432,0
S00743,5,late_night,5.6,0.209,59.8,1,40.0,18.8,13.2,42.9,4.36,100.0,53.8,1,0,1,0.028,0
S00744,20,evening,19.6,0.364,71.2,0,45.1,77.7,11.6,60.6,6.16,100.0,61.4,2,1,1,0.4348,1
S00745,7,morning,15.7,0.533,69.5,1,54.0,63.3,12.0,71.4,7.42,100.0,48.9,2,1,3,0.271,0
S00746,11,morning,10.9,0.71,87.8,0,76.8,92.9,12.3,96.2,9.98,100.0,51.3,4,2,6,0.8826,1
S00747,20,evening,15.2,0.486,60.1,2,61.7,52.2,14.7,80.3,8.06,100.0,59.0,1,2,4,0.2372,0
S00748,8,morning,13.1,0.76,79.6,1,56.9,52.6,13.9,62.3,5.73,100.0,55.5,0,0,3,0.1006,0
S00749,6,morning,8.8,0.414,52.4,1,39.5,40.2,14.0,41.4,5.99,100.0,33.1,3,0,3,0.0981,0
S00750,21,evening,7.2,0.447,64.3,0,64.5,54.7,10.7,55.5,7.74,100.0,55.9,1,1,2,0.5337,0
S00751,23,night,18.1,0.527,60.0,0,34.8,49.7,11.6,67.9,6.52,100.0,56.0,1,0,2,0.0891,0
S00752,7,morning,4.7,0.531,72.2,1,47.1,61.1,10.9,66.5,5.5,100.0,61.8,2,1,3,0.1618,1
S00753,7,morning,20.8,0.788,94.6,0,88.2,100.0,6.2,69.3,6.66,100.0,65.6,1,0,1,0.5639,1
S00754,5,late_night,18.2,0.998,45.0,0,84.7,85.8,9.8,100.0,9.71,100.0,35.3,3,1,4,0.9088,0
S00755,0,late_night,17.8,0.466,82.9,0,72.0,69.0,15.9,65.1,6.72,100.0,65.6,1,1,3,0.417,1
S00756,13,afternoon,16.1,0.646,36.5,1,42.3,29.2,13.2,59.9,3.62,100.0,24.1,1,0,6,0.0224,0
S00757,6,morning,16.8,0.676,71.7,2,68.3,53.2,7.1,100.0,5.64,100.0,47.4,1,1,4,0.2448,0
S00758,20,evening,11.7,0.636,73.5,1,80.0,84.3,14.6,50.0,6.35,100.0,38.6,1,2,3,0.6639,1
S00759,4,late_night,17.8,0.478,68.3,0,59.3,46.6,3.1,72.9,7.47,100.0,65.1,1,2,4,0.4262,0
S00760,15,afternoon,13.2,0.492,87.5,0,84.8,70.2,13.7,72.0,9.04,100.0,46.2,1,0,4,0.7344,0
S00761,12,afternoon,14.6,0.312,85.9,1,79.0,68.8,5.0,74.4,7.54,100.0,73.8,3,1,4,0.4981,0
S00762,14,afternoon,9.0,0.508,64.3,0,51.5,37.1,13.1,62.7,9.05,100.0,42.1,0,1,3,0.4952,1
S00763,2,late_night,9.8,0.763,62.9,0,66.4,51.9,8.8,39.3,6.8,100.0,28.6,1,2,2,0.2815,0
S00764,11,morning,13.2,0.409,72.2,1,54.3,46.7,12.6,56.7,6.64,100.0,51.8,0,1,1,0.1708,0
S00765,15,afternoon,8.1,0.0,32.6,3,23.6,25.0,23.9,46.5,2.67,72.4,24.4,0,0,4,0.0074,0
S00766,8,morning,5.4,0.381,63.5,4,68.9,62.3,8.5,79.1,6.02,100.0,75.3,2,0,4,0.2172,0
S00767,20,evening,12.3,0.39,85.8,0,58.1,62.5,9.1,60.7,3.85,100.0,41.5,1,0,3,0.1577,1
S00768,12,afternoon,4.9,0.289,37.2,5,47.3,32.1,14.9,65.6,3.75,100.0,64.6,0,0,5,0.0652,0
S00769,8,morning,22.2,0.776,78.4,0,69.3,76.0,14.7,74.6,8.98,100.0,60.5,2,0,2,0.488,0
S00770,0,late_night,15.8,1.0,74.9,0,82.9,80.8,9.3,74.1,6.71,100.0,70.7,5,1,5,0.7957,1
S00771,4,late_night,11.6,1.0,100.0,1,63.2,67.4,9.5,81.1,6.41,100.0,55.2,1,1,4,0.3233,0
S00772,11,morning,13.1,0.989,64.0,0,63.8,66.6,12.2,60.3,5.02,100.0,92.2,0,0,5,0.6157,0
S00773,9,morning,12.4,0.428,73.6,1,69.6,82.3,5.3,90.3,8.76,100.0,45.9,0,1,5,0.435,0
S00774,20,evening,17.1,0.381,54.6,1,70.7,25.5,12.7,45.3,8.15,100.0,9.3,1,2,5,0.1629,0
S00775,18,evening,12.6,0.72,71.8,1,58.8,68.5,10.0,74.6,6.65,100.0,60.1,0,0,3,0.2754,0
S00776,3,late_night,8.1,0.295,65.3,4,49.2,44.2,19.5,64.5,6.24,100.0,33.1,2,0,0,0.0279,0
S00777,14,afternoon,15.6,0.782,59.9,0,67.1,66.7,14.4,70.7,5.77,100.0,60.4,0,5,1,0.6313,1
S00778,10,morning,8.2,0.6,85.3,0,60.0,73.0,6.6,73.6,7.8,100.0,54.3,1,0,3,0.2543,1
S00779,2,late_night,2.9,0.67,63.6,1,45.4,18.3,13.5,39.9,4.35,100.0,39.2,0,0,2,0.05,0
S00780,15,afternoon,13.5,0.751,82.4,3,62.4,42.2,14.2,51.5,7.11,100.0,48.6,1,0,4,0.0815,1
S00781,12,afternoon,7.4,0.75,64.4,2,50.1,56.0,8.2,65.3,6.39,100.0,60.7,2,0,2,0.1863,1
S00782,2,late_night,13.0,0.737,88.0,1,85.6,55.3,4.1,73.1,6.56,100.0,60.4,1,4,3,0.7397,1
S00783,11,morning,18.0,0.665,74.0,3,79.4,68.0,8.4,75.4,6.6,100.0,58.1,1,0,6,0.3779,0
S00784,17,afternoon,14.1,0.491,92.0,0,64.1,68.3,13.4,65.7,6.68,100.0,47.6,1,1,7,0.4074,0
S00785,7,morning,7.7,0.286,73.7,0,59.4,66.2,15.7,63.9,4.92,100.0,80.9,1,1,2,0.1692,0
S00786,8,morning,9.7,0.851,70.5,1,62.3,59.6,12.8,65.9,6.85,100.0,74.9,0,1,2,0.2197,0
S00787,2,late_night,7.8,0.669,61.5,2,53.9,52.4,22.3,67.4,4.86,100.0,31.7,0,1,6,0.2443,1
S00788,4,late_night,15.9,0.319,53.6,2,45.8,37.7,11.5,48.9,5.85,100.0,48.5,0,0,2,0.0141,0
S00789,23,night,15.2,0.788,72.4,0,46.3,50.1,15.3,54.6,4.97,100.0,41.9,3,0,6,0.3484,1
S00790,14,afternoon,8.1,0.312,76.3,2,64.8,50.3,9.1,63.7,6.12,100.0,31.8,1,0,2,0.0232,0
S00791,4,late_night,10.6,0.0,49.7,1,64.4,21.9,20.9,51.5,5.94,71.2,0.0,2,0,1,0.0207,0
S00792,11,morning,8.1,0.828,76.0,1,59.1,82.7,16.4,73.0,6.89,100.0,53.2,1,1,1,0.5401,0
S00793,4,late_night,10.5,0.353,75.9,2,72.6,54.6,14.1,73.3,6.85,100.0,53.6,3,0,2,0.0996,0
S00794,10,morning,7.1,0.243,61.1,5,53.1,39.7,8.6,44.1,6.02,100.0,64.6,0,0,2,0.0234,0
S00795,3,late_night,13.4,0.573,43.4,0,49.0,57.2,15.1,56.5,5.58,100.0,70.0,3,1,3,0.253,0
S00796,14,afternoon,14.6,0.776,64.1,1,50.4,58.1,6.7,65.6,7.06,100.0,68.4,2,1,3,0.2087,0
S00797,13,afternoon,16.2,0.879,58.0,0,87.9,88.3,11.7,72.6,8.31,100.0,72.4,3,0,0,0.7937,1
S00798,15,afternoon,15.4,0.82,78.7,0,72.2,85.3,4.1,79.1,8.05,100.0,73.9,1,1,4,0.5722,0
S00799,10,morning,11.5,0.666,56.8,1,55.3,39.7,13.0,68.8,6.3,100.0,62.5,1,2,4,0.2164,0
S00800,6,morning,8.3,0.265,55.8,0,50.3,45.3,12.3,54.4,4.36,100.0,70.7,1,1,2,0.0318,0
S00801,5,late_night,7.0,0.446,43.4,3,43.3,45.3,11.1,54.3,6.28,100.0,29.5,1,0,2,0.0252,0
S00802,5,late_night,14.0,0.301,66.7,1,93.7,38.0,13.7,52.5,5.64,100.0,49.8,0,1,2,0.1806,0
S00803,10,morning,14.8,0.919,56.2,1,59.2,37.9,11.0,60.6,9.2,100.0,47.8,2,0,2,0.6591,1
S00804,10,morning,16.7,0.463,91.7,0,78.7,66.0,8.6,84.2,6.72,100.0,54.5,3,1,2,0.374,1
S00805,16,afternoon,10.6,0.646,86.0,1,86.1,57.6,12.7,64.1,6.6,100.0,59.3,1,1,6,0.409,1
S00806,1,late_night,7.6,0.266,71.2,1,71.3,43.6,19.9,62.2,6.7,100.0,78.7,2,0,3,0.1886,0
S00807,6,morning,9.9,0.217,55.5,1,56.0,24.8,15.6,48.9,5.68,100.0,61.0,2,1,5,0.0447,0
S00808,20,evening,16.9,0.505,36.9,2,51.9,52.1,5.4,57.1,5.18,100.0,71.4,0,0,1,0.0884,0
S00809,21,evening,13.3,0.477,64.9,1,61.1,50.3,5.3,72.5,8.43,100.0,55.1,1,2,5,0.6532,0
S00810,22,night,9.7,0.749,57.0,2,35.8,68.5,12.7,62.5,6.61,100.0,51.9,2,0,3,0.1234,0
S00811,7,morning,11.2,0.509,69.1,1,52.3,52.1,17.3,41.3,5.62,100.0,60.2,2,0,2,0.2261,0
S00812,3,late_night,8.2,0.495,81.3,2,63.4,71.1,12.0,71.0,7.16,100.0,63.0,2,0,8,0.2299,0
S00813,4,late_night,15.7,0.448,70.8,0,61.4,30.7,15.1,50.4,7.16,100.0,58.4,1,0,3,0.1078,0
S00814,3,late_night,10.9,0.7,83.9,1,70.4,41.7,13.0,38.7,7.42,100.0,86.0,1,0,4,0.5759,1
S00815,22,night,10.3,0.778,64.0,0,70.9,64.0,15.2,74.3,7.04,100.0,65.7,1,0,2,0.5982,1
S00816,21,evening,10.1,0.262,57.6,1,65.9,57.8,15.3,43.3,4.78,100.0,40.8,2,0,3,0.033,0
S00817,19,evening,10.6,0.45,87.5,1,62.8,53.6,7.4,60.4,5.51,100.0,45.9,0,0,1,0.1169,0
S00818,17,afternoon,18.1,0.686,74.7,1,76.1,55.8,13.2,68.5,5.39,100.0,69.3,1,1,1,0.1042,0
S00819,8,morning,7.8,0.45,57.2,0,46.4,37.3,8.1,48.6,4.6,100.0,59.6,1,0,3,0.0718,0
S00820,11,morning,11.2,0.268,93.8,2,65.6,47.7,14.8,49.2,6.01,100.0,66.8,2,0,3,0.0773,1
S00821,20,evening,18.6,0.915,90.2,0,85.3,100.0,8.0,65.9,8.3,100.0,71.4,0,1,1,0.787,1
S00822,19,evening,5.6,0.198,57.8,1,50.0,45.5,15.0,40.1,6.35,100.0,32.4,0,0,2,0.0393,0
S00823,12,afternoon,6.4,0.493,42.8,0,19.2,28.8,17.5,25.8,2.1,100.0,65.4,1,1,5,0.0333,0
S00824,20,evening,7.5,0.377,75.0,0,48.6,16.8,16.9,40.0,4.44,100.0,64.0,1,0,3,0.0241,0
S00825,8,morning,5.9,0.328,73.3,1,64.1,43.6,17.6,55.8,6.99,100.0,49.4,2,2,7,0.6716,1
S00826,9,morning,13.1,0.449,70.6,0,67.4,55.9,12.1,45.8,3.73,100.0,60.7,0,3,2,0.1292,0
S00827,20,evening,11.5,0.423,79.2,2,61.7,69.9,13.0,57.2,6.82,100.0,57.1,1,1,3,0.1515,1
S00828,9,morning,16.2,0.764,92.9,1,79.4,72.6,14.9,67.6,10.0,100.0,56.7,3,2,2,0.9271,1
S00829,18,evening,4.1,0.108,56.9,3,40.9,18.7,24.9,35.8,4.33,100.0,21.6,1,0,3,0.0026,0
S00830,10,morning,14.2,0.38,86.4,0,60.0,54.6,11.1,70.7,7.24,100.0,66.0,2,0,5,0.4818,1
S00831,7,morning,22.0,0.505,89.3,0,83.4,59.0,6.8,95.3,7.94,100.0,42.0,2,3,0,0.5844,0
S00832,5,late_night,3.9,0.491,69.3,3,38.7,47.5,12.4,57.4,5.49,100.0,39.3,1,0,3,0.0244,0
S00833,14,afternoon,9.5,0.55,56.0,4,61.2,49.6,14.6,44.8,7.62,100.0,78.4,2,0,3,0.2941,0
S00834,11,morning,12.4,0.458,91.1,1,53.5,52.8,12.7,27.6,5.33,100.0,56.7,0,1,2,0.094,0
S00835,8,morning,11.2,0.47,44.3,0,43.0,47.3,6.8,33.9,6.71,100.0,55.4,0,0,1,0.0825,0
S00836,17,afternoon,12.9,0.377,72.0,1,57.0,41.9,17.1,52.4,6.61,100.0,48.6,0,2,0,0.1225,0
S00837,0,late_night,27.3,0.801,61.4,1,71.4,80.7,12.4,58.4,9.7,100.0,40.1,2,3,1,0.8796,1
S00838,2,late_night,20.0,1.0,83.2,0,78.3,68.2,12.9,74.8,9.61,100.0,72.2,2,1,2,0.7069,1
S00839,23,night,15.5,0.735,58.7,2,59.5,55.9,18.0,58.7,6.32,100.0,60.5,0,0,4,0.2286,1
S00840,15,afternoon,16.5,0.778,87.3,0,85.5,83.9,9.0,76.2,8.72,100.0,78.3,2,1,2,0.6277,1
S00841,13,afternoon,8.1,0.451,75.4,0,41.2,77.0,13.0,65.7,6.23,100.0,49.3,2,1,1,0.1631,0
S00842,0,late_night,16.0,0.241,69.7,1,84.7,72.1,12.5,74.0,9.41,100.0,59.4,2,2,2,0.78,1
S00843,14,afternoon,14.6,0.75,68.8,1,55.8,40.8,7.3,51.8,5.81,100.0,63.0,2,1,5,0.4138,0
S00844,10,morning,14.0,0.727,92.0,1,57.4,54.9,10.3,83.9,6.76,100.0,36.9,2,0,1,0.1447,0
S00845,14,afternoon,14.7,0.496,53.2,1,53.1,70.4,11.0,65.6,6.71,100.0,69.4,1,0,4,0.3865,1
S00846,0,late_night,20.7,0.74,82.6,0,97.7,68.9,9.3,98.3,8.66,100.0,71.7,0,3,2,0.8533,1
S00847,13,afternoon,13.1,0.447,89.7,2,65.0,80.4,8.1,81.5,7.66,100.0,64.5,3,0,4,0.2498,1
S00848,13,afternoon,9.2,0.533,65.5,1,64.2,45.6,10.6,64.7,4.2,100.0,85.4,3,0,3,0.0892,1
S00849,6,morning,17.8,0.677,80.0,1,54.1,57.9,8.3,68.3,7.12,100.0,56.7,2,0,5,0.2344,1
S00850,1,late_night,14.3,0.634,82.4,0,46.0,48.5,14.6,70.6,6.77,100.0,54.9,1,0,4,0.1914,0
S00851,23,night,6.5,0.494,54.2,1,43.8,42.3,12.7,51.2,6.13,100.0,52.5,1,1,4,0.1623,0
S00852,17,afternoon,17.8,0.88,69.5,1,73.5,56.0,4.4,84.2,7.65,100.0,30.8,3,1,2,0.5611,1
S00853,14,afternoon,9.5,0.629,60.6,0,72.1,35.2,6.9,47.5,5.67,100.0,64.4,1,0,4,0.0769,0
S00854,18,evening,14.7,0.758,67.0,1,68.4,70.7,12.0,61.4,7.86,100.0,21.6,1,1,5,0.4475,0
S00855,16,afternoon,11.3,0.134,90.2,0,49.2,51.5,12.7,64.8,5.63,100.0,66.4,3,0,0,0.1697,0
S00856,3,late_night,19.3,0.354,47.2,1,59.7,58.0,11.4,70.0,7.58,100.0,46.6,2,1,4,0.5126,0
S00857,10,morning,11.6,0.541,55.5,2,57.0,74.1,9.3,56.6,8.27,100.0,46.5,0,0,0,0.1406,0
S00858,21,evening,6.9,0.475,34.0,2,41.8,31.6,19.0,20.9,2.84,100.0,42.8,1,0,4,0.0073,0
S00859,6,morning,16.4,1.0,96.4,2,63.5,48.6,12.1,74.9,6.83,100.0,39.1,1,0,1,0.1361,0
S00860,23,night,5.6,0.37,52.9,1,34.1,52.3,15.3,48.7,4.92,100.0,47.4,2,0,5,0.0884,0
S00861,1,late_night,7.4,0.211,53.6,2,48.5,55.6,16.4,41.4,5.19,100.0,29.9,1,0,2,0.0247,0
S00862,7,morning,10.8,0.15,45.3,1,71.9,63.2,18.5,81.2,5.49,100.0,35.3,3,0,2,0.0939,0
S00863,8,morning,10.2,0.735,66.7,2,59.2,48.8,7.7,59.4,5.43,100.0,52.2,0,2,3,0.1303,0
S00864,14,afternoon,8.2,0.336,77.4,2,52.9,30.6,11.7,48.2,5.68,100.0,69.2,1,1,5,0.1282,0
S00865,4,late_night,18.9,1.0,80.4,0,54.9,58.8,9.0,49.5,6.85,100.0,70.8,4,0,1,0.6645,1
S00866,5,late_night,5.6,0.201,57.6,2,23.3,40.4,19.7,34.2,4.88,100.0,38.8,1,0,2,0.0179,0
S00867,15,afternoon,13.0,0.91,43.3,2,36.6,69.4,11.3,68.0,6.95,100.0,50.1,0,0,6,0.5433,0
S00868,6,morning,11.5,0.612,60.4,1,52.5,40.7,10.0,46.9,4.24,100.0,43.3,1,1,2,0.032,0
S00869,21,evening,6.3,0.337,71.8,0,56.4,49.6,11.7,69.0,6.33,100.0,36.8,3,0,4,0.1417,0
S00870,20,evening,14.9,0.638,57.4,0,68.8,74.2,11.9,49.6,6.22,100.0,41.0,2,1,4,0.2499,0
S00871,7,morning,3.3,0.553,71.8,1,45.9,38.7,18.8,40.5,5.41,100.0,52.9,1,0,1,0.0342,0
S00872,13,afternoon,16.7,0.614,89.1,1,78.6,88.7,9.0,59.2,6.71,100.0,48.4,0,0,5,0.2801,0
S00873,7,morning,10.2,0.727,62.6,2,69.5,57.1,9.1,68.4,5.39,100.0,54.5,0,1,4,0.1834,0
S00874,8,morning,6.4,0.429,65.8,2,34.1,45.5,12.1,38.6,4.81,100.0,28.3,1,0,2,0.0205,0
S00875,16,afternoon,1.0,0.375,52.7,5,26.5,35.2,14.5,27.1,7.12,100.0,55.1,0,0,0,0.0815,0
S00876,7,morning,12.5,0.545,87.1,2,40.7,66.3,22.3,70.4,6.39,100.0,64.5,1,1,7,0.1413,0
S00877,3,late_night,15.0,0.282,98.7,0,71.7,52.8,14.0,65.5,5.53,100.0,77.0,0,1,2,0.104,0
S00878,6,morning,8.5,0.519,52.8,0,49.3,55.2,14.6,64.9,5.66,100.0,74.8,0,0,3,0.1945,1
S00879,22,night,9.5,0.581,81.3,3,44.7,62.6,12.1,65.2,7.4,100.0,41.0,1,0,4,0.0344,0
S00880,6,morning,14.5,0.209,91.4,1,64.0,70.7,12.1,54.2,5.87,100.0,43.5,3,0,3,0.2494,0
S00881,8,morning,16.8,0.726,63.0,2,56.5,77.6,13.3,87.5,8.84,100.0,66.0,2,2,7,0.8989,1
S00882,15,afternoon,1.0,0.364,52.5,1,48.0,21.2,16.5,48.6,3.64,100.0,35.0,2,0,1,0.0161,0
S00883,2,late_night,16.5,0.115,51.8,0,42.6,44.7,15.7,52.3,5.4,100.0,51.5,0,0,3,0.0242,0
S00884,6,morning,10.8,0.319,59.3,1,56.1,34.8,14.3,54.6,5.96,100.0,43.2,1,1,2,0.0447,0
S00885,4,late_night,15.7,0.531,67.0,1,71.8,55.5,10.0,53.8,7.58,100.0,70.5,3,0,4,0.4476,0
S00886,22,night,15.2,1.0,77.0,0,86.0,80.9,11.2,98.5,8.56,100.0,76.6,4,0,0,0.8096,0
S00887,22,night,3.3,0.529,79.1,1,56.9,72.3,13.2,56.9,6.29,100.0,47.8,1,0,7,0.2722,0
S00888,18,evening,7.2,0.382,21.5,3,21.4,20.2,25.5,34.9,4.9,100.0,12.5,0,0,4,0.0041,0
S00889,5,late_night,4.6,0.271,41.8,2,29.2,57.8,19.6,38.3,3.63,100.0,59.9,0,0,5,0.04,0
S00890,14,afternoon,11.7,0.05,73.4,0,44.7,33.2,11.0,66.6,4.94,91.6,40.8,0,0,3,0.0236,0
S00891,15,afternoon,9.5,0.601,73.8,1,73.3,65.0,8.4,70.2,5.48,100.0,51.3,0,1,3,0.401,0
S00892,20,evening,11.7,0.357,50.9,0,52.6,57.5,11.2,59.4,7.53,100.0,50.5,0,0,0,0.0611,0
S00893,3,late_night,9.0,0.489,78.7,0,62.1,61.0,7.6,44.8,7.01,100.0,61.0,3,0,0,0.4627,0
S00894,17,afternoon,14.5,0.293,87.4,1,71.4,70.2,10.8,56.6,6.84,100.0,43.8,1,0,3,0.0897,0
S00895,4,late_night,10.4,0.722,77.7,2,75.1,65.1,6.0,72.8,7.48,100.0,44.5,1,2,3,0.2935,0
S00896,13,afternoon,19.0,0.662,49.5,1,44.4,63.9,12.0,49.1,6.57,100.0,53.2,1,0,8,0.2342,0
S00897,21,evening,18.4,0.607,76.2,0,57.0,43.4,12.5,40.7,4.0,100.0,62.2,1,1,3,0.0488,0
S00898,1,late_night,20.0,0.939,99.7,2,61.5,57.0,11.6,48.6,6.62,100.0,56.0,1,0,2,0.2808,0
S00899,3,late_night,12.5,0.665,44.4,6,44.5,20.6,14.2,62.8,4.59,100.0,43.9,0,0,1,0.0153,0
S00900,19,evening,12.8,0.199,73.7,2,69.8,82.5,7.6,75.2,6.45,100.0,39.5,0,1,7,0.163,0
S00901,0,late_night,17.0,0.327,87.2,0,56.3,73.1,16.7,63.5,6.29,100.0,63.3,2,1,1,0.1873,0
S00902,16,afternoon,11.2,0.166,70.6,1,60.1,50.2,13.9,52.6,6.88,100.0,62.9,1,0,3,0.1919,0
S00903,12,afternoon,10.6,0.915,56.5,0,95.1,86.8,6.6,83.8,8.49,100.0,62.9,0,0,1,0.4499,0
S00904,8,morning,16.1,0.318,71.7,2,46.3,50.8,9.7,57.6,7.01,100.0,36.7,1,0,3,0.0312,0
S00905,20,evening,22.7,0.761,71.8,0,97.9,82.6,2.0,79.8,6.68,100.0,68.6,2,0,0,0.6988,1
S00906,20,evening,11.2,0.473,49.1,2,51.4,66.4,6.3,64.2,7.74,100.0,56.1,1,1,2,0.2518,0
S00907,7,morning,3.3,0.435,33.9,2,62.7,32.6,18.7,54.1,4.45,100.0,46.7,2,0,1,0.0277,0
S00908,0,late_night,9.9,0.263,88.4,1,52.3,32.7,15.6,71.0,7.89,100.0,39.2,1,4,4,0.2471,1
S00909,3,late_night,1.5,0.137,48.9,0,43.1,46.1,11.8,39.5,4.9,100.0,52.3,0,0,1,0.0416,0
S00910,2,late_night,13.5,0.437,69.0,0,66.1,48.3,19.0,58.9,6.04,100.0,52.9,1,0,1,0.1258,0
S00911,23,night,6.8,0.849,81.9,1,80.3,56.4,13.7,80.5,5.86,100.0,63.7,1,1,2,0.1104,0
S00912,14,afternoon,14.8,0.628,76.9,1,74.9,55.1,11.7,71.7,5.9,100.0,56.3,1,0,3,0.5701,1
S00913,16,afternoon,6.8,0.298,69.5,1,41.7,30.6,16.7,81.7,6.4,100.0,70.5,0,0,2,0.0262,0
S00914,5,late_night,9.3,0.268,83.6,2,72.7,67.5,12.5,70.7,4.92,100.0,60.9,1,0,3,0.0891,0
S00915,20,evening,16.4,0.914,81.3,0,73.9,63.7,10.3,54.1,6.56,100.0,82.9,1,2,1,0.5493,1
S00916,17,afternoon,15.0,0.618,70.1,0,68.7,89.7,8.2,67.6,8.85,100.0,67.0,3,2,1,0.6071,1
S00917,18,evening,16.9,0.4,61.5,1,73.3,71.6,10.5,59.8,6.67,100.0,40.8,3,0,1,0.1504,0
S00918,11,morning,11.0,0.411,79.3,0,68.6,71.3,2.8,83.7,7.12,100.0,75.7,1,1,2,0.3902,1
S00919,16,afternoon,3.3,0.0,53.1,2,24.5,37.9,12.6,51.3,5.95,79.5,38.3,0,0,0,0.0088,0
S00920,13,afternoon,1.5,0.31,73.9,2,40.0,52.3,19.8,60.1,8.02,100.0,46.4,0,0,2,0.0593,0
S00921,9,morning,1.0,0.372,79.6,2,66.7,42.6,10.4,56.0,5.55,100.0,65.4,0,1,2,0.1115,0
S00922,14,afternoon,19.6,0.326,76.1,3,56.3,59.0,4.4,86.3,7.9,100.0,37.0,1,0,2,0.1355,0
S00923,7,morning,18.6,0.501,53.3,0,48.2,71.3,16.8,45.7,7.39,100.0,25.3,0,0,5,0.2474,0
S00924,22,night,11.9,0.476,36.0,0,47.7,63.4,13.3,59.3,6.3,100.0,50.7,2,0,3,0.1744,0
S00925,17,afternoon,14.4,1.0,73.5,1,96.3,80.8,9.5,77.3,8.06,100.0,70.8,1,4,2,0.9241,1
S00926,17,afternoon,10.3,0.184,48.5,1,44.2,66.4,11.7,46.0,6.4,100.0,67.0,0,1,3,0.1612,0
S00927,17,afternoon,16.7,0.644,62.4,0,52.9,74.1,14.8,42.3,5.5,100.0,59.7,2,0,8,0.5226,0
S00928,10,morning,9.2,0.55,71.8,0,54.0,57.9,18.6,75.0,6.81,100.0,19.8,1,0,3,0.0775,0
S00929,22,night,13.2,0.355,71.9,1,60.7,55.1,9.8,53.7,6.25,100.0,40.9,2,0,2,0.2282,1
S00930,4,late_night,12.0,0.57,97.9,0,66.7,53.3,14.5,59.1,6.56,100.0,36.1,1,1,2,0.2143,0
S00931,13,afternoon,11.1,0.771,80.8,4,58.6,51.4,15.6,72.1,7.04,100.0,29.4,1,0,2,0.1205,0
S00932,1,late_night,13.4,0.744,100.0,1,89.4,76.5,7.4,60.5,6.93,100.0,59.4,2,0,1,0.6246,0
S00933,7,morning,18.1,1.0,93.9,0,73.1,73.7,14.7,70.1,8.28,100.0,72.5,1,1,3,0.737,1
S00934,13,afternoon,9.0,0.161,88.8,3,53.6,57.1,15.8,65.1,5.48,100.0,71.4,3,1,1,0.1225,0
S00935,11,morning,15.6,0.47,69.3,0,56.0,73.7,5.9,63.2,6.67,100.0,66.0,0,0,3,0.4302,1
S00936,22,night,6.7,0.672,44.7,1,38.5,62.1,20.7,34.0,4.12,100.0,39.7,0,0,6,0.0483,0
S00937,14,afternoon,12.2,0.719,62.6,0,47.3,61.3,7.4,68.3,5.53,100.0,70.7,0,0,4,0.1717,1
S00938,9,morning,20.4,0.799,77.3,1,78.8,69.9,7.4,66.8,5.28,100.0,57.5,3,0,3,0.1926,0
S00939,10,morning,13.9,0.927,67.5,0,60.4,69.9,13.0,73.2,7.02,100.0,61.1,2,1,2,0.4474,0
S00940,14,afternoon,16.3,0.198,56.7,0,61.2,74.6,15.7,65.0,7.22,100.0,46.3,1,0,1,0.2746,1
S00941,18,evening,7.5,0.842,83.3,2,60.3,75.1,10.6,83.4,7.65,100.0,56.6,1,1,5,0.5738,0
S00942,6,morning,11.6,0.836,58.8,1,54.1,67.2,8.5,71.6,8.12,100.0,51.6,1,1,3,0.322,0
S00943,14,afternoon,15.7,0.598,56.6,1,85.5,78.0,8.6,64.9,6.87,100.0,41.5,3,2,5,0.5746,1
S00944,13,afternoon,20.6,1.0,55.5,2,79.5,44.9,9.9,79.1,6.34,100.0,66.3,1,0,1,0.1222,0
S00945,0,late_night,3.1,0.536,63.6,0,68.4,57.7,16.1,52.4,7.03,100.0,55.4,1,0,3,0.229,0
S00946,21,evening,12.6,0.162,57.8,1,49.3,52.2,9.7,55.9,6.78,100.0,68.9,2,0,4,0.2476,0
S00947,13,afternoon,9.0,0.187,43.1,2,11.5,21.7,15.3,18.2,3.46,100.0,26.9,0,0,5,0.0032,0
S00948,5,late_night,10.0,0.463,82.1,1,84.4,54.5,5.3,38.1,9.04,100.0,67.9,2,0,2,0.2415,1
S00949,15,afternoon,1.0,0.236,49.4,2,13.7,14.0,16.9,14.6,2.23,100.0,9.6,0,0,2,0.0005,0
S00950,16,afternoon,8.2,0.401,46.3,1,25.6,32.0,15.0,47.8,4.12,100.0,52.8,1,0,3,0.0569,0
S00951,21,evening,14.1,0.498,54.1,1,76.2,50.6,6.6,50.6,6.0,100.0,67.8,3,3,2,0.4324,1
S00952,0,late_night,19.7,0.922,65.2,0,66.4,61.2,4.1,87.8,6.74,100.0,42.3,2,0,3,0.4501,0
S00953,9,morning,10.3,0.564,70.5,1,51.7,68.2,18.2,22.3,6.24,100.0,64.8,0,0,1,0.0478,0
S00954,4,late_night,15.2,0.278,77.6,2,29.1,20.8,9.4,44.8,6.29,100.0,74.1,0,1,1,0.0419,0
S00955,13,afternoon,14.7,0.725,86.3,0,73.2,79.2,4.0,59.2,9.44,100.0,54.6,2,1,3,0.6265,1
S00956,12,afternoon,7.6,0.581,84.1,2,63.7,39.1,19.2,67.7,6.33,100.0,73.8,1,1,3,0.2097,0
S00957,11,morning,17.8,0.814,100.0,0,80.5,100.0,10.9,94.5,6.73,100.0,42.9,4,2,1,0.8985,1
S00958,23,night,7.4,0.483,62.7,1,72.3,67.8,16.1,58.8,7.13,100.0,52.9,1,0,2,0.2731,0
S00959,12,afternoon,15.2,0.619,95.6,1,51.7,65.9,13.2,49.4,7.05,100.0,18.2,1,1,3,0.1661,0
S00960,9,morning,15.3,0.579,79.0,0,78.3,91.6,14.0,65.4,8.28,100.0,78.6,1,0,4,0.6976,1
S00961,1,late_night,9.7,0.123,86.3,2,78.0,62.8,15.3,66.4,7.86,100.0,32.8,1,1,5,0.1005,0
S00962,6,morning,11.0,0.447,72.6,0,36.5,44.0,12.6,42.9,5.12,100.0,19.7,0,2,3,0.0754,0
S00963,21,evening,7.1,0.136,39.5,2,61.4,49.3,8.0,54.0,6.96,95.5,58.3,1,0,1,0.1184,0
S00964,10,morning,15.0,0.346,55.2,0,65.4,53.2,6.9,60.7,5.38,100.0,70.3,2,0,4,0.1442,0
S00965,21,evening,6.0,0.0,40.8,2,44.5,33.3,14.2,42.0,3.48,76.5,40.7,1,0,1,0.0083,0
S00966,12,afternoon,15.9,0.182,41.2,1,54.4,54.5,8.1,38.2,5.62,100.0,55.5,1,0,1,0.038,0
S00967,13,afternoon,8.2,0.524,77.3,1,42.3,24.9,10.3,37.9,5.37,100.0,77.0,0,2,2,0.0643,0
S00968,10,morning,17.3,0.644,100.0,1,73.1,83.3,9.5,56.5,8.06,100.0,46.3,5,0,2,0.5227,1
S00969,13,afternoon,12.8,0.504,66.4,0,59.4,81.8,17.5,53.7,5.44,100.0,40.5,3,0,1,0.1523,0
S00970,1,late_night,14.1,0.244,80.5,2,42.2,48.9,6.5,60.0,7.7,100.0,69.6,2,1,0,0.2704,0
S00971,1,late_night,12.1,0.403,91.4,0,69.7,70.6,12.3,61.4,5.42,100.0,57.7,6,0,3,0.2853,0
S00972,11,morning,6.0,0.659,74.9,2,53.6,59.5,6.5,78.7,6.66,100.0,77.7,1,0,1,0.1961,0
S00973,14,afternoon,17.9,0.632,74.6,1,53.3,59.4,8.5,51.9,7.19,100.0,39.3,1,1,3,0.4163,1
S00974,13,afternoon,8.7,0.565,58.3,2,42.0,39.4,17.7,54.7,5.7,100.0,22.2,4,1,2,0.1265,0
S00975,10,morning,12.0,0.587,69.7,1,38.6,44.4,10.7,41.1,5.81,100.0,27.2,3,0,2,0.3074,0
S00976,7,morning,18.1,0.665,92.0,0,70.7,64.8,8.7,97.9,9.98,100.0,72.2,4,0,3,0.8499,1
S00977,17,afternoon,7.7,0.118,73.6,0,42.6,59.5,13.4,56.2,5.44,88.4,70.5,2,0,4,0.1126,0
S00978,14,afternoon,4.1,0.186,65.1,3,47.5,31.9,17.6,39.7,5.25,100.0,62.6,0,0,1,0.0066,0
S00979,1,late_night,16.0,0.597,72.8,0,79.1,51.3,8.9,70.2,6.9,100.0,66.0,3,0,2,0.5278,0
S00980,10,morning,12.2,0.464,49.8,2,66.6,64.2,16.1,69.5,7.99,100.0,76.6,0,1,2,0.2428,0
S00981,17,afternoon,11.2,0.109,71.2,0,27.2,28.2,13.3,40.6,5.27,100.0,36.7,0,0,4,0.0135,0
S00982,18,evening,12.0,0.598,52.6,0,53.6,57.3,13.5,71.7,6.97,100.0,26.6,3,0,3,0.1796,0
S00983,6,morning,18.3,1.0,85.2,0,71.0,67.6,9.8,88.2,5.82,100.0,35.2,3,1,2,0.3176,0
S00984,22,night,14.8,0.509,84.3,3,44.8,47.2,14.2,77.1,6.46,100.0,35.4,3,2,3,0.2347,1
S00985,15,afternoon,15.0,0.644,57.9,1,55.3,84.4,18.8,67.2,6.22,100.0,29.8,1,1,5,0.279,1
S00986,10,morning,6.3,0.077,49.6,2,26.7,48.1,13.7,67.9,4.51,96.5,26.2,1,0,5,0.023,0
S00987,15,afternoon,13.9,0.848,100.0,0,65.1,55.1,11.3,71.4,6.04,100.0,43.1,0,0,0,0.3887,1
S00988,20,evening,15.9,0.68,66.4,1,78.0,53.5,10.9,45.5,5.65,100.0,62.3,2,0,4,0.1948,1
S00989,5,late_night,10.3,0.639,47.8,1,41.6,58.9,10.6,57.3,5.56,100.0,56.5,2,0,6,0.4118,1
S00990,3,late_night,16.7,0.953,89.0,0,78.6,72.7,7.5,69.0,7.06,100.0,82.9,4,0,1,0.6327,1
S00991,10,morning,16.6,0.686,70.2,0,72.1,100.0,9.0,71.8,7.83,100.0,45.3,6,1,2,0.8448,1
S00992,2,late_night,17.9,0.759,55.5,1,68.3,80.3,5.3,85.5,7.55,100.0,71.4,7,2,6,0.8056,1
S00993,20,evening,22.8,1.0,88.3,2,91.4,90.7,6.4,53.9,7.98,100.0,82.6,1,0,5,0.826,1
S00994,23,night,16.5,0.66,55.4,0,80.3,40.4,1.0,80.0,5.48,100.0,46.7,1,1,4,0.1123,1
S00995,14,afternoon,13.4,0.159,77.6,1,68.4,48.8,16.8,73.2,6.29,100.0,50.4,1,0,4,0.169,0
S00996,23,night,15.2,0.756,63.9,1,72.8,88.9,17.0,48.3,7.29,100.0,80.3,1,2,1,0.2737,0
S00997,1,late_night,9.6,0.452,81.6,1,62.1,54.5,14.4,70.5,4.05,100.0,50.4,1,0,1,0.0426,0
S00998,15,afternoon,11.7,0.749,73.8,2,60.1,45.8,8.2,68.8,9.14,100.0,77.3,4,0,2,0.5309,0
S00999,10,morning,15.7,0.755,37.8,2,73.3,69.0,5.3,88.6,7.93,100.0,37.7,1,1,2,0.3431,0
S01000,6,morning,15.2,0.193,75.3,2,66.0,72.3,5.9,82.0,6.75,100.0,78.9,2,0,3,0.1294,0
S01001,7,morning,12.8,0.494,59.8,3,67.9,38.6,16.0,76.7,5.18,100.0,69.5,1,1,3,0.0834,0
S01002,13,afternoon,6.3,0.53,87.9,0,49.8,51.7,17.9,54.1,6.14,100.0,38.2,0,0,2,0.1263,0
S01003,15,afternoon,17.8,0.718,81.0,2,68.9,44.6,11.4,75.5,5.99,100.0,54.2,4,1,6,0.2454,0
S01004,3,late_night,11.7,0.666,81.4,0,59.2,52.4,15.4,56.3,6.99,100.0,36.4,3,1,4,0.4532,0
S01005,14,afternoon,9.1,0.9,62.1,0,74.3,74.7,13.1,77.5,5.19,100.0,49.6,5,1,3,0.7206,0
S01006,22,night,19.4,0.733,63.5,1,92.0,58.0,7.6,43.4,5.97,100.0,35.6,0,0,3,0.2442,0
S01007,0,late_night,16.7,0.498,66.6,1,66.1,37.5,16.8,42.6,5.38,100.0,26.0,1,1,1,0.0658,0
S01008,21,evening,15.3,0.893,70.6,0,77.1,59.3,14.3,65.1,8.84,100.0,40.7,1,2,2,0.5758,1
S01009,14,afternoon,16.0,1.0,93.1,0,73.6,56.0,7.3,65.4,5.81,100.0,72.8,1,0,6,0.489,1
S01010,8,morning,11.4,0.548,57.8,0,57.9,49.9,17.7,50.4,5.48,100.0,19.7,3,0,3,0.0811,0
S01011,17,afternoon,21.9,0.808,63.2,2,100.0,82.7,8.5,93.2,6.02,100.0,84.2,2,1,5,0.7877,1
S01012,14,afternoon,13.4,0.561,53.6,1,37.1,57.9,12.0,48.7,5.97,100.0,65.7,0,0,5,0.3789,0
S01013,18,evening,1.7,0.353,71.2,4,46.1,35.2,16.9,28.3,6.41,100.0,64.8,1,0,2,0.0152,0
S01014,1,late_night,16.9,0.397,59.1,1,21.6,35.9,15.5,45.9,5.85,100.0,53.9,3,1,2,0.1383,0
S01015,1,late_night,13.2,0.83,58.5,3,57.3,34.4,17.6,43.5,3.3,100.0,73.6,0,0,1,0.0249,0
S01016,15,afternoon,10.1,0.408,86.3,2,66.1,63.9,8.5,69.2,6.6,100.0,33.8,1,0,5,0.0448,0
S01017,7,morning,7.1,0.74,54.1,1,51.2,73.2,14.8,77.3,5.73,100.0,73.9,0,0,4,0.236,0
S01018,5,late_night,13.0,0.474,33.8,1,29.3,42.0,8.0,75.5,7.36,100.0,98.6,4,0,3,0.3481,1
S01019,10,morning,12.7,0.347,62.2,0,67.3,54.5,10.0,81.9,7.08,100.0,54.8,1,1,2,0.375,0
S01020,17,afternoon,14.3,0.563,76.4,0,66.3,49.1,10.9,58.9,5.43,100.0,56.2,3,1,0,0.3561,1
S01021,4,late_night,15.9,0.488,68.8,2,63.2,72.4,15.2,63.5,6.71,100.0,43.1,0,1,5,0.238,0
S01022,23,night,11.0,0.727,49.9,2,58.7,63.2,11.2,71.6,6.25,100.0,58.5,1,0,5,0.3619,0
S01023,10,morning,9.4,0.661,90.2,0,58.4,73.3,9.7,59.5,5.02,100.0,61.5,0,1,4,0.1561,0
S01024,3,late_night,7.2,0.029,55.6,0,34.2,22.4,21.9,30.7,4.01,99.1,6.9,1,0,8,0.0123,0
S01025,1,late_night,8.8,0.79,72.9,0,47.6,60.3,11.0,62.5,6.1,100.0,62.0,1,0,6,0.429,0
S01026,20,evening,6.0,0.441,58.9,4,41.9,24.0,14.5,21.6,4.48,100.0,58.6,0,0,1,0.0139,0
S01027,2,late_night,6.7,0.873,50.8,0,59.6,40.0,4.4,75.5,7.56,100.0,42.0,0,0,3,0.187,0
S01028,10,morning,11.0,0.597,74.5,0,42.7,69.0,11.1,57.1,6.21,100.0,48.6,2,1,3,0.3785,1
S01029,16,afternoon,18.0,0.7,92.0,0,74.3,72.2,6.2,80.0,6.15,100.0,74.0,2,2,4,0.5351,0
S01030,12,afternoon,18.0,0.869,96.6,2,78.4,70.9,8.6,77.5,6.97,100.0,48.2,8,1,1,0.9024,1
S01031,6,morning,9.5,0.465,82.4,1,78.6,64.2,12.6,79.3,6.7,100.0,67.4,2,2,4,0.578,1
S01032,2,late_night,5.8,0.501,73.7,3,63.3,33.7,8.7,31.0,7.16,100.0,56.3,0,1,3,0.0989,0
S01033,17,afternoon,13.5,0.588,47.8,0,56.8,70.0,7.7,82.5,7.04,100.0,92.9,2,0,3,0.5325,0
S01034,11,morning,12.7,0.179,65.6,2,67.9,43.5,6.7,71.1,5.79,100.0,49.9,2,0,4,0.0901,0
S01035,1,late_night,13.6,0.575,55.6,0,46.1,56.1,10.0,65.4,6.26,100.0,47.0,1,0,1,0.1971,0
S01036,4,late_night,12.9,0.61,97.1,0,72.1,85.5,6.2,79.1,7.58,100.0,64.6,1,2,1,0.5722,1
S01037,13,afternoon,11.5,0.418,82.5,2,60.8,57.9,21.7,63.0,7.8,100.0,53.4,1,0,3,0.1971,0
S01038,4,late_night,20.4,0.744,62.2,0,84.3,67.2,16.4,60.0,7.3,100.0,84.3,0,2,3,0.8247,0
S01039,9,morning,14.9,0.906,74.7,1,87.0,66.3,16.0,70.1,6.98,100.0,82.8,1,0,3,0.5674,1
S01040,2,late_night,2.6,0.237,66.1,1,61.3,13.9,8.7,62.2,5.49,100.0,38.3,2,0,6,0.0388,0
S01041,19,evening,15.7,0.629,91.3,2,70.3,61.8,9.3,51.3,6.89,100.0,58.0,2,1,3,0.3473,0
S01042,15,afternoon,22.3,0.502,50.5,2,74.2,69.8,5.8,75.3,5.71,100.0,48.8,2,1,5,0.3292,0
S01043,18,evening,7.2,0.399,37.7,2,63.5,50.3,19.2,64.2,4.87,100.0,42.5,1,0,2,0.1359,0
S01044,1,late_night,9.8,0.317,64.5,1,43.8,31.4,16.8,61.1,4.93,100.0,1.5,1,0,2,0.0279,0
S01045,9,morning,8.5,0.382,25.2,2,48.5,51.7,9.5,37.3,6.74,100.0,75.2,3,1,4,0.0942,0
S01046,6,morning,10.8,0.587,68.1,4,71.5,66.2,14.6,47.2,7.08,100.0,41.7,1,0,3,0.0575,0
S01047,14,afternoon,14.4,0.695,83.2,0,73.0,56.9,5.0,51.2,5.98,100.0,51.6,1,0,3,0.1412,1
S01048,19,evening,13.7,0.195,80.9,0,69.1,55.1,13.4,34.6,5.29,100.0,90.8,1,0,3,0.1349,0
S01049,5,late_night,13.7,0.874,64.2,3,54.4,72.8,10.4,76.8,7.11,100.0,48.0,4,0,2,0.2415,1
S01050,18,evening,13.4,0.553,62.5,5,41.3,28.9,17.4,41.3,4.41,100.0,44.8,3,1,1,0.0598,1
S01051,13,afternoon,10.9,0.339,78.1,0,61.7,46.4,16.4,51.8,7.58,100.0,57.8,2,0,3,0.4251,0
S01052,19,evening,10.9,0.811,53.2,0,68.7,81.2,11.9,76.3,7.38,100.0,60.7,2,1,6,0.7423,1
S01053,1,late_night,16.7,0.982,100.0,0,88.2,78.8,6.2,84.8,9.55,100.0,60.4,2,2,2,0.7551,0
S01054,23,night,1.0,0.312,63.1,2,51.5,31.4,1.8,58.4,5.05,100.0,63.6,1,0,1,0.0161,0
S01055,10,morning,17.5,0.842,72.7,0,85.6,100.0,15.3,65.6,6.56,100.0,66.2,0,1,3,0.5815,1
S01056,6,morning,20.7,0.567,73.3,2,47.9,53.3,9.1,59.5,8.02,100.0,57.6,1,3,2,0.3458,0
S01057,4,late_night,15.1,0.721,71.2,4,72.5,80.0,11.6,55.7,7.53,100.0,47.4,2,0,1,0.1553,0
S01058,23,night,15.1,0.605,82.6,1,72.2,47.4,20.8,69.9,7.04,100.0,53.8,0,0,5,0.1178,0
S01059,21,evening,11.7,0.549,68.2,1,68.3,65.9,6.3,64.4,6.25,100.0,72.3,1,0,3,0.2525,0
S01060,3,late_night,10.6,0.122,72.2,0,39.8,68.9,12.4,69.1,5.68,100.0,68.7,2,0,1,0.1022,0
S01061,10,morning,20.3,0.874,72.3,1,74.7,72.7,11.1,79.8,8.59,100.0,57.3,4,0,3,0.7089,1
S01062,17,afternoon,18.7,0.407,52.3,5,58.9,52.8,17.3,33.6,7.1,100.0,40.7,2,0,6,0.1445,0
S01063,14,afternoon,21.3,0.875,81.6,0,64.9,82.8,9.7,71.3,9.47,100.0,75.0,1,3,2,0.6407,1
S01064,4,late_night,13.3,0.55,51.4,2,61.5,38.2,18.0,36.5,5.06,100.0,55.7,0,1,2,0.0229,0
S01065,8,morning,12.0,0.471,81.5,1,66.6,84.0,10.5,65.5,6.27,100.0,67.8,2,1,7,0.3711,1
S01066,8,morning,9.6,0.594,70.3,3,48.5,55.4,16.3,56.9,3.23,100.0,34.0,0,0,1,0.0128,0
S01067,6,morning,10.4,0.659,62.2,2,65.6,60.1,12.7,74.9,4.54,100.0,57.4,3,1,2,0.1707,0
S01068,23,night,10.5,0.799,84.8,0,79.3,75.4,8.7,76.4,8.61,100.0,76.9,0,2,2,0.7418,1
S01069,4,late_night,7.3,0.511,57.8,0,59.0,79.9,13.4,41.6,5.56,100.0,43.9,1,0,2,0.1296,0
S01070,16,afternoon,11.6,0.857,44.4,0,44.8,51.0,8.9,62.3,4.31,100.0,82.1,1,1,4,0.4484,0
S01071,21,evening,7.5,0.24,52.1,3,42.3,36.7,13.0,54.6,4.11,100.0,72.8,0,0,8,0.0177,0
S01072,19,evening,5.4,0.451,67.4,0,58.0,68.5,7.3,57.3,6.59,100.0,50.6,1,0,3,0.1913,0
S01073,19,evening,7.1,0.064,65.1,1,55.1,18.9,13.4,45.5,5.13,83.7,42.5,0,0,3,0.0116,0
S01074,3,late_night,8.0,0.558,64.9,6,56.0,44.3,18.4,29.3,3.86,100.0,54.3,1,0,4,0.0212,0
S01075,3,late_night,8.0,0.468,85.4,0,77.4,62.2,13.2,65.3,7.99,100.0,58.9,1,1,3,0.3323,1
S01076,18,evening,14.5,0.654,65.8,1,61.8,68.0,10.6,75.2,7.26,100.0,81.1,2,2,3,0.7851,1
S01077,17,afternoon,19.1,0.868,86.8,0,90.1,78.5,1.0,78.3,9.87,100.0,58.6,2,1,9,0.9535,1
S01078,17,afternoon,7.8,0.475,90.0,0,73.7,50.6,14.5,61.9,5.89,100.0,38.4,0,0,3,0.0398,0
S01079,10,morning,20.0,0.515,52.5,1,69.8,86.4,8.9,71.9,8.07,100.0,67.7,3,1,5,0.8636,1
S01080,12,afternoon,5.1,0.138,65.2,3,55.3,53.3,13.7,67.4,5.83,100.0,63.9,4,1,2,0.2319,0
S01081,0,late_night,3.6,0.619,52.7,2,55.5,41.7,17.8,66.2,6.31,100.0,53.6,2,0,4,0.126,1
S01082,6,morning,13.3,0.192,70.5,1,85.4,79.1,9.5,70.7,7.25,100.0,71.0,1,1,2,0.4064,0
S01083,12,afternoon,12.6,0.73,64.0,4,54.0,65.2,10.6,46.6,6.37,100.0,75.9,2,0,2,0.1423,0
S01084,3,late_night,13.9,0.878,79.9,2,66.9,55.2,15.5,58.6,6.72,100.0,66.9,4,1,2,0.4881,0
S01085,3,late_night,8.6,0.456,70.6,3,59.0,63.3,10.4,83.1,7.15,100.0,58.1,1,2,3,0.1297,0
S01086,1,late_night,4.1,0.6,39.2,1,23.9,41.3,15.1,63.4,4.49,100.0,43.4,1,0,4,0.07,0
S01087,5,late_night,7.3,0.314,48.8,1,41.3,57.9,7.1,55.0,5.46,100.0,46.9,0,0,3,0.0471,0
S01088,23,night,12.2,0.968,75.2,0,62.3,75.1,9.5,72.5,7.01,100.0,38.4,2,2,4,0.6556,1
S01089,16,afternoon,17.4,0.417,78.9,0,63.5,37.4,17.8,47.1,7.62,100.0,35.5,3,1,4,0.3472,0
S01090,22,night,8.9,0.0,100.0,3,70.2,41.7,14.5,53.5,4.44,78.7,70.3,0,0,1,0.0071,0
S01091,6,morning,11.8,0.535,80.6,0,56.7,50.8,15.6,57.0,7.81,100.0,81.4,1,1,2,0.4792,0
S01092,14,afternoon,24.3,1.0,61.2,1,66.1,72.8,14.2,69.7,6.84,100.0,39.3,2,1,2,0.3738,1
S01093,21,evening,11.8,0.684,70.0,2,87.3,56.9,17.0,46.6,8.81,100.0,64.3,0,1,5,0.641,1
S01094,8,morning,12.3,0.349,67.5,2,45.0,35.3,11.9,66.2,6.21,100.0,28.2,2,1,2,0.0702,1
S01095,15,afternoon,18.3,0.8,72.0,1,61.3,82.2,13.3,43.3,8.7,100.0,87.1,1,0,2,0.4501,0
S01096,16,afternoon,19.7,0.981,89.7,0,92.7,92.1,17.8,89.7,8.08,100.0,64.2,4,1,3,0.9665,1
S01097,19,evening,14.6,0.607,39.9,1,65.4,63.7,10.9,78.0,7.72,100.0,95.8,1,0,3,0.5133,0
S01098,23,night,15.7,1.0,86.1,2,74.5,74.1,4.8,100.0,8.25,100.0,51.3,3,2,3,0.6247,1
S01099,14,afternoon,16.1,0.633,72.8,0,97.2,63.8,7.1,72.7,7.72,100.0,54.8,0,2,2,0.5515,1
S01100,13,afternoon,13.1,0.92,77.4,2,59.5,67.6,11.6,68.2,8.51,100.0,67.8,1,2,1,0.7667,1
S01101,20,evening,15.1,0.795,96.9,0,65.4,60.8,4.1,70.2,3.81,100.0,72.2,2,1,3,0.0659,0
S01102,16,afternoon,21.9,0.5,55.9,0,54.8,73.1,7.8,75.3,6.51,100.0,70.8,2,2,0,0.4926,1
S01103,8,morning,18.4,0.543,78.2,0,69.6,68.3,9.6,66.6,7.09,100.0,72.7,2,2,2,0.5538,1
S01104,15,afternoon,9.9,0.589,73.1,1,41.3,38.7,14.6,35.7,5.79,100.0,45.0,0,0,0,0.0399,0
S01105,13,afternoon,17.5,0.684,78.2,2,56.7,63.4,17.8,76.4,8.24,100.0,74.0,1,3,6,0.4831,0
S01106,5,late_night,4.5,0.414,34.9,2,51.1,15.4,17.5,47.1,4.76,100.0,80.2,0,0,1,0.0178,0
S01107,12,afternoon,8.6,0.104,83.9,0,50.6,66.1,9.1,41.2,5.24,100.0,62.3,2,0,2,0.038,0
S01108,14,afternoon,19.7,0.877,77.3,1,63.1,51.2,24.9,56.8,8.81,100.0,50.6,3,1,2,0.709,0
S01109,21,evening,20.5,0.733,68.8,2,58.2,74.8,10.3,100.0,8.58,100.0,66.4,5,3,0,0.7767,1
S01110,13,afternoon,13.4,0.76,77.2,2,79.9,79.3,2.3,88.3,8.88,100.0,34.6,5,2,3,0.8516,1
S01111,3,late_night,9.3,0.581,62.1,0,40.0,51.0,8.4,65.7,6.05,100.0,63.9,3,1,1,0.2731,0
S01112,23,night,17.3,0.295,42.9,2,48.4,41.8,10.2,47.9,7.78,100.0,23.1,1,0,2,0.0566,0
S01113,13,afternoon,11.7,0.396,70.6,1,70.5,46.7,7.1,67.6,6.31,100.0,64.3,0,3,1,0.1559,0
S01114,6,morning,19.6,0.517,61.9,1,67.9,67.3,13.8,50.5,6.83,100.0,55.0,2,1,6,0.3899,1
S01115,18,evening,13.1,0.469,80.7,2,54.7,43.3,1.2,65.3,8.22,100.0,70.5,0,0,2,0.1686,0
S01116,9,morning,16.4,1.0,86.8,1,76.3,77.8,13.7,77.4,9.28,100.0,62.5,3,1,0,0.8857,0
S01117,8,morning,9.7,0.678,91.5,3,43.1,44.8,16.0,45.7,6.81,100.0,74.0,2,2,4,0.3502,0
S01118,20,evening,16.8,0.409,69.6,3,65.6,57.8,9.5,64.6,5.99,100.0,65.7,1,1,3,0.2294,0
S01119,20,evening,14.5,0.809,50.0,4,44.9,39.4,17.6,46.2,5.53,100.0,65.6,0,0,2,0.0679,0
S01120,12,afternoon,9.2,0.531,51.6,1,55.0,62.3,6.7,57.8,7.51,100.0,51.9,1,1,1,0.2805,0
S01121,8,morning,10.6,0.556,100.0,1,66.3,64.1,8.6,55.6,8.46,100.0,48.5,2,1,1,0.4479,0
S01122,20,evening,13.4,0.617,73.9,1,31.2,47.1,15.7,33.3,8.62,100.0,29.6,0,1,2,0.1977,0
S01123,4,late_night,10.8,0.121,57.7,0,45.3,65.9,11.6,72.2,5.64,100.0,36.5,0,0,6,0.0335,0
S01124,17,afternoon,9.5,0.475,93.9,0,47.1,68.0,9.9,78.7,7.15,100.0,55.3,1,1,3,0.374,0
S01125,14,afternoon,15.2,0.395,88.2,1,51.7,57.9,12.1,47.9,5.39,100.0,54.4,0,0,3,0.1344,0
S01126,20,evening,21.7,0.857,63.9,0,94.2,91.0,13.7,94.8,8.32,100.0,71.7,3,2,3,0.9209,1
S01127,10,morning,9.9,0.609,57.9,1,66.4,80.9,17.3,60.5,5.52,100.0,44.1,1,0,3,0.095,0
S01128,19,evening,12.1,0.498,66.1,0,58.1,37.6,14.2,59.2,7.9,100.0,56.1,1,1,2,0.1531,0
S01129,0,late_night,1.0,0.211,37.2,4,35.4,41.5,14.8,23.4,4.43,100.0,62.6,0,0,5,0.0083,0
S01130,18,evening,5.7,0.629,61.4,1,49.2,64.0,15.9,45.5,5.81,100.0,56.1,3,1,4,0.2975,1
S01131,1,late_night,11.7,0.571,78.6,1,70.6,59.5,9.1,65.5,6.26,100.0,54.0,2,2,4,0.4492,0
S01132,15,afternoon,10.1,0.455,43.9,0,33.6,71.2,18.0,42.8,6.12,100.0,55.2,3,0,6,0.1019,0
S01133,4,late_night,12.3,0.787,85.4,0,84.3,98.6,13.0,68.3,8.43,100.0,82.0,3,0,3,0.7781,1
S01134,23,night,8.6,0.892,86.2,1,52.9,51.6,20.1,54.1,5.63,100.0,56.6,4,0,8,0.4132,1
S01135,18,evening,11.6,0.778,86.3,1,80.5,72.9,6.2,35.3,6.23,100.0,54.9,1,1,1,0.4193,1
S01136,2,late_night,14.0,0.456,69.4,1,65.8,65.2,8.2,66.6,5.24,100.0,47.7,1,2,1,0.1144,0
S01137,21,evening,4.2,0.174,60.3,1,67.8,51.0,14.1,70.1,4.93,100.0,47.1,1,1,7,0.1222,1
S01138,6,morning,7.7,0.25,81.8,0,74.8,89.3,11.1,65.4,6.6,100.0,45.9,0,0,5,0.1972,1
S01139,13,afternoon,4.6,0.457,52.4,1,46.3,67.5,16.0,73.4,5.69,100.0,66.9,0,1,3,0.1645,0
S01140,2,late_night,18.8,0.786,87.4,0,90.7,82.6,13.8,75.6,9.37,100.0,90.8,3,3,3,0.9538,1
S01141,2,late_night,1.0,0.091,51.8,2,31.5,8.6,23.5,58.2,4.19,100.0,35.0,0,0,4,0.005,0
S01142,5,late_night,6.1,0.32,70.9,3,31.4,33.0,16.2,29.8,2.46,100.0,29.5,1,0,4,0.0084,0
S01143,12,afternoon,16.9,0.355,56.9,0,73.8,36.2,16.6,53.3,5.49,100.0,32.7,0,0,4,0.0327,0
S01144,13,afternoon,18.7,0.369,62.7,1,67.2,67.3,9.9,58.3,4.39,100.0,81.0,1,0,1,0.0986,0
S01145,20,evening,6.8,0.776,56.9,0,64.1,37.6,11.5,71.8,6.11,100.0,73.6,3,2,0,0.395,1
S01146,3,late_night,14.6,0.895,80.3,2,75.3,81.2,10.8,64.3,6.53,100.0,47.6,1,0,2,0.2833,0
S01147,17,afternoon,6.9,0.271,60.6,3,54.9,47.5,12.3,56.5,5.13,100.0,54.8,0,0,1,0.0297,0
S01148,0,late_night,10.3,0.752,65.2,0,67.9,52.0,17.3,65.1,9.51,100.0,82.2,1,1,5,0.6571,0
S01149,6,morning,14.6,0.324,66.7,1,66.3,72.2,4.6,68.1,8.38,100.0,60.2,1,1,1,0.3484,1
S01150,4,late_night,17.5,0.283,79.5,0,65.3,60.8,11.6,37.2,6.37,100.0,69.0,3,0,3,0.2421,0
S01151,2,late_night,17.3,0.577,61.2,0,65.4,70.7,10.3,82.2,8.99,100.0,58.4,1,0,3,0.4615,1
S01152,14,afternoon,10.0,0.818,57.0,0,64.8,78.4,14.0,52.7,5.83,100.0,52.2,0,1,6,0.1567,1
S01153,21,evening,13.1,0.31,79.0,1,62.1,54.7,8.7,49.9,5.55,100.0,11.9,1,0,3,0.0978,0
S01154,16,afternoon,5.1,0.491,73.1,0,69.5,77.3,9.4,57.0,8.12,100.0,53.1,2,2,3,0.5916,1
S01155,20,evening,9.3,0.574,85.2,0,81.1,56.6,9.4,70.1,5.51,100.0,47.6,3,2,2,0.4235,1
S01156,14,afternoon,8.7,0.558,64.6,0,60.1,63.1,3.0,55.5,7.19,100.0,62.8,3,0,0,0.1346,0
S01157,1,late_night,16.7,0.614,81.8,0,91.2,62.9,13.7,48.9,8.41,100.0,67.6,3,1,1,0.7058,1
S01158,8,morning,3.8,0.58,52.7,2,40.4,26.8,11.0,38.4,4.39,100.0,43.3,0,0,3,0.0115,0
S01159,19,evening,7.2,0.284,79.5,2,58.2,29.1,8.4,37.4,6.74,100.0,60.8,0,0,2,0.0129,0
S01160,1,late_night,7.7,0.395,80.1,3,65.5,57.2,18.2,48.7,5.65,100.0,12.8,0,1,2,0.0746,0
S01161,2,late_night,11.0,0.415,84.4,0,38.0,53.8,11.4,68.0,6.23,100.0,52.1,5,0,0,0.3988,0
S01162,20,evening,13.4,0.6,58.5,0,59.6,62.4,11.3,47.3,4.72,100.0,35.9,2,0,3,0.1582,0
S01163,1,late_night,8.1,0.571,43.1,6,40.8,40.0,13.9,44.8,5.05,100.0,27.2,1,0,4,0.027,0
S01164,23,night,7.9,0.735,73.5,1,49.3,65.9,18.3,41.9,4.94,100.0,44.7,0,0,1,0.0772,0
S01165,18,evening,11.0,0.268,83.8,3,45.7,27.2,11.5,64.4,5.43,100.0,50.2,0,0,4,0.0197,0
S01166,15,afternoon,22.7,1.0,100.0,0,84.1,91.0,9.5,90.0,8.73,100.0,77.3,4,1,2,0.8335,1
S01167,12,afternoon,15.2,0.93,84.6,0,70.6,71.7,3.8,81.5,8.97,100.0,72.4,2,0,3,0.6508,1
S01168,2,late_night,10.5,0.683,77.6,1,56.0,27.6,14.1,42.6,5.06,100.0,40.1,1,0,5,0.0565,0
S01169,9,morning,15.6,0.477,78.3,0,65.0,40.6,16.3,67.0,6.31,100.0,49.9,1,1,3,0.3882,0
S01170,19,evening,4.1,0.34,63.0,3,41.3,56.0,19.9,59.9,4.19,100.0,69.7,3,1,2,0.0446,0
S01171,21,evening,13.5,0.451,57.6,1,33.8,30.9,9.6,31.8,2.6,100.0,67.8,1,0,2,0.0135,0
S01172,10,morning,6.3,0.723,70.5,2,51.6,53.7,11.0,62.6,6.03,100.0,49.7,2,0,4,0.1829,0
S01173,20,evening,7.6,0.713,50.2,0,38.1,53.3,20.4,58.1,5.87,100.0,50.4,0,0,5,0.1489,1
S01174,18,evening,7.9,0.577,59.0,0,56.6,58.2,15.9,87.7,5.63,100.0,41.0,3,1,3,0.246,0
S01175,1,late_night,16.0,0.289,46.7,2,44.2,43.0,14.4,49.1,4.88,100.0,60.8,0,0,2,0.0171,0
S01176,14,afternoon,7.7,0.0,39.9,1,63.4,51.2,13.5,53.6,5.3,46.6,85.2,1,1,3,0.2981,0
S01177,14,afternoon,10.4,0.25,73.3,0,49.9,66.6,12.9,61.8,5.63,100.0,47.9,3,0,7,0.2102,0
S01178,13,afternoon,11.6,0.526,72.3,0,64.1,57.7,9.8,64.9,7.46,100.0,74.8,1,1,1,0.6982,1
S01179,18,evening,13.6,0.392,84.8,1,76.8,76.4,13.4,75.8,6.31,100.0,68.6,1,1,4,0.2681,1
S01180,21,evening,6.7,0.515,78.3,2,32.4,25.0,16.6,36.9,5.42,100.0,44.6,0,0,1,0.0229,0
S01181,13,afternoon,14.0,0.416,96.7,1,82.9,68.9,5.8,82.6,5.98,100.0,49.7,1,0,1,0.2414,0
S01182,7,morning,1.0,0.33,84.9,1,46.0,60.0,11.6,34.7,5.76,100.0,87.4,2,0,5,0.1428,0
S01183,23,night,14.1,0.553,63.7,0,74.7,65.0,8.9,77.0,7.82,100.0,70.3,2,1,2,0.3226,0
S01184,23,night,12.0,0.789,48.4,0,57.7,52.7,11.0,73.2,6.84,100.0,69.3,0,0,2,0.2454,0
S01185,16,afternoon,12.0,0.222,73.0,0,48.1,66.2,15.8,56.5,5.88,100.0,43.6,0,0,2,0.0233,0
S01186,15,afternoon,16.3,0.593,88.2,2,72.3,70.6,13.4,61.8,6.8,100.0,54.0,3,0,2,0.0682,0
S01187,2,late_night,12.3,0.644,96.3,0,63.2,64.8,8.4,70.8,7.2,100.0,38.9,0,0,1,0.2303,0
S01188,9,morning,17.1,0.823,82.2,1,77.3,54.9,16.1,63.9,8.02,100.0,70.1,1,1,0,0.2679,0
S01189,4,late_night,7.2,0.699,38.9,0,61.1,31.6,12.3,46.9,5.97,100.0,48.5,2,1,3,0.3102,0
S01190,12,afternoon,19.7,0.773,87.7,0,70.5,87.9,14.8,81.8,8.71,100.0,48.8,1,0,3,0.6744,1
S01191,19,evening,12.7,0.362,86.4,0,70.6,87.3,15.7,73.9,7.63,100.0,48.2,2,0,3,0.5484,1
S01192,5,late_night,6.5,0.465,86.7,1,54.8,59.2,8.3,70.3,8.07,100.0,89.6,3,1,3,0.6775,0
S01193,23,night,13.5,0.659,97.4,2,54.9,48.0,8.5,68.6,7.6,100.0,55.0,2,0,1,0.3442,0
S01194,3,late_night,23.4,0.897,99.1,0,87.8,87.0,6.5,85.2,7.34,100.0,72.1,3,3,3,0.9507,1
S01195,2,late_night,18.6,0.697,76.9,0,90.1,79.6,9.3,87.0,8.91,100.0,48.8,0,1,2,0.5578,1
S01196,23,night,14.3,0.594,44.7,1,53.4,42.7,17.4,55.4,4.2,100.0,44.8,0,2,3,0.1174,1
S01197,2,late_night,6.2,0.414,70.6,1,63.2,68.3,14.4,63.2,6.21,100.0,28.9,0,0,2,0.0799,1
S01198,17,afternoon,20.6,0.589,70.0,0,87.4,88.3,6.8,66.9,8.88,100.0,69.5,4,2,4,0.9232,1
S01199,18,evening,6.2,0.3,83.7,0,41.3,50.1,20.7,58.8,4.73,100.0,35.0,0,0,2,0.0567,0
S01200,7,morning,8.9,0.737,33.9,1,40.2,38.9,12.9,45.3,4.01,100.0,59.0,0,1,1,0.083,0
S01201,1,late_night,11.4,0.61,74.6,1,62.6,56.2,15.9,64.4,6.1,100.0,25.2,1,1,5,0.1817,0
S01202,7,morning,15.9,0.823,78.2,0,68.9,55.2,11.0,84.4,6.06,100.0,48.0,4,1,2,0.2209,0
S01203,1,late_night,12.7,0.326,66.1,0,58.6,63.2,11.9,35.6,5.55,100.0,72.0,1,0,0,0.2312,0
S01204,16,afternoon,7.1,0.315,50.9,2,43.4,46.6,16.0,69.4,5.28,100.0,74.1,0,0,4,0.043,0
S01205,21,evening,13.5,0.313,33.7,5,46.6,38.7,19.5,53.2,6.38,100.0,51.0,0,1,3,0.0489,0
S01206,23,night,16.8,0.48,56.3,1,57.3,57.8,14.6,43.9,4.23,100.0,44.9,1,0,7,0.12,0
S01207,19,evening,7.0,0.383,55.3,2,29.9,18.9,11.8,47.1,4.78,100.0,51.5,1,2,2,0.0152,0
S01208,18,evening,11.5,0.794,100.0,0,64.0,83.4,13.4,74.7,10.0,100.0,99.5,5,1,3,0.9536,1
S01209,21,evening,14.9,0.522,60.6,1,70.5,69.5,13.4,71.4,8.78,100.0,52.8,1,0,4,0.3883,1
S01210,18,evening,13.3,0.524,83.9,1,65.3,85.1,10.9,59.3,8.69,100.0,60.4,0,2,7,0.9283,1
S01211,15,afternoon,10.0,0.441,46.7,1,58.8,56.8,17.1,71.1,6.01,100.0,36.3,0,1,3,0.1563,0
S01212,23,night,13.7,0.745,75.7,0,73.5,47.3,13.7,68.3,7.05,100.0,43.7,0,0,2,0.0923,0
S01213,7,morning,8.0,0.14,30.7,0,41.3,47.4,23.3,56.9,5.33,100.0,57.3,1,0,3,0.1208,0
S01214,9,morning,3.0,0.222,80.2,5,11.5,24.4,17.3,8.4,0.88,100.0,52.5,0,0,3,0.0041,0
S01215,21,evening,7.5,0.619,56.9,3,40.7,57.4,19.4,31.0,4.41,100.0,51.3,0,0,2,0.0251,0
S01216,7,morning,12.4,0.242,13.6,6,31.4,43.7,17.4,41.1,4.03,100.0,56.6,0,0,3,0.008,0
S01217,7,morning,5.4,0.107,41.2,6,32.7,37.6,18.3,36.9,4.05,100.0,26.5,0,0,3,0.0047,0
S01218,3,late_night,3.5,0.556,47.3,0,51.0,42.1,12.9,60.1,5.67,100.0,31.3,1,1,3,0.1143,0
S01219,6,morning,11.2,0.552,70.8,1,79.2,63.7,7.9,41.6,9.61,100.0,74.9,1,1,6,0.7106,1
S01220,14,afternoon,12.4,0.539,64.2,0,59.9,40.5,14.1,52.4,6.48,100.0,47.6,3,2,2,0.2069,0
S01221,21,evening,11.4,0.536,70.4,0,86.1,72.5,5.9,86.2,6.92,100.0,45.1,1,1,5,0.2565,0
S01222,3,late_night,7.0,0.238,61.0,0,71.6,72.1,8.9,62.5,6.76,100.0,60.5,1,2,2,0.2281,0
S01223,16,afternoon,16.9,0.637,58.9,0,67.6,62.9,10.5,65.0,8.0,100.0,61.0,2,1,3,0.4791,0
S01224,18,evening,12.0,0.162,75.1,1,55.5,52.3,18.8,32.7,5.4,100.0,46.7,0,0,4,0.0388,0
S01225,21,evening,12.1,0.626,92.2,1,50.8,55.8,11.3,80.5,6.27,100.0,81.9,1,1,4,0.4593,1
S01226,18,evening,15.4,0.882,72.0,1,79.4,60.5,10.8,64.2,7.83,100.0,87.5,4,0,5,0.5974,1
S01227,3,late_night,11.0,0.834,65.1,4,53.3,66.8,8.9,68.8,4.72,100.0,65.9,2,0,3,0.0688,0
S01228,11,morning,16.1,0.653,57.6,0,54.7,75.0,17.7,85.7,6.24,100.0,64.8,3,0,5,0.5628,1
S01229,22,night,16.1,0.839,75.6,1,62.6,62.2,15.3,84.0,7.54,100.0,79.1,2,2,3,0.5383,1
S01230,21,evening,1.0,0.547,69.1,1,63.8,40.3,18.0,55.6,5.11,100.0,54.1,2,0,1,0.0531,0
S01231,14,afternoon,7.7,0.305,57.7,2,38.9,53.7,8.4,43.8,4.91,100.0,45.4,0,0,2,0.0252,0
S01232,23,night,10.5,0.0,66.5,2,49.9,51.9,15.8,42.3,5.21,75.3,39.1,0,0,6,0.0237,0
S01233,16,afternoon,10.6,0.888,75.3,1,69.8,66.9,8.1,86.6,6.55,100.0,43.8,1,2,2,0.2287,0
S01234,1,late_night,13.1,0.389,56.8,1,64.2,60.4,14.4,63.1,5.89,100.0,70.9,2,0,4,0.3061,0
S01235,21,evening,12.6,0.708,81.6,1,41.8,33.8,14.9,65.9,5.96,100.0,27.7,1,1,4,0.184,0
S01236,4,late_night,12.4,0.661,67.1,1,59.7,58.2,14.0,68.1,5.61,100.0,46.2,3,0,3,0.1708,0
S01237,9,morning,19.7,0.44,99.7,1,52.8,82.9,8.0,63.3,8.78,100.0,53.1,0,0,1,0.607,0
S01238,5,late_night,18.4,0.705,81.3,1,62.5,55.7,6.6,65.8,6.78,100.0,37.6,2,0,4,0.2023,1
S01239,17,afternoon,16.2,1.0,100.0,1,67.6,80.3,6.3,93.3,8.81,100.0,58.4,4,0,4,0.8286,1
S01240,0,late_night,15.0,1.0,97.8,2,74.9,95.5,10.7,76.4,8.64,100.0,64.1,0,0,7,0.5069,1
S01241,15,afternoon,1.0,0.297,65.4,4,35.3,40.3,13.0,45.5,5.04,100.0,64.4,1,0,1,0.0187,0
S01242,20,evening,15.7,0.66,72.6,1,81.0,80.0,9.6,70.8,7.38,100.0,57.5,2,2,1,0.8553,0
S01243,18,evening,5.0,0.49,55.2,2,65.0,34.4,9.0,60.0,6.65,100.0,53.3,4,0,3,0.1896,0
S01244,7,morning,16.0,0.674,86.4,2,84.5,80.1,9.9,67.3,6.23,100.0,38.9,2,1,4,0.4096,1
S01245,21,evening,12.8,0.8,72.7,1,48.4,50.1,17.4,69.9,5.3,100.0,37.2,1,1,3,0.109,0
S01246,8,morning,13.5,0.636,57.9,0,48.4,33.6,14.2,88.0,6.65,100.0,24.0,3,0,1,0.0616,0
S01247,16,afternoon,12.2,0.0,68.0,2,46.8,21.2,17.2,48.3,4.31,77.7,58.8,0,0,6,0.0263,0
S01248,12,afternoon,11.4,0.616,69.2,3,65.0,58.1,14.0,81.8,5.6,100.0,49.1,3,1,1,0.1981,0
S01249,1,late_night,16.4,0.28,70.1,3,35.1,17.2,13.1,36.3,4.29,100.0,49.0,1,1,3,0.0113,0
S01250,0,late_night,15.8,0.703,63.1,1,66.7,54.9,16.6,80.8,6.77,100.0,68.7,1,0,5,0.247,1
S01251,4,late_night,11.3,0.827,97.1,0,79.0,85.9,10.4,93.8,10.0,100.0,76.2,1,0,4,0.8529,1
S01252,22,night,7.4,0.67,71.1,5,32.1,46.0,14.3,69.8,6.64,100.0,80.3,1,1,0,0.1541,1
S01253,22,night,11.4,0.791,90.4,1,68.9,51.3,14.1,80.7,6.01,100.0,56.2,0,1,1,0.0856,0
S01254,9,morning,12.2,0.291,78.9,0,62.1,44.0,17.2,54.2,5.39,100.0,40.0,4,0,3,0.114,0
S01255,23,night,6.3,0.444,63.7,1,48.6,70.1,8.3,65.8,6.41,100.0,61.7,1,2,1,0.2451,1
S01256,1,late_night,13.1,0.576,73.7,0,55.1,84.2,10.7,58.3,6.38,100.0,95.1,1,1,6,0.6277,1
S01257,23,night,11.2,0.208,96.4,1,73.7,56.2,21.0,80.9,5.9,100.0,46.7,0,0,2,0.0599,0
S01258,5,late_night,15.4,0.789,79.6,1,83.1,92.1,15.1,69.7,8.12,100.0,53.5,2,0,7,0.5586,1
S01259,0,late_night,13.8,0.847,77.4,2,61.3,52.7,12.5,71.7,5.09,100.0,13.8,2,3,3,0.2164,0
S01260,18,evening,17.6,0.357,72.3,0,58.8,50.7,12.9,85.5,8.7,100.0,30.0,1,0,2,0.361,0
S01261,9,morning,17.0,0.56,42.9,1,48.0,35.9,10.5,75.5,5.89,100.0,76.9,1,0,2,0.0609,0
S01262,7,morning,13.1,0.658,58.0,0,73.7,58.2,11.8,95.5,7.26,100.0,57.2,3,0,3,0.4835,1
S01263,18,evening,15.5,0.54,72.5,1,64.9,32.8,11.1,69.7,6.12,100.0,35.3,2,0,1,0.0974,0
S01264,7,morning,6.4,0.35,80.1,3,48.1,60.6,10.2,45.5,8.03,100.0,54.7,2,0,0,0.0805,0
S01265,18,evening,6.1,0.248,75.2,0,57.6,49.8,9.9,67.8,6.29,100.0,93.3,2,1,3,0.2103,0
S01266,4,late_night,4.6,0.149,80.5,1,34.1,51.4,20.4,30.1,7.72,100.0,50.0,1,0,6,0.0789,0
S01267,2,late_night,14.0,0.915,81.2,2,60.9,72.6,8.8,68.2,6.87,100.0,87.7,0,0,3,0.3682,1
S01268,7,morning,18.8,0.451,63.6,1,65.2,75.4,15.3,64.1,6.99,100.0,44.8,1,1,2,0.1764,0
S01269,14,afternoon,11.4,0.539,83.7,0,72.0,55.1,9.1,76.2,8.09,100.0,80.5,0,1,2,0.1927,0
S01270,5,late_night,14.7,1.0,84.8,0,57.4,85.7,6.7,69.0,10.0,100.0,55.8,1,0,1,0.7954,1
S01271,3,late_night,15.5,0.621,73.0,1,90.6,66.8,10.7,68.4,7.83,100.0,52.2,2,2,2,0.7551,1
S01272,17,afternoon,13.2,0.562,74.1,2,53.8,61.3,7.6,63.9,7.32,100.0,38.7,0,0,0,0.0719,0
S01273,11,morning,11.2,0.819,74.2,0,77.4,77.9,13.9,80.2,7.76,100.0,52.4,2,0,2,0.2139,0
S01274,10,morning,8.0,0.66,55.9,0,59.5,57.9,12.7,55.2,5.05,100.0,65.9,0,0,2,0.0513,0
S01275,5,late_night,6.7,0.287,67.5,0,68.8,56.2,9.8,90.1,6.51,100.0,47.9,4,0,5,0.2347,0
S01276,0,late_night,7.9,0.317,86.4,1,73.0,56.4,10.1,51.3,5.8,100.0,67.4,1,0,4,0.1176,0
S01277,1,late_night,21.6,0.853,100.0,1,71.6,62.3,16.6,88.0,7.25,100.0,54.0,2,1,2,0.4526,1
S01278,16,afternoon,13.5,0.99,75.7,1,65.7,42.0,11.1,70.1,7.06,100.0,56.0,4,0,2,0.4568,0
S01279,1,late_night,8.4,0.365,69.1,1,47.5,60.5,12.1,55.5,6.34,100.0,45.7,1,1,6,0.1291,0
S01280,5,late_night,20.5,0.63,58.1,0,73.3,90.4,13.1,90.9,8.19,100.0,89.3,2,0,3,0.8282,1
S01281,21,evening,3.1,0.308,78.4,4,41.2,12.8,13.0,27.4,4.18,100.0,49.7,0,0,1,0.002,0
S01282,8,morning,11.6,0.372,69.4,1,47.1,30.0,20.6,14.9,3.62,100.0,47.2,0,0,1,0.0092,0
S01283,17,afternoon,20.0,0.805,87.6,2,65.7,74.4,10.3,69.2,9.82,100.0,55.6,3,1,7,0.7381,1
S01284,8,morning,12.4,0.39,36.4,1,48.7,51.5,6.3,59.6,6.78,100.0,46.6,1,0,2,0.1333,0
S01285,22,night,6.8,0.481,72.6,1,63.7,57.4,9.4,77.5,8.08,100.0,41.4,1,0,3,0.1115,0
S01286,19,evening,17.2,0.394,57.5,3,35.6,46.8,10.3,32.4,5.48,100.0,66.9,0,0,2,0.0339,0
S01287,11,morning,13.5,0.799,80.1,2,53.9,59.0,12.4,68.0,7.98,100.0,30.6,3,0,3,0.2406,0
S01288,16,afternoon,16.7,0.803,79.3,0,90.8,87.4,4.8,88.9,7.93,100.0,61.6,3,1,3,0.8467,1
S01289,9,morning,18.3,0.669,73.1,1,74.7,57.8,6.7,74.9,7.32,100.0,73.2,0,1,2,0.2754,0
S01290,22,night,15.3,0.37,80.6,1,70.4,60.0,12.8,76.4,6.24,100.0,30.9,0,1,4,0.2313,0
S01291,8,morning,15.9,0.857,54.9,3,51.4,47.1,13.1,56.9,5.45,100.0,55.0,3,0,2,0.1327,0
S01292,20,evening,8.2,0.522,58.2,0,65.4,48.3,17.6,58.3,6.33,100.0,39.6,3,0,3,0.1523,0
S01293,14,afternoon,6.9,0.446,55.9,4,34.6,21.7,20.9,44.0,3.91,100.0,42.6,0,0,3,0.0059,0
S01294,15,afternoon,8.0,0.595,92.1,3,60.3,61.3,11.7,63.6,5.36,100.0,54.0,3,0,1,0.1236,0
S01295,8,morning,17.2,0.694,88.9,1,59.2,59.4,12.3,55.1,7.13,100.0,26.2,2,1,3,0.4496,0
S01296,19,evening,7.2,0.014,73.5,4,20.2,36.1,9.5,39.7,4.38,56.2,55.1,1,0,1,0.0098,0
S01297,17,afternoon,11.1,0.021,65.7,3,36.4,44.4,16.1,51.6,6.65,69.5,36.2,0,0,2,0.0221,0
S01298,19,evening,7.9,0.627,83.2,2,48.3,30.6,16.0,42.5,3.78,100.0,39.8,0,0,4,0.0348,0
S01299,19,evening,8.1,0.421,36.2,3,39.3,21.1,17.7,47.6,4.93,100.0,50.0,1,0,2,0.0776,0
S01300,3,late_night,8.7,0.599,100.0,0,44.2,70.1,10.7,64.7,5.81,100.0,61.0,0,0,6,0.1626,0
S01301,21,evening,8.9,0.0,85.6,0,30.8,37.8,15.0,35.8,4.95,87.3,49.2,0,0,5,0.0228,0
S01302,20,evening,19.8,0.462,81.8,2,70.2,56.9,9.6,79.0,6.63,100.0,70.5,3,0,4,0.2184,1
S01303,5,late_night,12.0,0.876,88.5,0,73.2,76.7,16.2,80.7,8.38,100.0,22.5,4,1,4,0.7823,1
S01304,23,night,13.5,0.86,67.4,2,56.7,42.2,13.6,30.7,6.18,100.0,60.7,3,2,1,0.5,0
S01305,12,afternoon,6.3,0.054,47.0,4,29.6,19.6,11.0,17.5,4.26,87.0,40.3,0,0,4,0.0019,0
S01306,7,morning,9.0,0.535,52.9,1,42.7,37.7,16.6,22.2,6.51,100.0,40.7,4,1,2,0.2087,0
S01307,5,late_night,9.6,0.773,79.1,0,81.1,71.9,7.7,72.3,6.65,100.0,66.3,0,0,5,0.2227,1
S01308,8,morning,1.0,0.109,56.1,6,24.9,26.9,21.9,27.4,3.2,94.4,52.1,0,0,3,0.0017,0
S01309,0,late_night,7.8,0.868,73.5,2,55.1,48.3,14.9,60.0,6.54,100.0,39.8,2,0,0,0.1226,0
S01310,16,afternoon,1.0,0.282,90.4,2,56.2,37.4,19.3,59.1,5.4,100.0,68.9,1,0,5,0.0737,0
S01311,16,afternoon,20.0,0.919,77.9,2,77.6,78.2,14.5,70.3,6.09,100.0,77.0,1,0,2,0.2193,0
S01312,16,afternoon,11.4,0.525,42.3,2,50.0,49.3,17.1,47.3,6.45,100.0,56.5,1,1,4,0.0747,0
S01313,13,afternoon,13.1,0.607,97.9,0,61.6,56.6,15.7,66.4,6.99,100.0,39.1,3,1,4,0.3263,0
S01314,8,morning,4.9,0.909,56.2,3,63.4,68.8,14.1,62.3,7.25,100.0,90.7,1,1,7,0.5991,0
S01315,17,afternoon,10.2,0.883,76.3,0,61.8,95.6,5.6,64.5,8.3,100.0,70.3,4,2,1,0.812,1
S01316,20,evening,11.4,0.5,72.5,3,68.5,67.8,7.8,71.3,3.09,100.0,56.0,0,0,3,0.1451,0
S01317,2,late_night,21.0,0.882,79.3,1,57.7,47.4,7.9,71.2,7.46,100.0,59.0,5,0,1,0.3838,1
S01318,9,morning,4.8,0.577,36.4,2,50.7,21.9,17.9,63.1,5.45,100.0,54.4,1,0,4,0.0241,0
S01319,23,night,19.0,0.969,68.3,1,74.7,86.7,1.0,60.3,7.39,100.0,76.0,2,3,2,0.689,0
S01320,20,evening,7.8,0.0,41.7,1,64.8,43.9,13.5,34.3,4.18,62.0,50.1,1,0,2,0.0336,0
S01321,23,night,10.5,0.554,74.8,3,58.6,23.7,12.1,44.6,5.35,100.0,33.0,1,0,3,0.0253,0
S01322,4,late_night,16.8,0.589,87.6,2,68.9,48.9,16.9,66.5,7.47,100.0,70.4,0,0,8,0.3075,0
S01323,11,morning,5.9,0.309,39.2,2,35.3,30.9,14.7,55.1,4.37,100.0,33.4,1,0,2,0.0186,0
S01324,3,late_night,9.9,0.706,86.8,0,49.9,57.5,10.1,68.0,6.77,100.0,41.3,2,1,4,0.651,1
S01325,20,evening,20.6,0.747,91.7,1,73.1,80.7,15.3,74.4,7.23,100.0,59.8,0,1,4,0.3065,0
S01326,12,afternoon,13.1,0.73,62.5,3,44.3,51.0,11.0,75.5,7.14,100.0,49.9,0,2,4,0.2558,0
S01327,5,late_night,11.6,0.258,27.6,0,36.3,47.0,14.2,39.0,3.44,100.0,51.2,1,0,0,0.0169,0
S01328,2,late_night,8.9,0.831,52.9,2,46.6,59.7,10.3,73.3,6.16,100.0,62.8,2,2,1,0.1234,0
S01329,17,afternoon,19.9,0.817,67.0,0,60.5,52.9,11.7,94.0,8.41,100.0,52.4,0,0,4,0.4565,1
S01330,19,evening,7.5,0.377,78.1,1,43.4,27.9,14.4,28.6,3.52,100.0,45.6,0,0,5,0.0129,0
S01331,21,evening,10.5,0.488,59.6,4,52.4,48.9,12.8,47.1,5.04,100.0,41.3,1,0,1,0.0394,0
S01332,23,night,15.2,0.913,61.9,2,68.9,70.7,16.0,55.0,8.52,100.0,71.8,1,1,3,0.6226,1
S01333,19,evening,10.8,0.795,74.4,1,66.4,66.3,11.7,53.4,7.54,100.0,64.0,1,0,4,0.3596,0
S01334,18,evening,13.2,0.589,53.9,1,59.5,56.7,9.4,71.2,7.41,100.0,68.2,1,0,2,0.4354,0
S01335,19,evening,15.8,1.0,92.6,0,100.0,90.7,4.3,62.2,8.93,100.0,61.9,4,1,1,0.8486,1
S01336,23,night,17.2,0.655,59.1,1,68.6,59.8,11.9,57.8,7.39,100.0,61.7,1,1,4,0.5135,1
S01337,11,morning,13.2,1.0,62.8,1,62.0,97.8,8.4,81.9,6.99,100.0,66.6,3,0,2,0.6754,0
S01338,18,evening,14.1,1.0,97.3,0,100.0,80.1,5.1,94.5,10.0,100.0,82.5,2,0,4,0.967,1
S01339,19,evening,4.6,0.393,94.5,0,69.8,87.4,9.0,68.9,5.8,100.0,63.7,2,0,2,0.2046,1
S01340,2,late_night,2.7,0.896,96.6,0,42.7,35.4,14.4,37.7,4.63,100.0,48.4,0,0,4,0.2428,0
S01341,16,afternoon,15.8,0.194,57.8,3,50.9,79.2,5.9,67.5,5.59,100.0,40.3,3,0,0,0.0837,0
S01342,8,morning,8.7,0.743,64.6,1,53.1,74.1,12.8,89.5,6.37,100.0,65.2,0,0,6,0.3697,0
S01343,3,late_night,11.6,0.332,73.5,0,47.0,39.7,10.9,48.3,5.29,100.0,58.6,1,1,4,0.0814,0
S01344,4,late_night,9.4,0.772,79.3,1,47.1,50.7,16.9,44.8,4.65,100.0,32.3,0,0,3,0.0775,0
S01345,2,late_night,18.7,0.947,56.0,0,71.4,84.4,9.3,94.4,7.87,100.0,81.6,2,0,1,0.7222,1
S01346,21,evening,14.7,0.44,73.9,0,59.7,65.9,11.8,54.8,7.23,100.0,59.3,4,0,2,0.7755,1
S01347,18,evening,10.4,0.387,56.8,2,49.1,49.5,16.8,62.6,4.75,100.0,48.7,1,0,1,0.0426,0
S01348,2,late_night,3.9,0.545,48.5,1,74.2,66.6,16.4,50.5,8.06,100.0,63.7,2,0,2,0.4041,1
S01349,15,afternoon,10.4,0.472,49.1,0,64.8,51.3,17.3,31.7,7.1,100.0,68.3,2,1,1,0.1865,0
S01350,15,afternoon,12.9,0.446,59.5,1,61.0,58.6,7.3,63.0,8.79,100.0,76.9,2,0,1,0.1163,0
S01351,12,afternoon,20.2,0.484,75.4,0,84.7,55.0,8.5,56.4,6.66,100.0,57.6,1,1,1,0.298,0
S01352,14,afternoon,14.9,0.41,74.8,1,55.4,29.5,12.7,41.0,4.92,100.0,43.8,1,0,1,0.0144,0
S01353,21,evening,7.6,0.681,78.1,0,66.5,74.4,13.8,76.4,6.14,100.0,66.2,1,1,2,0.4655,1
S01354,12,afternoon,16.3,0.638,99.5,0,73.3,89.9,6.1,90.5,7.43,100.0,46.4,3,1,4,0.389,0
S01355,15,afternoon,7.1,0.288,74.1,2,58.8,48.8,8.8,52.4,6.59,100.0,70.7,4,1,4,0.2236,0
S01356,13,afternoon,17.0,0.556,56.4,2,41.2,40.7,9.8,64.1,5.31,100.0,32.4,1,0,2,0.0533,0
S01357,9,morning,14.5,0.58,63.2,1,55.4,25.3,14.2,52.8,4.76,100.0,31.3,1,0,4,0.1049,0
S01358,21,evening,12.2,0.634,77.2,1,58.4,63.2,15.4,62.5,6.29,100.0,75.8,1,3,0,0.3293,0
S01359,9,morning,11.9,0.622,83.5,0,65.9,62.7,7.7,59.0,5.15,100.0,22.2,1,0,3,0.1123,0
S01360,19,evening,16.4,0.808,64.8,1,58.1,39.6,10.7,39.8,6.65,100.0,72.3,2,0,6,0.1677,0
S01361,14,afternoon,19.6,0.887,63.4,0,81.5,78.6,2.6,63.5,8.36,100.0,83.9,3,0,1,0.713,1
S01362,16,afternoon,11.4,0.826,61.2,1,49.9,57.6,5.9,14.0,3.73,100.0,49.7,0,0,3,0.0309,0
S01363,18,evening,16.4,1.0,84.1,0,60.1,51.6,12.2,73.7,8.85,100.0,69.3,3,1,4,0.9026,1
S01364,17,afternoon,9.5,0.141,85.5,3,50.3,45.3,14.0,62.6,6.48,100.0,29.1,2,1,8,0.0374,0
S01365,13,afternoon,16.2,0.167,62.8,0,64.4,44.5,11.9,57.7,6.84,100.0,49.9,2,2,2,0.3597,1
S01366,14,afternoon,11.9,0.379,51.0,3,39.4,53.6,20.6,48.2,3.48,100.0,53.6,2,0,3,0.0212,0
S01367,12,afternoon,15.2,0.85,92.0,0,73.5,75.4,2.6,64.9,6.25,100.0,67.9,0,2,5,0.6023,0
S01368,8,morning,14.3,0.722,73.9,0,78.0,70.7,1.2,90.8,9.44,100.0,69.1,4,1,3,0.8284,1
S01369,17,afternoon,19.4,0.835,70.9,2,70.3,74.2,5.6,57.1,8.88,100.0,65.7,1,0,4,0.4697,1
S01370,21,evening,14.1,0.269,76.7,4,41.8,30.1,6.6,41.6,6.43,100.0,46.2,0,0,1,0.0082,0
S01371,16,afternoon,11.5,0.536,56.1,1,60.5,64.8,7.9,55.5,9.27,100.0,41.6,4,1,8,0.5505,0
S01372,18,evening,12.2,0.502,100.0,0,69.9,67.0,13.5,69.3,8.32,100.0,62.7,2,3,5,0.9224,1
S01373,19,evening,8.6,0.269,48.0,1,45.1,28.2,16.4,56.8,4.97,100.0,28.3,1,0,2,0.0168,0
S01374,8,morning,13.9,0.715,82.8,0,52.1,52.0,16.2,36.8,7.03,100.0,49.4,1,2,6,0.3009,0
S01375,1,late_night,11.0,0.507,71.3,2,51.4,61.2,12.8,73.9,6.22,100.0,78.1,7,1,2,0.6805,0
S01376,8,morning,21.2,0.576,78.5,4,79.0,66.9,9.3,87.7,7.35,100.0,34.9,1,1,4,0.3241,0
S01377,18,evening,14.2,0.691,67.5,1,79.6,67.7,9.5,65.5,7.44,100.0,54.2,1,3,1,0.4853,1
S01378,19,evening,15.0,0.554,85.2,3,65.8,69.1,13.2,57.1,7.59,100.0,69.8,3,0,3,0.2208,0
S01379,12,afternoon,23.5,0.994,76.6,0,74.1,60.6,2.9,77.8,8.0,100.0,73.4,4,2,2,0.9173,1
S01380,18,evening,13.9,0.55,71.2,1,85.2,92.1,1.0,68.9,5.82,100.0,66.9,4,0,7,0.515,0
S01381,1,late_night,3.0,0.0,74.3,3,30.3,18.6,19.3,54.0,1.83,56.6,27.6,0,0,1,0.0007,0
S01382,15,afternoon,6.0,0.563,67.9,1,54.1,49.6,13.6,68.5,6.63,100.0,72.8,2,3,2,0.2602,0
S01383,16,afternoon,10.8,0.606,58.5,1,67.7,44.9,18.6,71.0,5.81,100.0,35.7,2,3,5,0.1987,1
S01384,12,afternoon,1.0,0.114,33.6,2,30.9,57.3,18.3,68.6,5.24,83.5,54.9,1,0,4,0.0503,0
S01385,17,afternoon,15.3,0.833,98.7,2,54.2,87.6,13.0,79.2,5.39,100.0,57.9,4,1,3,0.3848,0
S01386,11,morning,17.4,1.0,71.7,1,78.6,97.9,8.3,74.3,9.24,100.0,50.7,6,0,3,0.973,1
S01387,12,afternoon,7.6,0.261,92.2,3,48.1,44.2,10.9,50.4,4.37,100.0,42.6,2,0,5,0.04,0
S01388,14,afternoon,12.6,0.898,78.7,3,70.4,66.8,10.2,94.0,8.35,100.0,84.2,1,1,4,0.5464,1
S01389,19,evening,12.3,0.0,64.8,1,60.9,63.1,17.7,43.1,3.94,78.2,32.1,0,0,2,0.0212,0
S01390,5,late_night,5.4,0.664,67.2,1,36.4,45.7,15.2,52.5,6.36,100.0,24.6,1,0,0,0.0476,0
S01391,7,morning,17.2,0.6,100.0,1,78.1,85.2,12.8,66.1,7.19,100.0,54.3,2,0,2,0.598,0
S01392,10,morning,13.2,0.664,32.8,0,72.5,53.1,13.5,34.2,5.89,100.0,57.9,4,0,2,0.1677,0
S01393,4,late_night,6.3,0.427,76.9,1,59.6,87.5,7.5,56.5,8.08,100.0,79.1,3,0,2,0.4468,0
S01394,8,morning,9.1,0.256,51.1,2,30.4,49.0,20.4,31.1,5.34,100.0,44.2,0,0,2,0.0322,0
S01395,8,morning,10.9,0.667,81.7,0,59.9,82.4,12.6,75.0,7.73,100.0,41.7,2,0,5,0.8036,1
S01396,7,morning,13.3,0.598,77.1,0,68.2,84.7,11.5,76.0,6.55,100.0,60.0,1,1,2,0.7088,1
S01397,9,morning,6.8,0.889,64.5,1,63.6,55.4,14.6,59.8,4.73,100.0,66.7,1,0,1,0.1032,0
S01398,12,afternoon,19.5,0.615,77.4,2,72.7,59.5,12.9,80.5,5.34,100.0,63.3,0,0,1,0.1441,1
S01399,16,afternoon,3.1,0.761,58.4,0,32.7,34.8,12.9,48.3,4.12,100.0,53.9,0,0,5,0.0179,0
S01400,7,morning,8.9,0.65,59.8,0,74.1,76.3,8.6,77.2,6.95,100.0,34.0,3,1,3,0.7675,1
S01401,20,evening,11.6,0.8,73.1,1,58.3,44.0,9.0,54.9,4.64,100.0,32.9,1,0,3,0.0711,0
S01402,11,morning,9.7,0.194,79.1,1,58.1,48.9,11.4,83.1,6.07,100.0,51.8,3,0,5,0.2161,0
S01403,17,afternoon,4.5,0.419,57.9,1,43.2,33.8,17.1,51.5,5.93,100.0,69.1,1,0,6,0.1611,0
S01404,2,late_night,12.4,0.356,93.4,3,53.8,40.0,16.5,66.6,5.85,100.0,39.7,4,0,1,0.0945,0
S01405,4,late_night,6.1,0.962,95.6,2,60.2,70.5,12.8,55.5,6.47,100.0,62.2,1,2,7,0.5054,1
S01406,10,morning,8.6,0.625,84.7,0,44.4,74.1,15.3,61.9,6.2,100.0,59.0,2,0,4,0.2505,1
S01407,8,morning,11.7,0.23,87.7,1,74.6,78.1,9.2,93.3,6.9,100.0,43.3,2,2,3,0.5247,1
S01408,11,morning,15.2,0.287,70.4,0,61.3,63.0,7.3,70.1,7.31,100.0,43.9,1,1,5,0.2137,0
S01409,3,late_night,18.7,0.424,91.2,1,72.1,46.8,10.3,50.8,6.39,100.0,57.7,2,0,3,0.1362,0
S01410,11,morning,15.2,0.674,90.2,1,49.6,41.8,12.5,45.0,4.36,100.0,47.0,1,1,2,0.0813,0
S01411,16,afternoon,18.1,1.0,100.0,0,93.0,86.8,10.2,100.0,8.63,100.0,80.7,3,2,3,0.933,1
S01412,17,afternoon,1.0,0.255,48.9,2,51.4,47.6,17.2,45.8,4.34,100.0,39.3,1,0,5,0.0203,0
S01413,5,late_night,17.3,0.629,79.5,0,92.7,69.0,13.5,72.6,6.27,100.0,75.9,1,3,2,0.6137,0
S01414,8,morning,22.0,0.898,89.5,0,84.6,62.5,1.2,67.7,7.61,100.0,57.8,2,2,3,0.7633,1
S01415,12,afternoon,14.4,0.196,75.7,1,53.6,63.4,10.5,48.8,4.68,100.0,50.2,3,1,2,0.0587,0
S01416,12,afternoon,20.5,0.976,86.7,0,73.0,80.4,7.2,100.0,8.87,100.0,80.4,2,0,5,0.7699,1
S01417,19,evening,10.2,0.774,69.5,1,70.9,58.4,11.9,64.6,8.01,100.0,59.4,3,0,5,0.6639,1
S01418,9,morning,12.8,0.641,100.0,2,57.4,74.3,18.4,65.5,7.03,100.0,54.4,4,2,0,0.6384,1
S01419,16,afternoon,19.8,0.634,54.1,0,52.1,57.8,8.0,69.5,7.04,100.0,54.1,2,5,0,0.5861,0
S01420,21,evening,5.7,0.538,54.1,2,76.9,49.0,9.6,47.1,5.95,100.0,67.1,2,3,5,0.2948,1
S01421,7,morning,6.8,0.618,48.4,1,47.3,55.1,10.7,48.5,6.01,100.0,58.7,0,0,5,0.2105,0
S01422,19,evening,16.9,0.342,59.0,1,41.3,52.4,8.2,66.4,6.62,100.0,25.2,2,0,5,0.0889,0
S01423,7,morning,14.5,0.883,99.9,0,84.9,71.5,5.6,77.8,7.85,100.0,52.6,2,0,2,0.4175,0
S01424,8,morning,7.8,0.783,90.7,1,55.4,60.1,11.8,54.3,5.32,100.0,45.4,2,0,2,0.1217,0
S01425,15,afternoon,15.4,0.477,61.6,2,56.7,20.8,17.8,57.7,3.67,100.0,58.3,0,1,2,0.006,0
S01426,14,afternoon,16.3,0.794,84.0,0,58.2,81.0,10.8,73.7,8.52,100.0,31.2,3,1,2,0.8654,1
S01427,13,afternoon,13.2,0.666,77.2,0,66.8,54.4,6.7,48.5,7.72,100.0,64.7,0,1,7,0.33,0
S01428,5,late_night,9.4,0.826,57.4,0,79.8,55.9,9.9,78.6,6.68,100.0,68.5,1,3,4,0.7617,0
S01429,2,late_night,22.4,0.675,100.0,1,55.7,80.4,6.4,63.4,8.38,100.0,69.0,0,1,6,0.6312,1
S01430,21,evening,11.1,0.28,88.5,2,55.1,61.0,16.5,68.7,9.07,100.0,52.1,1,0,2,0.2128,1
S01431,20,evening,14.8,0.575,67.9,3,51.8,46.0,19.7,76.7,3.98,100.0,25.2,2,0,3,0.0843,0
S01432,21,evening,13.0,0.093,50.2,1,42.4,25.3,7.4,51.6,5.51,96.4,45.9,0,0,6,0.043,0
S01433,12,afternoon,5.0,0.361,53.5,0,42.8,27.8,16.2,36.3,5.37,100.0,67.3,0,0,2,0.0323,0
S01434,21,evening,10.7,0.509,61.5,1,63.0,58.7,8.4,81.2,5.13,100.0,47.5,3,1,6,0.5048,0
S01435,11,morning,17.5,0.448,70.8,1,64.3,55.1,12.4,51.0,4.88,100.0,87.2,1,0,2,0.0362,0
S01436,1,late_night,16.5,0.518,71.1,2,73.1,65.5,12.5,79.9,6.97,100.0,64.5,1,0,1,0.2552,0
S01437,4,late_night,1.0,0.0,41.2,2,51.3,40.6,12.5,23.9,3.19,78.4,35.1,0,0,3,0.0043,0
S01438,6,morning,10.5,0.465,38.2,3,49.7,47.9,19.3,40.8,4.43,100.0,50.9,2,0,1,0.0313,0
S01439,9,morning,14.9,0.729,100.0,0,72.3,67.3,9.2,100.0,6.09,100.0,67.3,3,1,1,0.4945,0
S01440,22,night,5.9,0.327,68.2,2,56.4,63.3,11.4,59.0,6.1,100.0,42.4,1,1,2,0.1123,0
S01441,7,morning,14.1,0.872,79.7,2,62.0,56.0,11.7,85.4,5.5,100.0,51.0,0,0,7,0.1481,0
S01442,14,afternoon,2.4,0.382,52.5,3,27.4,7.0,11.3,46.4,3.95,100.0,76.6,0,0,3,0.0076,0
S01443,6,morning,14.5,0.892,58.1,0,76.8,63.1,8.4,76.7,7.13,100.0,86.0,2,1,2,0.6965,0
S01444,15,afternoon,8.4,0.812,67.6,1,69.1,27.5,4.9,25.3,6.0,100.0,48.5,1,1,1,0.1899,0
S01445,13,afternoon,10.9,0.874,67.5,1,48.8,57.5,2.0,77.3,5.72,100.0,45.1,1,0,5,0.2129,1
S01446,3,late_night,18.7,1.0,99.2,1,78.1,88.4,3.5,92.2,8.11,100.0,45.1,4,0,6,0.8962,0
S01447,11,morning,12.5,0.717,95.7,1,72.4,60.1,6.8,77.3,9.11,100.0,96.4,3,0,2,0.8081,1
S01448,2,late_night,17.4,0.218,79.0,1,60.0,43.5,5.6,65.7,6.33,100.0,68.5,0,0,4,0.1208,0
S01449,21,evening,12.2,0.502,80.1,0,76.7,32.6,11.2,55.9,5.86,100.0,70.1,1,2,5,0.2927,0
S01450,16,afternoon,18.2,0.72,94.5,2,48.0,51.9,10.5,47.1,6.58,100.0,44.9,1,0,7,0.2443,0
S01451,22,night,12.9,0.697,79.9,0,67.0,54.9,10.7,72.0,6.0,100.0,48.9,2,2,1,0.4138,1
S01452,21,evening,9.5,0.0,85.6,0,58.8,68.6,14.7,58.6,6.75,53.5,40.5,2,0,1,0.0361,0
S01453,5,late_night,17.8,0.665,74.2,1,52.2,54.5,19.6,66.5,6.49,100.0,5.2,3,1,2,0.1231,1
S01454,16,afternoon,14.1,0.956,53.2,0,77.1,97.8,10.8,74.8,7.09,100.0,50.7,3,1,3,0.7591,1
S01455,2,late_night,10.9,0.473,66.8,0,54.0,50.9,8.3,55.1,6.97,100.0,59.1,2,1,2,0.3832,1
S01456,23,night,21.8,1.0,75.4,0,100.0,100.0,10.1,80.8,9.27,100.0,72.5,0,1,0,0.7933,0
S01457,18,evening,7.3,0.689,74.2,2,68.6,59.3,17.4,52.4,6.86,100.0,46.3,0,1,0,0.2403,1
S01458,16,afternoon,20.2,0.681,72.4,0,76.9,76.7,3.9,75.4,10.0,100.0,75.5,3,2,11,0.9818,1
S01459,23,night,15.4,0.858,81.9,0,76.1,91.9,7.0,71.1,7.02,100.0,47.0,3,0,0,0.7696,1
S01460,20,evening,20.0,0.441,92.4,1,74.1,49.5,4.4,63.6,6.64,100.0,72.3,0,2,4,0.4411,1
S01461,20,evening,13.4,0.43,82.3,3,51.9,41.2,11.2,39.9,5.83,100.0,62.0,0,2,4,0.0668,0
S01462,2,late_night,14.6,0.391,87.5,0,47.9,26.1,15.2,62.1,5.57,100.0,62.2,0,1,3,0.0894,0
S01463,0,late_night,12.9,0.454,48.5,1,63.0,42.4,17.0,65.4,5.9,100.0,58.9,2,1,7,0.4088,0
S01464,23,night,11.5,0.759,59.9,0,59.7,47.0,13.6,82.1,5.56,100.0,48.7,1,1,2,0.1318,0
S01465,6,morning,20.6,0.818,100.0,4,43.7,66.0,13.5,59.8,6.48,100.0,37.4,1,1,1,0.2647,0
S01466,10,morning,2.0,0.607,74.9,3,48.3,24.0,14.8,41.0,6.03,100.0,14.8,1,0,2,0.018,0
S01467,1,late_night,2.2,0.491,62.5,3,41.8,35.9,16.3,26.1,5.96,100.0,58.2,2,0,3,0.0619,0
S01468,14,afternoon,10.0,0.0,59.1,3,51.6,48.7,16.7,32.7,5.21,59.0,21.1,0,0,3,0.0064,0
S01469,19,evening,13.2,0.018,55.0,1,29.9,38.8,20.7,32.1,6.13,72.3,42.4,0,0,1,0.0328,0
S01470,20,evening,13.1,0.6,41.9,1,50.3,64.5,11.7,66.6,6.79,100.0,58.9,3,0,2,0.1233,0
S01471,13,afternoon,19.4,0.712,67.4,0,81.3,88.3,10.8,73.1,7.54,100.0,45.7,3,1,2,0.6592,1
S01472,15,afternoon,4.0,0.448,68.2,0,56.9,77.1,10.4,49.5,6.69,100.0,53.1,1,0,5,0.2113,0
S01473,12,afternoon,3.2,0.592,41.2,1,41.4,11.3,17.0,3.8,3.28,100.0,46.2,0,0,1,0.0133,0
S01474,10,morning,3.9,0.543,59.7,2,58.0,61.1,11.4,65.5,5.02,100.0,49.8,2,0,1,0.0739,0
S01475,13,afternoon,14.6,0.634,100.0,2,76.8,52.5,7.6,70.7,5.34,100.0,60.9,2,0,3,0.249,0
S01476,22,night,12.1,1.0,83.0,0,92.7,85.6,11.3,96.6,8.33,100.0,60.9,2,2,1,0.8432,1
S01477,6,morning,2.5,0.342,62.5,2,46.6,19.5,20.9,34.4,5.76,100.0,42.1,0,0,1,0.0238,0
S01478,11,morning,12.9,1.0,70.5,3,63.3,46.1,12.6,70.0,4.62,100.0,39.3,2,0,2,0.1251,0
S01479,14,afternoon,21.4,0.618,92.5,0,77.7,76.8,9.9,87.6,7.4,100.0,63.2,3,0,4,0.7156,1
S01480,13,afternoon,12.7,0.496,66.4,0,49.0,81.5,14.5,73.7,7.8,100.0,57.8,1,0,5,0.507,1
S01481,0,late_night,16.0,0.446,93.2,1,70.4,52.0,10.3,60.9,6.76,100.0,44.5,2,0,5,0.109,0
S01482,6,morning,14.5,0.88,77.6,1,80.8,31.0,12.5,61.7,6.43,100.0,62.1,4,0,5,0.2934,0
S01483,15,afternoon,12.1,0.76,53.3,2,41.1,62.5,10.5,87.6,6.49,100.0,20.0,3,1,3,0.2362,0
S01484,16,afternoon,10.0,0.558,74.6,0,74.0,53.8,8.2,90.7,9.29,100.0,75.9,3,0,1,0.6618,1
S01485,17,afternoon,11.8,0.256,60.9,2,34.9,45.0,15.7,52.5,6.17,100.0,28.9,0,0,3,0.0667,0
S01486,23,night,17.1,0.959,73.8,0,70.3,78.2,12.3,74.0,7.72,100.0,75.9,4,2,3,0.882,0
S01487,16,afternoon,11.5,0.416,66.7,5,44.3,37.6,18.4,20.6,5.19,100.0,56.1,2,0,2,0.0217,0
S01488,13,afternoon,14.2,0.881,82.1,1,71.4,57.4,11.3,80.1,7.27,100.0,72.2,1,1,2,0.413,0
S01489,7,morning,7.9,0.565,79.2,1,64.2,58.6,6.8,72.9,8.54,100.0,39.2,1,1,4,0.395,0
S01490,8,morning,12.9,0.56,70.2,1,66.3,59.5,17.7,59.4,5.45,100.0,48.2,1,1,10,0.2263,1
S01491,19,evening,11.9,0.607,71.1,0,71.4,43.8,9.1,54.5,6.64,100.0,59.3,1,1,2,0.1655,0
S01492,11,morning,8.2,0.332,32.8,1,50.6,58.0,10.2,55.9,5.84,100.0,57.7,1,0,1,0.0395,0
S01493,17,afternoon,7.6,0.36,73.1,0,58.1,30.9,12.0,67.8,6.22,100.0,61.2,1,0,2,0.0377,0
S01494,2,late_night,8.2,0.26,74.5,2,52.6,60.3,5.7,62.5,7.82,100.0,62.6,1,0,1,0.0663,0
S01495,3,late_night,12.2,0.483,46.4,1,41.9,24.0,13.3,81.4,4.7,100.0,55.5,0,0,3,0.0336,0
S01496,5,late_night,7.3,0.751,76.8,1,51.8,69.0,13.8,75.3,7.31,100.0,64.3,2,1,1,0.3395,0
S01497,4,late_night,4.6,0.576,70.5,4,59.3,40.7,12.6,38.3,5.41,100.0,58.4,3,0,7,0.132,0
S01498,14,afternoon,12.8,0.79,93.3,1,65.5,69.1,15.9,64.9,5.89,100.0,59.6,4,2,2,0.2838,0
S01499,15,afternoon,14.9,0.347,68.2,1,21.6,53.0,19.5,40.5,6.17,100.0,65.1,0,0,2,0.0372,0
S01500,13,afternoon,14.5,0.775,70.3,0,58.6,40.2,16.7,66.1,7.44,100.0,50.4,0,1,4,0.2076,1
S01501,6,morning,3.6,0.635,79.2,0,48.2,49.0,5.5,69.0,6.63,100.0,25.9,1,0,7,0.1776,0
S01502,13,afternoon,21.4,1.0,76.0,0,72.9,80.2,15.1,97.2,7.33,100.0,81.6,2,2,0,0.7897,0
S01503,2,late_night,18.4,0.89,78.8,0,61.6,59.0,10.4,61.6,5.51,100.0,64.0,1,1,5,0.527,1
S01504,11,morning,6.7,0.493,59.0,0,54.1,63.6,19.1,65.3,6.91,100.0,51.5,4,1,3,0.6417,0
S01505,3,late_night,3.4,0.702,90.6,2,93.3,68.9,8.6,82.9,5.97,100.0,59.7,0,0,3,0.2181,0
S01506,1,late_night,5.4,0.389,29.0,1,51.3,21.5,15.7,57.4,3.2,100.0,65.0,1,0,3,0.0167,0
S01507,3,late_night,16.4,0.314,81.9,2,66.5,72.5,12.4,46.8,6.66,100.0,56.2,0,0,2,0.1395,0
S01508,2,late_night,24.4,0.624,86.2,0,86.4,92.7,4.3,91.4,9.43,100.0,89.8,3,1,1,0.8792,1
S01509,11,morning,8.9,0.31,85.5,1,72.9,49.7,5.3,49.1,6.31,100.0,62.9,1,2,1,0.335,1
S01510,13,afternoon,19.2,0.539,58.8,3,63.3,48.7,2.3,55.5,6.37,100.0,50.0,3,3,3,0.3435,0
S01511,14,afternoon,4.7,0.566,75.7,1,74.7,63.0,22.7,52.3,6.99,100.0,38.6,3,0,2,0.2664,1
S01512,10,morning,13.2,0.397,78.1,1,76.3,75.9,3.5,64.4,6.57,100.0,61.7,2,0,5,0.4372,1
S01513,4,late_night,4.3,0.28,60.5,5,37.3,3.5,9.4,22.6,3.92,100.0,62.7,0,0,1,0.0028,0
S01514,0,late_night,11.6,0.279,40.8,1,49.2,24.8,17.7,29.3,3.03,100.0,36.4,0,0,5,0.0276,0
S01515,17,afternoon,17.8,0.818,81.2,1,58.3,54.0,5.9,53.5,7.47,100.0,61.8,0,3,2,0.2561,1
S01516,23,night,13.7,0.845,36.6,2,52.0,30.7,7.0,57.8,8.5,100.0,73.7,0,3,1,0.2074,0
S01517,6,morning,10.5,0.838,70.5,0,65.9,64.1,1.0,76.8,8.0,100.0,36.3,3,1,2,0.7777,1
S01518,4,late_night,14.5,0.363,44.0,1,47.6,55.2,13.8,38.8,7.34,100.0,59.1,0,0,6,0.3393,0
S01519,7,morning,8.2,0.389,66.9,2,11.5,25.0,11.6,73.6,4.11,100.0,51.7,0,0,1,0.0342,1
S01520,5,late_night,1.5,0.362,65.9,1,49.3,35.3,17.1,42.2,3.76,100.0,52.7,0,0,5,0.0189,0
S01521,5,late_night,1.0,0.09,54.8,4,34.3,3.0,17.2,15.8,5.73,100.0,12.9,0,0,1,0.0025,0
S01522,11,morning,15.4,0.343,90.2,0,68.0,52.2,12.8,66.4,5.4,100.0,42.2,0,1,1,0.096,0
S01523,18,evening,10.7,0.429,63.8,0,46.7,37.3,10.6,59.9,7.24,100.0,22.6,3,0,3,0.2065,0
S01524,17,afternoon,5.6,0.451,75.7,1,59.3,69.6,11.7,47.6,6.25,100.0,32.7,0,0,1,0.133,0
S01525,23,night,14.4,0.873,79.6,0,72.9,94.0,6.3,78.6,8.87,100.0,74.1,1,0,2,0.7533,1
S01526,8,morning,17.1,0.832,78.3,1,81.8,69.1,6.4,67.1,7.75,100.0,57.2,3,0,3,0.8714,1
S01527,11,morning,11.2,0.89,88.2,2,51.4,42.1,8.0,56.6,5.15,100.0,66.3,2,0,3,0.2648,1
S01528,9,morning,1.0,0.365,84.2,2,31.0,38.4,22.3,56.1,3.49,100.0,53.7,0,0,3,0.0244,0
S01529,1,late_night,21.4,0.727,68.5,0,51.9,73.8,9.2,70.3,9.53,100.0,41.8,4,0,2,0.5494,0
S01530,9,morning,17.7,0.572,86.9,0,59.5,88.3,1.8,75.5,7.43,100.0,60.9,2,0,3,0.6157,1
S01531,6,morning,11.6,0.389,77.3,0,63.7,88.0,12.4,59.1,9.02,100.0,33.1,2,0,4,0.6284,1
S01532,11,morning,13.8,0.583,82.8,0,73.5,47.4,6.8,74.6,7.21,100.0,65.0,1,2,7,0.7152,1
S01533,3,late_night,9.9,0.235,64.4,2,29.2,55.6,14.2,39.9,5.93,100.0,54.4,0,1,3,0.0221,0
S01534,17,afternoon,13.5,0.339,81.1,0,79.0,83.5,6.9,74.3,7.43,100.0,63.6,3,3,3,0.7521,0
S01535,20,evening,10.4,0.204,8.5,0,50.1,51.2,19.9,46.5,5.47,100.0,24.0,1,0,4,0.033,1
S01536,23,night,8.9,0.983,99.0,1,83.1,77.8,9.0,61.9,9.55,100.0,37.2,5,1,2,0.8066,1
S01537,2,late_night,6.7,0.371,46.1,1,31.3,43.2,18.6,55.9,3.86,100.0,83.0,0,0,1,0.0208,0
S01538,2,late_night,4.5,0.335,58.9,2,53.7,57.0,16.7,58.7,4.79,100.0,58.7,2,0,3,0.3094,0
S01539,23,night,12.1,0.857,78.8,0,72.6,72.5,3.5,51.2,9.0,100.0,59.9,4,0,6,0.8087,1
S01540,20,evening,17.8,0.12,56.2,4,52.4,42.9,13.3,79.8,6.33,100.0,67.8,1,0,3,0.0554,0
S01541,14,afternoon,14.8,0.732,80.3,2,61.3,84.0,7.3,78.9,9.32,100.0,82.1,4,1,5,0.89,1
S01542,7,morning,13.5,0.841,71.2,2,52.4,50.9,6.7,78.3,6.52,100.0,74.6,4,1,2,0.4775,1
S01543,12,afternoon,3.6,0.51,58.4,3,54.0,78.9,7.4,58.8,6.45,100.0,51.5,2,0,2,0.3888,1
S01544,12,afternoon,13.7,0.4,83.2,1,86.8,67.9,12.6,59.1,8.32,100.0,58.2,0,1,4,0.5281,1
S01545,20,evening,13.1,0.432,67.6,2,49.6,50.1,23.0,43.5,5.16,100.0,65.5,0,2,3,0.1104,0
S01546,12,afternoon,7.4,0.539,69.7,1,29.5,30.8,12.3,62.9,3.24,100.0,40.8,0,0,5,0.0154,0
S01547,0,late_night,1.0,0.481,43.5,0,52.5,28.3,14.5,33.6,4.23,100.0,68.2,1,0,0,0.0748,0
S01548,16,afternoon,14.5,0.349,62.3,0,66.7,47.3,12.1,50.7,3.8,100.0,60.0,3,2,2,0.4042,1
S01549,18,evening,14.7,1.0,84.0,0,64.1,74.5,9.1,61.2,6.85,100.0,69.3,1,0,0,0.4805,1
S01550,7,morning,12.4,0.064,47.9,2,43.7,15.4,20.8,28.1,3.48,91.8,61.2,1,0,3,0.0081,0
S01551,2,late_night,7.2,0.393,50.7,2,41.2,78.1,22.2,60.4,5.16,100.0,31.2,1,0,2,0.0439,0
S01552,3,late_night,1.3,0.255,56.5,2,44.0,48.7,10.8,62.9,6.88,100.0,53.7,1,0,2,0.1069,0
S01553,20,evening,6.9,0.288,65.6,1,65.5,40.5,19.7,62.9,5.15,100.0,70.0,0,2,3,0.2506,0
S01554,10,morning,3.5,0.253,57.5,2,42.0,43.8,12.6,39.5,5.68,100.0,34.6,1,0,5,0.0603,0
S01555,12,afternoon,13.1,0.583,61.8,1,58.4,19.7,9.4,58.6,4.23,100.0,43.0,1,1,4,0.0498,0
S01556,23,night,1.0,0.699,48.7,0,63.5,43.8,12.9,75.4,5.01,100.0,68.6,1,1,4,0.1587,1
S01557,1,late_night,12.5,0.588,87.8,1,77.7,66.3,13.9,53.3,9.09,100.0,82.5,1,5,1,0.6033,1
S01558,4,late_night,20.1,0.469,96.4,3,56.0,54.1,10.0,84.3,6.96,100.0,7.0,2,0,4,0.2486,0
S01559,19,evening,11.6,0.624,40.2,2,57.1,48.4,15.2,70.1,7.63,100.0,72.1,2,1,5,0.2297,0
S01560,12,afternoon,14.4,0.593,43.6,2,65.7,70.8,13.7,56.4,8.42,100.0,17.8,1,0,2,0.2771,0
S01561,0,late_night,5.9,0.619,86.2,2,66.9,62.2,17.1,65.5,6.24,100.0,54.9,2,0,3,0.2159,0
S01562,16,afternoon,3.1,0.483,87.0,8,52.0,51.4,15.8,57.3,4.94,100.0,29.3,0,1,3,0.0577,0
S01563,3,late_night,14.3,0.355,28.9,5,29.8,32.5,20.4,37.7,3.08,100.0,39.9,0,0,4,0.0159,0
S01564,18,evening,9.6,0.429,74.7,4,42.6,29.0,10.5,32.1,5.76,100.0,50.9,2,1,3,0.0724,0
S01565,19,evening,10.5,0.418,89.5,2,53.1,46.2,12.5,65.9,6.18,100.0,59.2,0,1,2,0.0842,0
S01566,19,evening,4.0,0.59,47.8,2,31.8,12.2,14.3,34.3,5.99,100.0,69.5,0,0,2,0.0267,0
S01567,11,morning,12.9,1.0,95.0,0,69.9,47.1,8.3,50.7,8.07,100.0,35.8,1,1,2,0.4041,0
S01568,6,morning,9.6,0.695,73.2,2,67.6,53.2,6.5,63.8,6.28,100.0,76.7,1,0,6,0.2933,0
S01569,21,evening,12.0,0.311,62.0,2,21.2,11.3,16.7,48.0,6.63,100.0,41.3,0,0,1,0.0074,0
S01570,13,afternoon,23.0,0.605,59.4,1,54.6,66.1,14.6,56.3,6.25,100.0,51.3,3,0,0,0.3761,1
S01571,15,afternoon,13.3,0.385,83.3,0,54.5,53.4,12.9,50.9,6.62,100.0,79.2,2,2,4,0.3701,0
S01572,3,late_night,10.5,0.754,85.2,2,62.8,55.3,15.6,77.2,6.81,100.0,69.7,0,0,2,0.1624,0
S01573,14,afternoon,1.8,0.636,95.8,1,74.0,65.9,7.6,57.9,5.71,100.0,29.7,0,0,2,0.0351,0
S01574,13,afternoon,1.0,0.248,80.0,2,48.3,17.9,13.3,36.4,3.7,100.0,45.1,0,1,5,0.0138,0
S01575,7,morning,14.4,0.541,59.8,3,31.2,24.2,9.8,52.8,5.32,100.0,36.2,2,0,2,0.0478,0
S01576,18,evening,8.0,0.558,100.0,2,45.5,71.8,12.5,63.0,5.57,100.0,48.7,1,0,2,0.0812,1
S01577,3,late_night,13.6,0.51,98.5,0,69.7,99.8,11.9,73.7,7.41,100.0,59.2,2,1,3,0.4965,1
S01578,17,afternoon,8.0,0.288,60.4,2,34.7,35.2,21.8,43.0,3.65,100.0,48.7,0,0,1,0.0072,0
S01579,23,night,19.0,0.649,57.8,0,74.1,68.5,6.6,64.2,6.52,100.0,38.2,0,0,2,0.1932,0
S01580,13,afternoon,14.8,0.921,56.6,2,91.6,67.7,11.1,85.2,6.01,100.0,58.8,6,1,2,0.7994,0
S01581,2,late_night,9.9,0.693,47.1,1,76.0,49.2,18.1,43.2,3.16,100.0,48.2,4,0,0,0.1863,0
S01582,13,afternoon,13.9,0.611,60.4,2,62.2,68.4,6.9,82.9,7.94,100.0,64.1,2,0,3,0.3711,0
S01583,12,afternoon,7.4,0.35,85.0,3,60.9,64.6,8.5,43.3,6.85,100.0,50.0,0,1,1,0.038,0
S01584,13,afternoon,9.3,0.532,76.4,0,62.8,61.4,6.3,41.0,3.81,100.0,68.4,0,0,3,0.0655,0
S01585,6,morning,8.8,0.38,47.8,1,29.6,46.8,17.7,34.7,5.14,100.0,49.2,1,1,3,0.0995,0
S01586,15,afternoon,5.7,0.295,49.2,4,13.0,14.2,13.8,32.0,4.14,100.0,50.0,0,0,4,0.0032,0
S01587,6,morning,23.4,0.752,73.7,1,72.8,78.6,12.0,63.6,6.21,100.0,64.2,2,0,5,0.5648,0
S01588,13,afternoon,10.8,0.384,74.1,5,33.2,36.2,13.1,39.6,6.31,100.0,31.8,0,0,0,0.0602,0
S01589,14,afternoon,15.2,0.681,53.2,1,46.0,53.3,20.1,69.1,7.14,100.0,46.6,1,1,3,0.3344,1
S01590,15,afternoon,3.6,0.207,64.2,2,36.5,46.0,17.9,36.3,6.03,100.0,36.7,1,0,4,0.0466,0
S01591,19,evening,9.9,0.834,63.2,3,45.3,31.9,11.6,19.4,6.69,100.0,57.9,0,0,2,0.1117,0
S01592,21,evening,8.6,0.677,55.9,3,70.7,43.4,11.1,55.9,7.31,100.0,66.7,5,0,3,0.3895,0
S01593,18,evening,11.4,0.215,88.0,2,51.4,52.1,16.6,78.5,4.87,100.0,49.4,3,0,0,0.0405,0
S01594,19,evening,15.9,0.644,68.6,0,59.1,61.7,7.0,53.4,6.93,100.0,59.4,0,1,5,0.3878,0
S01595,20,evening,13.6,0.772,58.7,2,44.7,66.0,15.8,56.2,7.38,100.0,34.0,1,0,4,0.154,0
S01596,5,late_night,22.6,0.528,85.4,0,68.4,70.4,10.4,60.7,8.37,100.0,51.1,0,1,4,0.2389,0
S01597,7,morning,18.4,0.287,72.7,0,63.1,77.0,14.8,83.2,6.51,100.0,18.9,4,1,3,0.3233,0
S01598,12,afternoon,21.4,0.579,88.7,0,73.4,88.0,8.1,75.0,7.6,100.0,76.6,1,2,6,0.7225,1
S01599,11,morning,11.9,0.498,43.7,1,58.8,49.4,12.0,38.0,3.67,100.0,82.0,1,0,2,0.0352,0
S01600,16,afternoon,18.9,0.191,81.7,5,47.4,51.2,9.4,65.8,7.31,100.0,46.7,1,0,4,0.0372,0
S01601,0,late_night,9.7,0.43,100.0,1,66.7,69.7,16.7,77.9,7.96,100.0,65.2,2,1,3,0.487,0
S01602,3,late_night,21.3,0.847,61.2,0,72.7,81.2,8.3,81.7,7.02,100.0,68.8,3,0,6,0.6362,1
S01603,17,afternoon,3.8,0.292,63.9,0,37.3,33.7,27.2,33.6,5.71,100.0,29.4,2,0,6,0.063,0
S01604,19,evening,8.8,0.364,55.7,3,61.8,59.0,13.2,51.8,5.82,100.0,51.2,1,0,3,0.0498,0
S01605,7,morning,18.3,0.655,100.0,1,80.9,67.2,5.9,90.4,6.67,100.0,70.2,4,0,4,0.4871,1
S01606,7,morning,18.5,0.332,92.7,1,76.6,88.3,4.6,72.5,8.39,100.0,60.6,2,0,2,0.3759,1
S01607,13,afternoon,8.0,0.676,75.8,1,67.4,63.1,16.5,73.9,4.65,100.0,57.1,2,0,3,0.0729,0
S01608,11,morning,9.3,0.356,49.8,1,56.2,56.5,11.7,59.0,6.4,100.0,49.2,1,0,4,0.078,0
S01609,4,late_night,11.2,0.385,52.1,1,52.0,46.8,16.1,70.5,5.97,100.0,40.5,0,0,2,0.112,0
S01610,12,afternoon,12.1,0.663,83.5,2,68.0,85.0,20.7,68.7,5.18,100.0,66.9,2,3,1,0.5385,1
S01611,19,evening,14.7,0.461,47.5,3,55.1,39.4,15.2,52.9,6.55,100.0,79.9,1,0,4,0.1163,0
S01612,17,afternoon,25.6,0.403,49.7,0,60.0,49.0,13.4,70.5,5.76,100.0,24.7,0,1,2,0.0379,0
S01613,19,evening,13.9,0.164,70.8,0,66.0,69.3,16.7,52.4,8.27,100.0,23.2,1,0,0,0.0798,0
S01614,15,afternoon,7.0,0.522,66.6,2,53.2,51.4,16.6,73.1,6.76,100.0,32.7,1,0,2,0.066,0
S01615,21,evening,8.4,0.646,80.0,1,69.5,58.5,5.9,80.0,7.31,100.0,51.6,1,0,2,0.2904,0
S01616,5,late_night,19.4,0.884,86.7,0,87.1,92.2,11.5,90.5,7.21,100.0,68.6,4,2,5,0.9218,0
S01617,1,late_night,2.9,0.076,69.6,2,52.2,29.6,15.4,40.2,3.99,80.8,46.2,0,0,3,0.0129,0
S01618,2,late_night,14.8,0.601,59.7,3,52.8,63.8,17.5,67.2,6.22,100.0,58.0,1,0,7,0.1979,1
S01619,23,night,11.5,0.532,73.3,3,55.3,66.0,15.5,51.6,6.87,100.0,48.4,1,0,3,0.1625,0
S01620,15,afternoon,11.9,0.656,77.8,0,62.1,73.3,15.6,84.2,7.31,100.0,77.5,3,1,5,0.7361,1
S01621,5,late_night,20.1,0.885,79.4,1,71.4,70.9,11.0,56.0,6.87,100.0,41.4,0,0,8,0.4388,1
S01622,20,evening,11.3,0.805,93.8,1,78.0,63.5,4.4,52.3,8.36,100.0,73.2,2,1,2,0.6041,1
S01623,7,morning,15.0,0.705,72.6,1,74.1,80.6,11.9,71.8,9.42,100.0,91.8,2,0,3,0.6724,1
S01624,14,afternoon,15.1,0.727,61.6,2,77.9,42.0,15.5,73.1,8.17,100.0,34.1,3,1,0,0.4013,0
S01625,5,late_night,19.0,0.73,53.7,0,71.7,76.0,7.5,86.6,8.29,100.0,32.5,3,3,5,0.8453,1
S01626,2,late_night,10.1,0.207,21.0,6,40.7,26.6,15.9,37.6,3.65,100.0,43.7,0,0,2,0.0035,0
S01627,6,morning,18.5,1.0,80.1,0,71.8,100.0,1.0,71.9,8.68,100.0,74.2,3,0,3,0.8953,1
S01628,5,late_night,17.3,0.427,71.4,0,68.6,81.9,10.6,65.6,6.88,100.0,57.8,3,0,1,0.5286,1
S01629,13,afternoon,12.6,0.716,62.3,1,63.6,70.0,4.8,66.0,8.47,100.0,29.6,3,1,4,0.6824,1
S01630,0,late_night,12.0,0.605,47.2,0,45.6,31.1,16.5,20.9,4.59,100.0,22.4,0,0,4,0.0586,0
S01631,5,late_night,13.1,0.487,86.2,2,49.5,36.9,15.0,42.6,6.49,100.0,42.4,0,0,6,0.0175,1
S01632,13,afternoon,18.5,0.498,84.3,1,70.5,56.5,11.8,69.7,6.71,100.0,62.1,2,0,6,0.3535,0
S01633,9,morning,5.3,0.206,50.9,0,53.1,73.4,17.3,58.6,6.87,100.0,49.6,0,1,2,0.3316,0
S01634,15,afternoon,9.2,0.138,65.6,0,94.1,66.9,12.4,61.4,5.62,100.0,59.9,2,0,7,0.3629,1
S01635,15,afternoon,18.5,1.0,84.8,0,59.2,79.4,10.6,87.2,7.42,100.0,64.3,3,2,1,0.6757,0
S01636,23,night,1.0,0.347,46.5,6,41.1,43.0,16.8,31.0,5.0,100.0,58.4,2,0,4,0.0147,0
S01637,20,evening,16.9,0.579,65.7,0,74.6,59.7,7.7,62.3,7.39,100.0,43.4,2,0,1,0.5769,1
S01638,5,late_night,16.3,0.621,65.0,0,65.5,49.6,15.9,66.1,4.16,100.0,56.4,3,0,5,0.5038,0
S01639,16,afternoon,9.1,0.33,84.7,0,52.4,61.4,8.7,51.2,5.04,100.0,75.4,0,1,6,0.2292,1
S01640,15,afternoon,5.9,0.263,76.0,2,44.8,28.1,16.6,37.2,5.22,100.0,34.3,1,0,1,0.1263,0
S01641,14,afternoon,9.2,0.437,63.0,0,60.4,46.7,15.9,86.1,8.56,100.0,48.6,0,1,2,0.2558,0
S01642,19,evening,2.7,0.0,57.6,2,49.8,11.2,12.7,22.6,3.61,70.6,41.8,0,0,3,0.0087,0
S01643,3,late_night,12.0,0.226,75.1,2,61.4,79.7,5.3,60.3,6.72,100.0,43.0,2,1,0,0.136,0
S01644,9,morning,4.8,0.007,42.9,2,40.6,32.6,10.8,50.9,5.91,60.5,28.6,1,0,1,0.0204,0
S01645,19,evening,9.2,0.762,66.0,5,54.0,61.5,19.2,62.0,6.57,100.0,50.1,4,0,7,0.1682,1
S01646,21,evening,10.6,0.335,50.1,0,50.6,43.9,9.8,44.2,7.11,100.0,50.6,0,0,3,0.1591,0
S01647,0,late_night,14.4,0.832,96.8,1,60.0,78.9,4.9,96.3,7.49,100.0,73.3,1,0,5,0.4862,1
S01648,11,morning,19.0,0.715,91.9,2,64.6,52.3,13.8,50.5,5.9,100.0,40.5,2,2,2,0.141,0
S01649,6,morning,8.3,0.449,58.3,1,44.9,53.6,2.5,51.4,6.56,100.0,51.3,1,1,2,0.2762,0
S01650,4,late_night,11.9,0.414,56.2,0,45.9,45.2,9.2,61.7,6.62,100.0,70.5,2,0,4,0.2549,1
S01651,1,late_night,13.5,0.768,96.0,0,65.6,81.9,15.1,100.0,7.58,100.0,80.3,5,1,3,0.7842,1
S01652,12,afternoon,11.3,0.547,92.5,1,69.5,59.2,7.1,63.0,5.97,100.0,56.6,4,1,2,0.2956,0
S01653,16,afternoon,4.0,0.733,50.2,4,55.6,51.6,11.7,46.7,4.41,100.0,55.5,1,1,0,0.0251,0
S01654,12,afternoon,5.0,0.89,65.9,3,57.4,51.4,13.6,65.4,4.7,100.0,40.0,0,0,3,0.0433,0
S01655,8,morning,2.5,0.605,56.6,0,33.6,36.4,16.3,69.8,4.14,100.0,49.9,0,0,1,0.018,0
S01656,18,evening,13.9,0.178,61.5,0,69.0,66.8,9.1,67.9,7.24,100.0,80.3,2,0,1,0.3245,0
S01657,15,afternoon,11.0,0.199,61.7,1,32.3,27.4,17.7,39.2,2.9,100.0,63.9,0,0,1,0.0103,0
S01658,21,evening,7.1,0.664,65.5,1,69.7,67.1,16.3,75.0,5.73,100.0,59.2,1,0,3,0.1505,1
S01659,8,morning,10.2,0.662,62.9,0,60.1,62.0,7.5,38.5,7.02,100.0,61.0,1,0,6,0.2269,0
S01660,5,late_night,13.7,0.563,87.6,0,71.8,97.5,5.3,80.9,10.0,100.0,58.3,6,0,4,0.978,1
S01661,10,morning,7.6,0.036,38.9,2,67.1,41.7,13.8,28.0,6.38,69.0,34.5,0,1,4,0.064,0
S01662,12,afternoon,16.0,0.796,38.3,3,64.5,45.9,15.0,56.6,4.55,100.0,48.9,2,0,2,0.1378,0
S01663,10,morning,15.6,0.708,98.2,0,83.4,84.2,8.5,75.6,8.87,100.0,69.9,3,2,1,0.8642,1
S01664,19,evening,15.4,0.431,68.4,1,77.7,82.7,9.1,43.5,8.77,100.0,73.0,3,1,3,0.5538,0
S01665,1,late_night,15.7,0.225,96.5,3,72.2,32.3,7.2,56.5,5.24,100.0,49.6,0,0,5,0.0355,0
S01666,12,afternoon,14.5,0.662,100.0,2,74.1,45.3,7.0,71.9,6.51,100.0,62.9,0,0,2,0.0875,0
S01667,10,morning,9.0,0.386,62.4,1,63.5,50.1,12.8,59.7,6.84,100.0,16.7,2,0,3,0.4062,0
S01668,5,late_night,13.5,0.641,100.0,1,56.3,59.6,9.4,46.8,7.3,100.0,59.2,3,1,0,0.2796,1
S01669,15,afternoon,6.6,0.249,78.5,6,46.1,21.9,12.0,69.5,6.11,100.0,41.5,0,0,2,0.0296,0
S01670,19,evening,13.4,0.188,59.6,0,40.9,63.6,11.9,83.8,7.13,100.0,35.7,1,0,3,0.1185,1
S01671,13,afternoon,9.3,0.595,18.5,2,37.1,33.4,24.6,49.2,4.96,100.0,52.2,1,1,4,0.0546,0
S01672,2,late_night,6.9,0.65,81.4,1,68.2,31.7,9.7,59.2,6.02,100.0,77.5,1,1,2,0.3631,1
S01673,1,late_night,14.1,0.551,74.1,1,71.7,50.9,16.6,62.9,6.55,100.0,57.5,1,2,4,0.2129,0
S01674,10,morning,10.8,0.412,74.7,1,63.4,51.2,17.7,64.7,5.47,100.0,66.8,1,2,1,0.2943,0
S01675,16,afternoon,9.3,0.601,53.6,4,35.5,14.1,18.4,45.3,4.26,100.0,39.0,2,0,3,0.0128,1
S01676,7,morning,18.3,0.817,60.8,0,77.4,83.5,6.6,78.1,8.15,100.0,91.7,2,1,2,0.8289,1
S01677,7,morning,15.0,0.834,66.5,1,72.6,65.3,11.8,71.4,6.13,100.0,33.5,1,0,1,0.2762,0
S01678,20,evening,8.6,0.324,74.8,3,29.0,56.0,11.9,45.2,6.77,100.0,49.1,0,0,6,0.1153,0
S01679,0,late_night,14.9,0.518,62.4,1,59.7,41.7,20.6,49.0,5.2,100.0,64.6,1,2,2,0.0822,0
S01680,1,late_night,4.0,0.405,52.6,3,62.8,41.9,16.6,42.1,5.05,100.0,45.5,2,0,2,0.0237,0
S01681,3,late_night,3.6,0.286,39.0,2,44.8,35.7,13.2,56.3,6.21,100.0,69.5,0,0,3,0.05,0
S01682,23,night,1.0,0.45,67.1,4,28.3,48.2,20.2,37.4,6.36,100.0,20.7,3,1,7,0.0803,0
S01683,11,morning,15.4,0.618,63.1,0,66.6,79.4,8.1,72.8,6.0,100.0,60.7,2,1,3,0.5745,1
S01684,3,late_night,6.8,0.534,78.7,2,34.2,48.2,15.5,54.5,5.93,100.0,47.4,1,1,1,0.1539,0
S01685,7,morning,15.5,0.382,64.1,0,61.3,76.7,13.5,63.2,6.47,100.0,57.2,2,1,8,0.4439,0
S01686,23,night,2.5,0.584,61.3,2,41.3,52.1,14.5,72.9,4.59,100.0,28.0,0,1,2,0.0827,0
S01687,16,afternoon,10.2,0.649,100.0,2,72.3,55.9,11.1,79.5,7.0,100.0,52.1,3,1,1,0.3095,0
S01688,5,late_night,13.5,0.488,64.3,2,66.1,66.1,15.6,65.4,5.1,100.0,49.1,1,0,2,0.0983,0
S01689,5,late_night,10.5,0.771,70.4,1,73.9,82.9,7.7,92.8,7.71,100.0,63.9,2,0,8,0.7443,0
S01690,1,late_night,12.0,0.397,74.5,2,65.8,51.6,17.5,66.7,7.37,100.0,68.3,3,0,7,0.4361,0
S01691,18,evening,5.1,0.18,30.6,1,35.5,52.0,14.0,46.3,5.07,100.0,47.2,0,0,2,0.0135,0
S01692,3,late_night,7.7,0.451,77.7,3,44.2,35.8,20.1,41.1,4.75,100.0,53.0,0,0,3,0.0369,0
S01693,6,morning,12.8,0.588,80.7,1,75.6,49.0,17.2,51.4,5.75,100.0,70.7,1,1,2,0.2375,0
S01694,8,morning,12.1,0.261,67.9,1,50.9,40.6,16.7,52.8,6.04,100.0,65.3,2,0,6,0.1067,0
S01695,14,afternoon,13.6,0.493,22.6,1,70.8,62.2,10.8,62.1,6.65,100.0,21.7,1,1,3,0.1152,0
S01696,14,afternoon,7.3,0.444,62.4,2,46.7,47.8,17.3,38.7,5.52,100.0,64.2,1,0,5,0.1271,0
S01697,19,evening,17.3,0.796,69.9,0,84.3,82.7,9.5,83.6,8.18,100.0,81.1,2,1,4,0.8914,1
S01698,7,morning,9.3,0.594,73.0,3,29.1,21.7,2.6,55.2,3.69,100.0,40.6,1,0,4,0.014,0
S01699,9,morning,8.5,0.644,87.4,3,79.3,62.2,8.3,33.4,7.62,100.0,49.3,2,1,4,0.4377,1
S01700,9,morning,7.9,0.384,66.8,2,30.9,56.6,14.9,66.4,4.77,100.0,31.3,3,0,6,0.0522,0
S01701,1,late_night,9.0,0.289,48.0,2,63.2,60.9,14.1,63.5,6.51,100.0,22.9,2,1,5,0.1891,0
S01702,17,afternoon,12.0,0.719,93.5,1,67.5,64.6,14.5,60.7,7.29,100.0,68.6,0,1,1,0.292,1
S01703,12,afternoon,1.0,0.079,47.5,0,16.1,40.4,22.8,39.9,2.99,82.8,52.5,0,0,4,0.0173,0
S01704,11,morning,5.3,0.455,99.0,0,74.3,61.5,13.9,76.1,5.97,100.0,54.9,0,0,3,0.0717,0
S01705,23,night,19.8,0.99,89.2,1,80.2,72.8,1.0,83.3,9.17,100.0,77.1,6,1,2,0.7162,1
S01706,4,late_night,14.5,0.559,74.0,2,41.3,47.5,13.7,68.4,6.14,100.0,67.6,0,2,4,0.091,0
S01707,23,night,5.6,0.088,65.2,1,66.8,60.9,16.3,75.1,6.61,88.9,29.6,1,0,5,0.1179,0
S01708,16,afternoon,16.6,0.672,99.3,2,64.1,66.2,10.4,75.4,8.09,100.0,64.9,3,2,3,0.8769,1
S01709,5,late_night,15.8,0.551,77.8,4,56.0,63.0,13.1,46.9,7.33,100.0,50.4,0,0,2,0.1128,0
S01710,16,afternoon,12.6,0.395,87.0,3,48.0,61.1,11.2,54.4,5.82,100.0,58.0,0,2,2,0.2178,0
S01711,18,evening,3.5,0.241,54.5,3,23.9,5.4,20.3,12.5,3.43,100.0,44.1,0,0,3,0.007,0
S01712,8,morning,10.1,0.284,74.4,0,55.8,65.2,9.3,74.4,7.32,100.0,70.4,1,0,4,0.1172,0
S01713,8,morning,12.0,0.0,78.0,1,66.6,21.6,14.6,55.7,5.57,63.6,30.6,1,1,4,0.0519,0
S01714,20,evening,10.0,0.203,83.5,1,51.1,42.7,15.7,43.5,5.53,100.0,68.6,1,0,1,0.0324,0
S01715,3,late_night,12.8,0.625,86.3,0,64.1,58.5,12.0,71.3,6.64,100.0,47.9,3,0,5,0.2431,0
S01716,0,late_night,9.5,0.0,67.4,0,49.4,71.1,15.1,40.3,5.04,77.8,49.5,1,1,1,0.0789,0
S01717,15,afternoon,6.1,0.302,37.9,1,54.2,68.3,13.9,57.5,5.51,100.0,25.4,0,1,4,0.1006,0
S01718,21,evening,15.5,0.256,87.0,0,59.9,77.7,15.9,64.6,6.84,100.0,57.1,3,1,5,0.2571,1
S01719,12,afternoon,9.9,0.301,37.7,3,36.4,27.7,17.4,45.1,5.76,100.0,46.7,1,1,2,0.0201,0
S01720,3,late_night,15.9,1.0,78.9,0,89.7,60.5,14.1,76.9,6.78,100.0,60.1,5,0,3,0.6058,1
S01721,12,afternoon,8.3,0.297,57.1,0,52.1,25.3,11.7,68.5,4.15,100.0,35.6,1,0,3,0.0208,0
S01722,6,morning,16.7,0.429,43.4,3,46.4,67.0,10.0,59.5,5.4,100.0,32.7,2,0,3,0.1032,0
S01723,19,evening,15.3,1.0,91.0,0,68.1,74.0,8.4,99.5,9.18,100.0,76.2,5,0,5,0.8876,1
S01724,14,afternoon,20.5,0.723,100.0,0,56.5,69.2,12.7,91.1,8.47,100.0,35.7,0,2,3,0.6386,1
S01725,8,morning,9.4,0.522,66.1,1,54.8,48.6,13.9,72.3,6.87,100.0,67.7,2,2,3,0.6715,0
S01726,14,afternoon,13.6,0.594,74.0,0,49.8,29.7,10.9,29.5,6.18,100.0,74.8,0,1,5,0.1488,0
S01727,16,afternoon,15.3,0.565,100.0,0,54.8,54.6,16.2,53.3,7.08,100.0,85.1,0,2,1,0.3359,1
S01728,16,afternoon,11.0,0.619,83.5,2,62.4,60.9,9.3,49.7,6.74,100.0,39.2,2,1,4,0.2362,1
S01729,8,morning,18.8,0.528,60.6,0,63.8,31.8,14.6,96.8,5.74,100.0,64.1,1,1,3,0.1163,0
S01730,13,afternoon,13.6,0.467,72.8,1,48.5,41.1,13.3,49.0,6.32,100.0,46.0,1,2,4,0.1594,0
S01731,1,late_night,8.4,0.729,77.0,0,74.7,60.6,11.2,43.7,5.1,100.0,73.2,0,1,0,0.2473,1
S01732,9,morning,9.9,0.451,89.8,1,55.5,54.1,10.3,26.4,6.66,100.0,59.6,1,2,5,0.1791,0
S01733,9,morning,12.2,0.58,76.7,3,45.6,33.0,15.4,33.7,4.42,100.0,42.0,0,0,4,0.0138,0
S01734,12,afternoon,14.1,0.263,24.3,0,47.2,58.0,13.4,57.8,6.04,100.0,38.2,2,0,3,0.0802,0
S01735,22,night,10.5,0.974,64.5,0,74.1,53.5,6.0,85.1,7.42,100.0,54.9,1,2,0,0.5986,1
S01736,22,night,7.3,0.439,58.0,2,64.3,31.7,17.1,34.1,4.61,100.0,36.7,0,1,3,0.0221,0
S01737,11,morning,12.2,0.328,53.3,0,47.8,61.6,17.0,74.0,6.52,100.0,53.5,2,0,4,0.1699,1
S01738,15,afternoon,7.5,0.529,7.9,1,39.0,38.7,17.1,52.2,5.47,100.0,50.5,1,1,4,0.0846,0
S01739,2,late_night,21.8,0.437,60.0,0,52.7,63.3,13.0,57.4,5.99,100.0,47.3,0,0,6,0.1848,0
S01740,11,morning,11.8,0.498,66.8,1,52.0,38.8,11.0,59.8,4.97,100.0,43.0,1,0,1,0.1056,0
S01741,16,afternoon,16.2,0.674,73.9,1,72.5,68.8,9.6,95.3,8.48,100.0,73.3,1,0,3,0.7388,0
S01742,16,afternoon,18.3,0.599,59.1,0,55.7,43.7,10.5,68.2,5.85,100.0,68.5,1,1,3,0.1512,1
S01743,23,night,6.6,0.542,60.1,2,43.8,14.9,15.1,34.3,6.85,100.0,34.9,0,1,0,0.0361,0
S01744,11,morning,18.0,0.754,80.5,2,83.7,61.7,14.4,74.5,8.53,100.0,58.2,3,0,3,0.6133,1
S01745,21,evening,3.0,0.209,56.8,0,49.2,52.6,13.1,58.4,4.06,100.0,37.4,0,2,3,0.1642,0
S01746,23,night,8.5,0.25,86.0,0,52.1,48.5,5.8,53.4,6.49,100.0,90.7,1,1,3,0.1123,0
S01747,13,afternoon,17.1,0.651,73.4,0,67.2,76.3,14.6,77.7,7.98,100.0,42.8,1,0,2,0.3633,0
S01748,2,late_night,16.8,0.545,53.0,0,60.6,46.4,14.6,29.1,5.37,100.0,55.8,1,0,4,0.1878,0
S01749,9,morning,11.6,0.549,60.3,0,84.4,45.1,10.8,76.1,7.83,100.0,67.0,4,1,3,0.5237,1
S01750,18,evening,6.1,0.752,60.6,2,53.1,51.3,8.9,62.9,5.52,100.0,40.4,1,0,1,0.0494,0
S01751,13,afternoon,12.4,0.62,81.7,1,52.5,36.4,9.9,37.8,6.5,100.0,38.4,2,0,2,0.0811,0
S01752,22,night,7.5,0.326,52.4,3,42.2,50.3,10.5,37.0,5.33,100.0,46.9,1,0,3,0.0544,0
S01753,19,evening,9.2,0.321,74.4,0,60.6,22.7,10.8,67.8,6.89,100.0,38.6,1,1,3,0.0858,0
S01754,1,late_night,18.8,0.669,80.2,1,64.7,70.1,7.8,88.2,7.57,100.0,64.4,0,0,4,0.4488,0
S01755,20,evening,11.7,0.578,100.0,0,58.8,75.2,6.0,85.2,6.87,100.0,46.0,1,0,3,0.2329,0
S01756,8,morning,9.3,1.0,89.5,0,82.5,88.9,17.2,72.5,9.03,100.0,67.5,6,1,2,0.9706,1
S01757,19,evening,13.6,1.0,77.7,0,100.0,86.7,13.5,89.4,9.9,100.0,37.6,4,1,3,0.9417,1
S01758,12,afternoon,8.9,0.402,72.8,2,54.9,43.0,15.2,54.7,3.03,100.0,36.7,1,1,2,0.0089,0
S01759,10,morning,4.8,0.696,82.1,0,60.5,53.0,11.7,42.3,3.67,100.0,49.1,2,1,2,0.2105,1
S01760,1,late_night,7.3,0.538,54.6,1,36.1,38.0,21.7,50.9,5.55,100.0,63.0,1,0,4,0.0314,0
S01761,2,late_night,4.1,0.445,46.3,5,65.9,54.6,20.1,55.1,4.98,100.0,22.6,1,0,0,0.0131,0
S01762,14,afternoon,16.7,0.536,73.0,3,51.9,40.2,10.3,64.0,4.49,100.0,66.4,1,0,4,0.0507,0
S01763,13,afternoon,17.5,0.51,62.5,2,44.4,35.4,15.1,43.5,4.96,100.0,58.6,1,0,3,0.0338,0
S01764,13,afternoon,4.6,0.49,38.8,2,52.9,24.3,13.4,65.4,8.25,100.0,21.9,1,0,0,0.071,0
S01765,3,late_night,12.6,0.373,72.7,3,53.8,63.7,11.2,61.4,5.01,100.0,62.2,0,0,5,0.2074,0
S01766,12,afternoon,4.5,0.232,50.7,1,37.9,37.1,13.8,69.1,6.05,100.0,33.7,0,0,4,0.0099,0
S01767,1,late_night,13.3,0.619,54.0,0,63.5,54.6,10.0,80.2,6.66,100.0,68.6,2,2,4,0.4792,0
S01768,3,late_night,16.5,0.271,57.4,2,42.4,55.0,14.7,55.2,4.04,100.0,59.0,2,0,5,0.0634,0
S01769,11,morning,18.6,0.677,100.0,0,82.4,96.1,7.2,78.7,8.98,100.0,83.8,3,2,1,0.9292,1
S01770,14,afternoon,9.5,0.617,84.5,3,42.2,42.1,18.7,41.2,4.58,100.0,43.7,5,0,2,0.0367,0
S01771,15,afternoon,8.4,0.63,84.8,1,70.6,69.1,8.6,82.0,5.01,100.0,65.7,2,2,1,0.4699,1
S01772,23,night,12.7,0.088,63.7,0,51.1,35.1,18.5,58.3,4.35,95.1,70.3,0,1,6,0.0539,0
S01773,20,evening,4.1,0.758,92.6,0,72.2,62.4,4.3,77.3,7.29,100.0,60.9,3,1,3,0.7836,1
S01774,9,morning,13.6,0.681,80.4,2,82.3,84.5,10.7,69.3,7.59,100.0,59.3,5,1,2,0.7779,1
S01775,18,evening,12.7,0.631,55.8,1,66.7,51.4,15.6,67.9,7.0,100.0,67.4,3,1,4,0.4053,0
S01776,2,late_night,5.3,0.132,45.6,3,40.6,74.7,17.0,31.0,4.23,79.0,4.2,0,0,0,0.0044,0
S01777,20,evening,16.1,0.311,62.6,0,50.3,54.9,10.3,58.7,7.36,100.0,41.5,1,0,3,0.1828,0
S01778,9,morning,13.4,0.486,82.0,1,50.0,17.5,15.4,57.0,4.6,100.0,63.4,0,0,1,0.0109,0
S01779,18,evening,10.7,0.463,97.8,1,96.2,98.9,15.7,87.0,7.96,100.0,66.1,5,1,7,0.9267,1
S01780,23,night,22.8,0.625,60.3,0,69.9,68.0,8.0,66.5,5.22,100.0,56.6,1,1,4,0.497,0
S01781,16,afternoon,6.6,0.499,71.6,5,71.1,61.8,14.1,82.3,6.69,100.0,41.4,3,0,2,0.1505,0
S01782,22,night,9.8,0.16,44.5,2,28.6,27.8,20.7,47.7,6.07,100.0,40.8,0,0,3,0.0116,0
S01783,0,late_night,9.6,0.453,59.8,1,57.4,27.3,12.4,42.0,6.21,100.0,41.1,1,0,2,0.0887,0
S01784,4,late_night,12.0,0.973,67.5,2,66.8,41.0,17.6,54.3,7.08,100.0,32.9,2,2,2,0.5753,0
S01785,15,afternoon,14.0,0.412,100.0,0,50.5,97.8,17.9,82.5,6.68,100.0,81.8,4,0,0,0.68,0
S01786,12,afternoon,15.2,0.892,78.6,1,66.1,54.1,14.2,68.8,9.35,100.0,51.2,0,1,0,0.6595,1
S01787,2,late_night,8.1,0.0,60.5,2,42.2,54.7,19.6,36.8,4.59,72.0,41.4,0,0,3,0.0332,0
S01788,17,afternoon,9.2,0.874,75.8,3,74.4,67.9,4.5,68.0,6.16,100.0,30.1,0,2,4,0.4484,1
S01789,1,late_night,14.1,0.294,62.7,1,70.7,73.7,4.7,81.8,6.97,100.0,53.1,2,1,5,0.6225,1
S01790,23,night,3.9,0.789,58.4,0,40.4,28.5,15.0,53.3,6.75,100.0,60.1,1,0,2,0.0209,0
S01791,3,late_night,7.1,0.471,85.9,2,54.0,84.9,9.4,62.6,6.37,100.0,68.9,0,0,2,0.1989,0
S01792,10,morning,9.6,0.849,94.3,2,78.9,52.9,14.0,37.5,7.25,100.0,57.0,0,0,2,0.2016,1
S01793,19,evening,6.5,0.722,50.4,0,71.4,45.2,1.2,70.1,5.97,100.0,43.8,1,0,6,0.2622,1
S01794,12,afternoon,4.8,0.185,32.4,1,31.0,39.5,18.2,32.0,4.4,100.0,44.3,0,0,1,0.0052,0
S01795,17,afternoon,12.8,0.429,68.3,2,40.9,44.7,11.9,62.1,5.72,100.0,60.6,0,0,3,0.0329,0
S01796,16,afternoon,11.5,0.333,84.0,1,38.0,40.6,10.5,56.9,7.56,100.0,30.6,1,1,5,0.3588,1
S01797,22,night,19.5,0.685,74.2,2,64.3,54.6,19.9,87.3,6.38,100.0,57.9,3,0,4,0.3242,1
S01798,11,morning,1.5,0.381,75.7,1,54.6,57.7,11.9,80.5,4.47,100.0,63.1,4,0,1,0.1399,0
S01799,23,night,12.5,0.32,46.1,1,46.9,73.7,6.4,51.6,6.41,100.0,51.4,3,0,5,0.1788,0
S01800,12,afternoon,11.9,0.651,61.1,4,62.2,81.8,13.9,45.4,6.34,100.0,54.5,0,0,6,0.0928,0
S01801,21,evening,16.6,0.437,40.6,0,53.0,42.1,12.6,51.7,7.37,100.0,46.8,1,0,3,0.1357,0
S01802,17,afternoon,14.0,0.439,65.4,1,64.3,65.6,11.9,61.9,5.83,100.0,57.6,1,0,2,0.0803,0
S01803,3,late_night,10.1,0.51,34.3,2,51.3,39.8,22.2,51.0,5.51,100.0,76.7,3,0,4,0.2148,1
S01804,15,afternoon,13.0,0.435,90.7,0,50.3,47.5,12.7,49.7,7.5,100.0,76.6,4,0,3,0.4594,1
S01805,21,evening,3.3,0.164,78.0,0,33.3,24.0,19.9,34.6,6.25,100.0,34.8,0,0,3,0.0128,0
S01806,3,late_night,15.9,0.929,75.9,2,61.7,56.8,12.3,72.7,5.17,100.0,52.2,3,2,3,0.5511,0
S01807,20,evening,4.5,0.509,47.3,2,63.6,44.5,17.1,61.1,6.58,100.0,75.5,2,0,4,0.0436,0
S01808,2,late_night,15.2,0.484,76.0,3,72.1,30.0,10.6,56.6,6.0,100.0,64.2,3,0,3,0.0252,0
S01809,20,evening,14.8,0.659,100.0,1,82.7,88.2,5.8,68.3,6.64,100.0,69.4,1,1,2,0.5875,1
S01810,18,evening,4.2,0.348,61.5,1,38.2,40.8,19.0,38.6,2.2,100.0,16.2,1,1,2,0.0309,0
S01811,3,late_night,5.1,0.047,72.0,2,34.4,29.6,17.1,43.0,4.69,96.7,56.9,0,0,1,0.0018,0
S01812,17,afternoon,12.2,0.677,64.9,0,57.6,49.6,14.6,68.4,6.32,100.0,52.4,0,1,3,0.1764,0
S01813,2,late_night,17.2,0.6,56.9,3,42.2,72.1,9.5,42.1,5.95,100.0,58.5,1,0,2,0.3037,1
S01814,13,afternoon,25.4,0.218,70.3,1,61.8,59.0,13.6,65.9,7.89,100.0,45.4,1,2,1,0.1134,0
S01815,22,night,15.5,0.84,37.4,1,45.9,44.0,6.5,52.6,5.55,100.0,77.0,2,0,1,0.2564,0
S01816,4,late_night,11.7,0.942,100.0,3,80.2,47.0,8.8,57.1,6.75,100.0,44.4,2,1,2,0.2495,0
S01817,4,late_night,17.3,0.53,79.6,2,69.2,76.9,7.3,67.8,6.19,100.0,89.9,0,0,3,0.3944,0
S01818,10,morning,16.1,0.398,86.9,1,73.3,60.2,13.0,81.2,6.12,100.0,58.3,2,2,3,0.5215,0
S01819,8,morning,7.5,0.556,61.0,0,52.0,56.9,10.6,68.8,7.68,100.0,50.9,1,1,1,0.2981,1
S01820,1,late_night,1.0,0.0,30.0,0,28.0,29.9,10.7,40.0,4.79,51.7,29.1,0,0,3,0.0065,0
S01821,10,morning,14.1,0.938,97.5,0,75.3,75.8,8.2,59.7,8.63,100.0,51.8,1,1,3,0.5074,1
S01822,6,morning,18.9,0.64,62.9,0,77.4,77.1,12.0,59.1,7.0,100.0,59.3,2,0,6,0.497,1
S01823,2,late_night,7.5,0.971,80.4,2,71.0,62.8,11.2,57.8,7.57,100.0,60.9,4,2,1,0.4335,0
S01824,6,morning,6.5,0.253,69.6,0,48.5,51.7,10.8,52.5,6.58,100.0,57.8,0,0,3,0.1192,0
S01825,0,late_night,16.3,0.629,76.5,1,76.0,78.2,14.0,69.8,7.82,100.0,55.9,2,1,2,0.2442,0
S01826,21,evening,14.7,0.933,65.1,1,76.8,88.0,16.5,63.6,9.03,100.0,68.2,1,0,6,0.8603,1
S01827,23,night,22.3,0.719,80.2,2,56.9,65.8,12.5,89.7,8.62,100.0,82.1,1,1,2,0.4952,1
S01828,8,morning,3.7,0.473,48.7,4,46.9,58.5,4.5,57.0,5.53,100.0,65.6,1,1,3,0.0708,0
S01829,21,evening,20.7,0.735,80.3,3,67.4,35.2,13.4,27.7,3.9,100.0,63.0,0,0,4,0.0335,0
S01830,11,morning,8.1,0.551,84.6,1,58.8,80.0,9.9,71.5,7.74,100.0,67.0,4,0,4,0.8115,1
S01831,21,evening,4.1,0.306,70.1,2,43.8,51.1,3.7,71.7,7.16,100.0,39.4,1,0,4,0.1531,0
S01832,4,late_night,8.4,0.091,52.5,2,45.2,51.9,9.1,52.1,6.42,93.8,51.4,1,0,5,0.1043,0
S01833,6,morning,8.7,0.729,100.0,1,70.2,81.1,14.4,73.5,6.16,100.0,41.2,3,0,5,0.3262,0
S01834,17,afternoon,13.6,0.715,55.1,0,62.3,68.3,11.6,65.2,7.1,100.0,73.7,0,1,2,0.5092,0
S01835,5,late_night,12.0,0.776,47.5,2,74.0,58.7,12.1,62.2,5.01,100.0,59.9,1,1,4,0.2832,1
S01836,19,evening,11.9,0.528,70.5,1,81.1,59.9,9.0,63.9,5.13,100.0,73.3,1,0,1,0.1367,0
S01837,10,morning,7.9,0.225,64.1,2,37.6,48.7,16.8,61.4,6.73,100.0,71.1,1,0,1,0.0985,1
S01838,9,morning,18.2,0.301,98.3,2,73.9,92.2,4.1,71.3,9.39,100.0,70.5,2,0,3,0.6447,1
S01839,10,morning,8.0,0.988,72.5,2,26.4,44.1,10.2,65.2,6.81,100.0,39.5,0,0,2,0.1046,0
S01840,19,evening,14.7,0.567,65.7,2,59.6,23.7,11.9,72.6,6.29,100.0,17.8,1,0,1,0.0599,0
S01841,0,late_night,11.3,0.579,77.6,0,53.3,68.8,5.9,55.7,8.56,100.0,63.2,0,0,5,0.2574,0
S01842,18,evening,10.8,0.738,84.3,0,65.8,80.3,6.7,57.6,7.07,100.0,57.8,2,1,2,0.1778,1
S01843,18,evening,1.0,0.039,89.6,4,53.5,37.6,19.2,29.4,5.75,83.1,58.0,0,0,1,0.0083,0
S01844,19,evening,7.4,0.194,63.3,5,31.0,30.2,11.2,52.4,3.74,100.0,57.6,2,0,5,0.0111,0
S01845,23,night,1.0,0.593,43.5,1,19.8,15.5,19.2,46.6,1.12,100.0,51.7,0,0,4,0.0086,0
S01846,18,evening,6.7,0.687,73.2,4,37.6,49.0,14.5,67.3,6.05,100.0,58.9,1,0,7,0.1519,0
S01847,12,afternoon,10.8,0.23,21.8,3,59.3,44.7,13.6,55.6,5.15,100.0,23.4,1,0,1,0.0124,0
S01848,11,morning,3.7,0.247,66.4,1,65.8,30.5,7.1,50.9,6.31,100.0,71.6,0,1,4,0.0345,0
S01849,9,morning,19.6,0.546,91.7,0,65.0,72.4,10.9,45.4,7.04,100.0,40.1,2,0,2,0.2416,0
S01850,19,evening,10.7,0.391,73.9,0,39.5,49.9,4.8,49.0,6.16,100.0,41.4,0,0,1,0.0742,0
S01851,9,morning,12.5,0.995,76.3,0,71.1,76.7,9.4,84.4,8.49,100.0,51.4,3,1,3,0.8389,1
S01852,13,afternoon,7.0,0.467,77.3,2,84.0,62.2,13.6,61.9,6.91,100.0,53.5,4,1,3,0.2376,0
S01853,2,late_night,17.1,0.413,91.9,0,65.7,58.7,14.1,74.5,6.47,100.0,54.2,4,1,7,0.5404,1
S01854,7,morning,13.4,0.61,95.2,2,53.7,44.4,10.4,78.1,4.51,100.0,49.5,2,0,2,0.0848,0
S01855,6,morning,7.2,0.499,71.2,2,64.1,38.5,11.0,44.3,4.66,100.0,62.9,2,0,4,0.0393,0
S01856,10,morning,12.3,0.269,63.9,4,46.7,72.2,9.6,62.8,7.66,100.0,34.0,0,1,2,0.1489,1
S01857,12,afternoon,8.4,0.787,43.6,0,68.9,76.1,8.0,79.6,7.14,100.0,55.0,4,0,3,0.6862,1
S01858,17,afternoon,6.6,0.851,87.8,0,38.3,70.7,13.7,55.1,7.61,100.0,25.9,0,1,1,0.6802,0
S01859,10,morning,3.3,0.368,66.6,3,40.2,30.9,16.2,51.0,5.6,100.0,31.2,0,0,3,0.0089,0
S01860,3,late_night,15.4,0.489,77.5,1,55.1,73.0,10.6,84.8,7.17,100.0,35.5,0,0,1,0.1511,0
S01861,13,afternoon,8.7,0.282,51.0,4,59.6,24.6,16.7,45.3,5.22,100.0,59.5,3,1,3,0.053,1
S01862,1,late_night,20.4,0.43,95.8,1,67.2,89.0,9.2,56.9,7.39,100.0,66.3,2,1,5,0.5193,0
S01863,20,evening,11.4,0.677,74.3,0,80.1,58.5,4.6,75.3,9.85,100.0,49.0,0,1,6,0.7753,0
S01864,18,evening,15.2,0.656,71.8,0,62.4,38.4,7.0,57.3,5.86,100.0,8.8,2,0,4,0.1117,0
S01865,5,late_night,12.0,0.394,70.4,3,63.1,87.3,14.1,65.9,7.79,100.0,33.1,2,0,2,0.1456,0
S01866,6,morning,7.6,0.907,75.1,2,62.7,56.7,6.9,49.6,7.1,100.0,37.3,2,1,6,0.4848,1
S01867,0,late_night,15.6,0.81,58.2,0,67.6,68.8,9.1,70.2,7.86,100.0,53.7,4,3,5,0.7613,0
S01868,8,morning,10.6,0.136,75.5,2,49.1,30.4,12.3,72.6,5.97,99.9,64.1,2,0,2,0.0697,0
S01869,0,late_night,10.2,0.231,61.1,1,54.7,68.8,7.4,64.3,5.28,100.0,34.8,1,0,2,0.0502,0
S01870,22,night,14.8,0.484,66.7,1,75.6,80.8,3.6,51.8,6.31,100.0,40.0,0,1,0,0.1706,0
S01871,3,late_night,9.8,0.78,78.8,4,34.2,47.7,8.4,60.3,5.11,100.0,26.5,1,0,3,0.0461,0
S01872,15,afternoon,9.5,0.636,50.1,0,69.4,60.1,6.0,55.5,6.19,100.0,51.3,5,0,4,0.4423,0
S01873,13,afternoon,6.8,0.696,73.7,0,47.0,55.3,16.8,51.4,6.08,100.0,15.3,0,0,3,0.0654,0
S01874,5,late_night,3.6,0.392,63.0,2,43.9,49.4,15.7,62.0,5.64,100.0,22.1,0,0,2,0.0197,0
S01875,19,evening,6.8,0.234,30.6,4,40.7,6.4,12.6,35.6,4.75,100.0,51.1,0,0,1,0.0074,0
S01876,2,late_night,11.0,0.41,96.3,2,62.8,54.4,5.1,66.6,8.35,100.0,82.2,1,0,2,0.1935,1
S01877,21,evening,13.3,0.891,89.1,0,79.9,100.0,13.0,69.5,6.4,100.0,66.8,6,0,5,0.9338,1
S01878,17,afternoon,15.3,0.725,87.3,1,65.8,78.9,10.9,80.0,5.86,100.0,58.8,5,1,3,0.9235,1
S01879,15,afternoon,10.1,0.259,72.1,2,44.2,36.3,12.8,46.1,3.16,100.0,77.9,0,0,2,0.0146,0
S01880,21,evening,14.9,0.982,98.3,1,67.9,58.2,15.3,66.9,8.22,100.0,51.5,3,1,5,0.7499,1
S01881,9,morning,14.1,0.738,84.4,1,78.9,70.3,9.7,86.6,6.05,100.0,55.8,3,0,5,0.3331,1
S01882,6,morning,8.3,0.748,75.6,0,69.3,65.9,14.2,44.5,5.99,100.0,44.2,1,0,0,0.1316,0
S01883,3,late_night,14.8,0.248,76.4,0,53.2,77.4,7.6,64.6,5.7,100.0,78.1,1,2,6,0.5013,0
S01884,22,night,1.0,0.786,48.8,0,34.6,39.5,10.0,47.1,4.45,100.0,51.0,0,0,4,0.0532,0
S01885,9,morning,16.0,0.515,48.4,1,46.7,68.4,5.2,58.4,6.65,100.0,64.5,4,1,6,0.4447,0
S01886,19,evening,1.3,0.532,64.7,0,52.7,50.6,22.5,33.8,5.58,100.0,53.5,0,1,4,0.0814,1
S01887,7,morning,6.9,0.753,92.3,1,62.2,60.0,8.3,43.9,6.32,100.0,49.3,2,0,4,0.2364,0
S01888,22,night,5.3,0.216,66.3,3,41.4,21.7,15.4,46.7,5.49,100.0,40.8,3,0,4,0.0255,0
S01889,20,evening,22.3,0.795,58.3,1,64.9,48.6,12.8,88.3,8.56,100.0,43.8,7,1,1,0.6133,0
S01890,7,morning,21.8,0.878,94.7,0,66.5,88.1,9.9,66.0,8.89,100.0,55.2,2,0,5,0.853,1
S01891,11,morning,12.5,0.29,59.1,1,75.6,46.6,12.9,58.8,5.28,100.0,54.5,1,1,1,0.1085,0
S01892,19,evening,10.0,0.239,29.5,0,46.7,47.8,13.6,20.4,4.38,100.0,45.2,0,0,6,0.0198,1
S01893,5,late_night,1.0,0.236,68.0,2,37.1,30.3,18.2,42.8,4.32,100.0,54.2,0,0,3,0.0385,0
S01894,0,late_night,11.8,0.487,53.7,3,45.4,57.4,8.4,46.0,8.18,100.0,57.3,1,0,2,0.2262,0
S01895,6,morning,8.1,0.741,92.1,3,61.9,54.0,11.4,50.9,5.81,100.0,54.4,3,0,2,0.1007,0
S01896,14,afternoon,4.1,0.458,74.8,1,40.2,44.7,5.9,45.9,5.63,100.0,32.7,1,0,4,0.0406,0
S01897,3,late_night,14.0,0.604,70.2,2,69.9,55.1,3.6,47.1,7.78,100.0,39.3,4,0,2,0.3122,0
S01898,8,morning,8.8,0.604,73.3,1,63.6,65.9,7.7,94.8,6.78,100.0,35.4,1,0,8,0.1232,0
S01899,22,night,12.2,0.0,97.8,3,46.1,34.1,17.6,42.9,6.59,74.4,64.9,1,0,2,0.0115,0
S01900,1,late_night,2.6,0.344,80.6,2,46.6,53.1,12.0,63.2,4.57,100.0,25.8,1,0,5,0.0311,0
S01901,1,late_night,15.5,0.768,82.1,0,49.6,58.8,12.6,91.7,6.72,100.0,64.3,4,1,3,0.765,1
S01902,10,morning,10.3,0.864,100.0,1,63.4,64.4,12.3,72.2,7.21,100.0,61.5,1,0,0,0.1375,0
S01903,0,late_night,10.0,0.57,70.7,0,51.6,48.3,13.3,45.8,7.59,100.0,44.0,4,0,2,0.3013,0
S01904,0,late_night,15.1,0.935,83.7,1,56.0,67.0,7.0,70.0,8.41,100.0,58.2,4,1,5,0.7265,1
S01905,4,late_night,4.0,0.549,46.7,1,60.6,50.6,14.6,27.2,5.18,100.0,50.6,1,0,3,0.0482,0
S01906,2,late_night,12.8,0.457,45.1,1,70.2,59.4,13.0,58.4,7.53,100.0,37.9,1,1,5,0.2268,1
S01907,19,evening,11.6,0.544,66.9,2,43.5,83.6,20.5,83.7,6.24,100.0,44.0,1,0,4,0.2657,0
S01908,2,late_night,7.9,0.561,66.8,3,55.9,61.0,11.6,39.9,5.16,100.0,50.2,1,2,5,0.1,0
S01909,12,afternoon,11.4,0.526,78.4,0,57.1,61.4,14.1,56.9,5.65,100.0,56.1,2,0,2,0.1767,0
S01910,16,afternoon,9.0,0.739,42.5,3,54.3,46.0,13.1,75.7,5.5,100.0,29.0,1,0,1,0.058,0
S01911,15,afternoon,10.5,0.405,84.0,0,58.1,69.7,8.2,65.5,6.71,100.0,58.1,4,0,3,0.298,0
S01912,15,afternoon,13.7,0.696,62.0,0,61.2,74.2,14.4,57.3,8.11,100.0,58.9,1,2,5,0.7549,1
S01913,8,morning,2.1,0.26,55.8,1,34.6,2.4,25.4,34.6,3.85,100.0,51.2,0,0,1,0.0098,0
S01914,21,evening,13.1,0.666,93.5,0,82.5,82.3,10.7,69.5,7.86,100.0,60.6,2,2,4,0.6925,1
S01915,1,late_night,9.2,0.0,39.7,1,38.5,0.8,15.4,0.0,3.21,83.4,29.4,0,0,4,0.0053,0
S01916,2,late_night,11.8,0.442,50.6,2,50.4,55.9,15.1,38.9,5.4,100.0,61.6,0,0,0,0.03,0
S01917,20,evening,13.5,0.866,100.0,1,57.7,85.6,11.1,98.0,5.85,100.0,76.6,1,1,7,0.3856,1
S01918,1,late_night,11.6,0.402,80.6,0,65.4,57.2,21.5,62.4,4.97,100.0,31.1,0,0,3,0.149,1
S01919,4,late_night,3.5,0.116,60.6,2,51.7,9.6,17.9,63.4,5.67,100.0,37.1,0,1,2,0.016,0
S01920,4,late_night,7.0,0.616,83.3,0,53.2,21.3,10.5,37.6,5.16,100.0,15.4,1,0,4,0.0461,0
S01921,0,late_night,13.8,0.784,79.5,0,64.9,79.1,15.0,72.6,6.32,100.0,45.4,4,1,2,0.5296,0
S01922,2,late_night,1.2,0.463,45.3,1,26.2,1.7,18.9,38.8,5.75,100.0,64.4,0,0,4,0.0142,0
S01923,13,afternoon,16.9,0.871,64.0,1,78.9,81.1,13.5,67.9,9.44,100.0,44.3,3,1,3,0.776,1
S01924,15,afternoon,9.8,0.978,67.9,1,50.5,69.0,13.9,63.9,7.64,100.0,60.3,1,0,3,0.6773,0
S01925,1,late_night,7.0,0.594,72.0,3,42.6,54.9,18.4,35.5,5.61,100.0,52.6,0,0,0,0.0275,0
S01926,22,night,8.0,0.318,86.2,2,82.1,46.9,14.9,70.1,6.14,100.0,41.4,2,1,2,0.1663,1
S01927,2,late_night,20.8,0.491,62.2,1,69.1,49.0,13.0,56.4,5.36,100.0,40.7,0,0,3,0.1472,0
S01928,16,afternoon,11.9,0.568,95.1,3,78.3,72.6,10.8,69.4,7.62,100.0,79.7,1,1,2,0.3718,1
S01929,19,evening,5.9,0.569,72.6,1,62.2,50.6,10.1,71.7,7.93,100.0,72.2,3,0,3,0.4587,0
S01930,12,afternoon,1.0,0.01,44.5,2,32.1,42.9,16.8,39.5,5.32,69.2,76.9,2,0,2,0.0281,0
S01931,11,morning,13.8,0.432,47.2,0,62.3,69.0,13.1,36.9,6.51,100.0,12.9,2,2,2,0.1739,0
S01932,2,late_night,14.8,0.53,55.5,1,64.6,54.2,12.5,40.6,2.27,100.0,56.5,3,1,3,0.0582,0
S01933,5,late_night,13.2,0.731,61.3,0,70.4,70.1,8.7,74.1,9.07,100.0,25.6,2,0,1,0.1984,0
S01934,20,evening,13.1,0.128,89.3,1,39.2,48.0,14.7,42.9,5.21,100.0,44.9,2,0,5,0.0396,0
S01935,8,morning,19.8,0.486,89.4,0,80.1,96.0,1.7,87.4,6.91,100.0,59.9,5,1,3,0.7074,1
S01936,0,late_night,11.1,0.967,68.3,1,45.7,71.5,16.2,68.4,6.66,100.0,36.2,3,0,4,0.3928,0
S01937,17,afternoon,7.5,0.441,86.5,1,32.5,54.1,15.7,42.5,5.52,100.0,37.5,2,0,0,0.2006,0
S01938,16,afternoon,10.7,0.284,45.0,1,40.1,29.4,10.9,43.1,4.18,100.0,45.0,3,1,2,0.0805,0
S01939,1,late_night,13.1,0.522,61.5,1,55.8,51.6,16.0,62.2,4.98,100.0,55.3,0,0,1,0.0564,0
S01940,1,late_night,9.8,0.797,89.8,1,47.4,47.9,12.5,50.3,3.99,100.0,28.7,0,0,3,0.0268,0
S01941,2,late_night,9.6,0.688,68.6,0,72.5,71.8,9.8,55.6,5.63,100.0,43.0,4,0,2,0.4059,1
S01942,1,late_night,7.6,0.0,96.9,2,27.9,47.0,16.0,34.8,5.72,65.9,54.0,2,0,5,0.0505,0
S01943,14,afternoon,13.4,0.753,64.3,1,18.7,46.1,22.1,29.9,3.48,100.0,51.2,0,0,5,0.0178,0
S01944,3,late_night,11.9,0.123,86.6,1,60.0,30.8,13.9,62.5,6.18,96.5,90.7,1,1,5,0.1773,0
S01945,14,afternoon,10.1,0.238,75.6,1,29.6,39.5,12.5,62.4,5.25,100.0,45.2,0,0,8,0.0205,0
S01946,4,late_night,11.9,0.21,64.0,3,43.0,53.2,12.1,51.2,5.24,100.0,58.5,3,0,2,0.0512,0
S01947,23,night,10.4,0.266,55.4,2,59.2,56.1,17.2,42.0,6.28,100.0,44.7,1,0,4,0.0602,0
S01948,17,afternoon,9.8,0.476,61.3,2,44.0,64.3,15.4,78.3,6.9,100.0,69.3,2,0,2,0.1325,0
S01949,8,morning,21.6,0.436,71.2,0,79.7,75.4,11.8,79.5,9.55,100.0,51.5,2,1,2,0.8759,1
S01950,10,morning,15.0,0.54,69.5,2,58.2,76.9,13.5,53.1,7.16,100.0,52.8,0,1,1,0.3077,0
S01951,1,late_night,13.8,0.816,71.9,0,61.1,71.2,14.6,59.8,7.62,100.0,58.7,1,0,1,0.2142,0
S01952,1,late_night,3.9,0.115,81.1,0,45.5,30.9,23.6,37.0,4.94,100.0,50.2,1,0,5,0.0174,0
S01953,12,afternoon,11.6,0.174,73.7,1,40.1,37.9,7.9,70.1,6.63,100.0,63.6,1,0,7,0.1247,0
S01954,0,late_night,12.4,0.554,100.0,3,60.7,63.4,21.2,44.3,5.56,100.0,51.7,1,2,4,0.3957,1
S01955,15,afternoon,7.7,0.329,29.4,3,59.3,47.1,17.8,57.9,5.3,100.0,60.7,2,0,3,0.0437,0
S01956,9,morning,25.4,0.567,59.0,2,92.2,74.8,20.7,71.9,7.89,100.0,37.7,1,0,1,0.1326,0
S01957,3,late_night,2.2,0.132,55.0,3,32.0,33.6,10.5,42.1,5.1,100.0,50.1,1,1,3,0.0342,0
S01958,12,afternoon,15.0,0.611,90.1,2,59.9,61.3,14.1,54.8,8.69,100.0,23.5,2,0,3,0.1914,0
S01959,13,afternoon,6.8,0.581,63.7,2,51.1,44.9,13.8,52.5,5.66,100.0,46.6,0,0,5,0.2009,0
S01960,17,afternoon,13.0,0.362,49.3,2,61.0,74.9,15.2,64.9,4.9,100.0,92.0,2,0,0,0.0954,0
S01961,4,late_night,20.4,0.268,61.2,2,44.4,69.6,15.2,49.5,5.85,100.0,53.7,0,0,0,0.0269,0
S01962,13,afternoon,7.3,0.537,49.9,0,64.3,44.5,14.0,58.2,7.03,100.0,44.7,3,0,6,0.2341,0
S01963,20,evening,8.4,0.322,47.2,2,64.2,55.4,15.6,50.1,5.37,100.0,59.8,1,0,1,0.0368,0
S01964,6,morning,9.7,0.476,94.1,7,76.4,59.4,13.0,80.1,5.66,100.0,48.4,1,0,1,0.0329,0
S01965,20,evening,10.1,0.916,68.6,0,52.6,68.1,9.0,79.4,6.96,100.0,39.5,1,0,4,0.3315,1
S01966,17,afternoon,16.3,0.574,74.5,0,45.4,45.1,13.3,70.5,6.7,100.0,27.3,4,2,2,0.5534,0
S01967,10,morning,9.6,0.294,67.9,2,79.5,67.1,10.1,55.7,5.8,100.0,52.8,1,3,2,0.5685,0
S01968,21,evening,13.3,0.564,62.8,2,54.3,44.7,12.4,67.1,7.12,100.0,48.0,1,0,2,0.0897,0
S01969,23,night,9.1,0.634,63.8,0,65.0,71.6,4.6,74.4,9.54,100.0,54.5,1,1,4,0.4511,0
S01970,5,late_night,4.1,0.485,63.5,1,59.1,42.8,12.7,60.8,5.4,100.0,64.7,1,0,1,0.0628,0
S01971,23,night,10.2,0.599,72.6,3,42.4,63.2,8.9,52.2,4.86,100.0,72.5,0,0,1,0.0416,0
S01972,0,late_night,6.0,0.704,92.1,4,65.0,54.4,11.7,66.4,6.18,100.0,65.3,1,2,3,0.3067,0
S01973,3,late_night,23.2,0.812,97.8,0,79.6,92.6,4.3,100.0,9.77,100.0,58.9,5,1,6,0.9609,1
S01974,1,late_night,1.9,0.337,41.0,3,54.7,36.7,14.6,48.2,4.77,100.0,47.8,0,0,4,0.0281,0
S01975,8,morning,10.2,1.0,91.0,0,77.8,63.0,14.1,67.3,7.71,100.0,75.1,2,0,3,0.5854,0
S01976,22,night,8.0,0.506,62.0,3,46.7,36.4,13.4,42.4,3.51,100.0,55.8,2,0,4,0.0197,0
S01977,14,afternoon,10.3,0.749,62.4,4,64.5,48.1,7.8,64.9,8.52,100.0,63.9,3,1,0,0.473,0
S01978,14,afternoon,10.7,0.813,85.3,1,94.9,100.0,12.0,72.8,7.94,100.0,56.2,1,0,2,0.7453,1
S01979,2,late_night,21.6,0.422,82.5,1,71.6,67.1,14.7,58.5,7.29,100.0,73.5,1,1,1,0.5804,1
S01980,12,afternoon,8.5,0.801,72.1,1,56.7,53.6,13.4,73.4,5.89,100.0,76.2,2,0,4,0.4484,0
S01981,9,morning,9.5,0.495,72.7,0,45.2,45.4,11.3,70.3,4.99,100.0,63.9,1,0,1,0.0886,0
S01982,11,morning,11.3,0.439,57.3,1,53.4,58.6,9.4,89.5,6.53,100.0,99.3,1,0,6,0.1997,1
S01983,6,morning,14.1,0.464,97.9,0,62.9,66.4,11.2,64.7,6.33,100.0,64.7,0,2,1,0.3581,1
S01984,4,late_night,11.5,0.239,34.8,4,37.3,36.3,13.3,54.8,6.5,100.0,67.5,0,0,3,0.0365,0
S01985,22,night,7.8,0.718,76.3,0,58.1,49.5,5.7,69.6,4.49,100.0,62.9,0,1,3,0.1544,0
S01986,13,afternoon,11.3,0.716,77.1,2,54.1,60.2,7.7,53.3,5.77,100.0,54.2,2,0,2,0.1804,0
S01987,9,morning,8.8,0.471,73.5,1,38.3,65.8,18.5,61.3,4.97,100.0,32.8,1,1,0,0.0206,0
S01988,1,late_night,12.6,0.421,52.9,0,39.4,58.7,14.4,65.6,5.73,100.0,38.6,1,2,3,0.2484,1
S01989,18,evening,3.2,0.21,76.7,2,43.4,58.0,19.6,59.3,3.87,100.0,35.5,2,1,2,0.0237,0
S01990,11,morning,21.2,0.183,71.5,0,72.3,63.8,15.3,86.3,6.83,100.0,39.2,3,2,3,0.4301,1
S01991,9,morning,10.6,0.349,56.6,1,59.8,82.8,9.7,60.8,6.46,100.0,54.0,0,2,2,0.3487,1
S01992,16,afternoon,12.7,0.436,55.4,3,42.0,76.5,10.3,58.6,6.62,100.0,56.4,2,1,5,0.2514,0
S01993,3,late_night,10.3,0.516,79.6,0,100.0,79.9,13.9,70.0,6.79,100.0,78.7,3,0,2,0.6524,1
S01994,12,afternoon,7.1,0.621,46.8,0,72.2,68.6,14.9,49.6,5.59,100.0,37.4,0,0,6,0.4098,0
S01995,20,evening,9.7,0.771,100.0,0,74.0,56.4,15.2,72.8,7.22,100.0,70.7,0,0,6,0.3376,0
S01996,11,morning,9.0,0.57,88.2,1,79.9,84.2,11.3,73.4,7.95,100.0,60.8,4,1,6,0.6571,1
S01997,0,late_night,10.1,0.818,96.7,1,59.8,53.8,12.8,67.7,7.21,100.0,60.1,5,0,0,0.3987,1
S01998,5,late_night,6.5,0.314,91.6,1,52.3,57.3,12.0,58.0,7.03,100.0,50.4,2,2,2,0.3026,0
S01999,1,late_night,21.4,0.855,82.4,0,100.0,97.1,7.4,98.4,10.0,100.0,99.7,4,2,0,0.9474,1
S02000,12,afternoon,7.5,0.472,53.3,2,68.1,35.2,10.2,63.9,5.84,100.0,40.5,1,0,2,0.0396,0
S02001,8,morning,6.4,0.669,24.5,3,58.2,48.1,13.0,47.4,7.64,100.0,42.6,0,0,4,0.0955,0
S02002,3,late_night,11.7,0.636,67.4,1,74.0,66.5,10.5,31.4,7.73,100.0,59.4,0,0,1,0.1666,1
S02003,16,afternoon,16.7,0.614,98.5,1,50.6,60.2,9.7,60.8,5.83,100.0,62.4,3,1,5,0.3082,0
S02004,4,late_night,8.6,0.008,46.3,0,40.6,37.9,18.0,47.0,4.29,71.1,49.9,0,0,1,0.0207,0
S02005,8,morning,15.0,0.538,75.8,1,90.5,91.6,4.1,74.9,7.89,100.0,61.0,2,0,3,0.427,0
S02006,23,night,6.0,0.755,60.9,0,66.9,46.8,13.5,58.8,7.28,100.0,62.3,0,2,3,0.3921,1
S02007,1,late_night,4.1,0.0,66.7,1,32.0,27.2,10.5,43.3,5.05,70.5,57.4,1,0,4,0.016,0
S02008,5,late_night,10.5,0.997,98.8,1,69.0,67.6,6.2,64.9,6.84,100.0,61.6,2,0,1,0.4853,1
S02009,7,morning,19.1,0.744,51.9,0,82.9,75.7,7.7,56.5,7.98,100.0,86.3,2,1,5,0.6249,1
S02010,12,afternoon,10.3,0.211,39.7,0,49.4,50.4,16.4,53.3,3.99,100.0,54.0,1,0,5,0.0423,0
S02011,5,late_night,13.9,0.65,100.0,0,83.1,90.2,1.0,94.6,8.76,100.0,61.5,1,0,3,0.829,1
S02012,23,night,11.7,1.0,86.3,2,70.0,78.2,11.4,54.2,7.27,100.0,77.6,3,1,7,0.6589,1
S02013,0,late_night,8.7,0.831,66.0,0,59.0,60.9,12.2,61.2,5.15,100.0,24.5,3,0,0,0.104,0
S02014,22,night,13.2,0.765,100.0,2,73.8,74.0,4.9,89.0,10.0,100.0,47.7,0,0,4,0.6016,1
S02015,12,afternoon,14.3,0.601,50.8,2,53.6,48.9,12.4,61.5,6.69,100.0,52.9,1,1,2,0.157,0
S02016,0,late_night,10.8,0.417,83.7,1,69.8,42.5,7.2,70.3,5.28,100.0,37.2,0,1,3,0.325,1
S02017,2,late_night,18.3,0.478,63.7,0,54.5,46.0,13.1,67.7,5.82,100.0,63.1,2,1,0,0.0627,0
S02018,2,late_night,18.7,0.502,83.8,2,74.1,75.6,5.8,73.1,5.41,100.0,70.0,2,1,2,0.2796,0
S02019,6,morning,18.7,0.606,38.0,0,71.2,67.5,19.2,61.3,7.39,100.0,82.3,1,0,2,0.7423,1
S02020,7,morning,14.7,0.914,66.2,0,74.3,58.5,15.4,77.9,7.38,100.0,46.4,2,0,1,0.3615,0
S02021,15,afternoon,7.9,0.412,74.7,2,55.1,34.3,14.6,50.1,8.33,100.0,58.8,3,1,5,0.3045,0
S02022,7,morning,14.8,0.36,70.1,0,69.8,90.8,7.9,60.2,6.74,100.0,75.0,4,2,3,0.4376,0
S02023,17,afternoon,10.4,0.266,88.3,1,60.8,47.1,11.0,67.4,5.76,100.0,57.0,0,1,4,0.0884,0
S02024,7,morning,14.5,0.375,77.7,2,34.5,40.8,13.7,43.7,5.24,100.0,61.8,0,0,3,0.0344,0
S02025,6,morning,9.2,0.177,43.8,1,40.1,49.4,15.9,43.1,6.32,100.0,44.7,0,0,5,0.0132,0
S02026,6,morning,14.7,0.684,86.9,0,72.7,66.4,12.5,63.7,7.62,100.0,78.1,1,1,2,0.6345,1
S02027,7,morning,4.7,0.0,34.3,2,35.6,11.9,18.1,31.2,4.47,71.2,28.0,0,1,4,0.0035,0
S02028,20,evening,19.6,0.719,72.5,0,77.0,70.6,13.0,66.6,7.49,100.0,33.0,4,1,4,0.741,1
S02029,5,late_night,4.8,0.266,76.0,2,49.7,35.2,12.3,33.1,6.48,100.0,46.4,2,0,2,0.0226,0
S02030,6,morning,23.3,0.755,67.9,1,78.0,97.2,10.8,75.2,6.54,100.0,61.5,5,2,4,0.8895,1
S02031,22,night,9.8,0.408,77.9,2,52.8,54.5,10.4,35.4,4.5,100.0,58.6,1,0,2,0.0901,0
S02032,15,afternoon,8.4,0.993,67.7,0,84.2,64.2,6.4,64.4,5.65,100.0,65.7,1,0,3,0.217,0
S02033,4,late_night,7.8,0.525,58.1,2,59.0,35.4,20.2,61.7,4.87,100.0,42.0,1,1,3,0.1072,0
S02034,20,evening,5.7,0.956,81.5,0,65.3,45.8,13.4,59.3,5.54,100.0,40.7,2,1,1,0.227,0
S02035,4,late_night,16.8,0.773,63.4,2,68.5,67.7,17.8,78.5,9.17,100.0,83.8,4,0,3,0.5504,1
S02036,3,late_night,6.5,0.766,53.0,1,52.2,74.2,11.8,61.1,5.28,100.0,50.2,1,1,4,0.1289,0
S02037,10,morning,15.7,0.658,93.6,0,57.5,74.7,19.6,47.1,7.7,100.0,53.8,2,2,3,0.6545,1
S02038,16,afternoon,13.6,0.47,63.7,5,35.5,48.3,14.3,65.4,5.16,100.0,53.8,0,0,0,0.0203,0
S02039,4,late_night,10.2,0.838,50.5,0,65.3,66.8,16.0,68.2,7.02,100.0,42.2,1,0,4,0.4275,0
S02040,18,evening,13.7,0.869,90.2,3,71.6,99.3,10.3,65.3,7.58,100.0,49.8,2,0,6,0.5511,0
S02041,3,late_night,8.8,0.755,69.2,1,69.8,61.9,11.3,63.6,5.97,100.0,70.8,2,0,2,0.4022,0
S02042,18,evening,16.2,0.772,64.3,0,92.4,100.0,7.7,58.1,9.21,100.0,51.3,3,0,1,0.8241,1
S02043,2,late_night,20.0,0.404,26.3,4,51.8,42.5,11.6,56.2,4.98,100.0,30.5,5,0,4,0.0745,0
S02044,11,morning,11.0,0.571,72.5,0,40.0,30.2,18.7,54.6,4.27,100.0,41.4,0,1,2,0.0175,0
S02045,15,afternoon,8.0,0.67,49.1,3,46.0,43.1,14.0,42.9,5.1,100.0,52.9,1,0,2,0.0262,0
S02046,6,morning,11.5,0.53,56.6,1,70.4,66.2,14.0,58.4,8.04,100.0,79.6,2,0,4,0.4935,0
S02047,14,afternoon,13.3,0.476,83.6,2,62.2,71.7,14.6,69.2,6.42,100.0,63.1,0,0,3,0.2226,1
S02048,16,afternoon,12.8,0.385,82.9,1,71.9,31.5,17.5,77.5,6.7,100.0,63.4,2,0,0,0.2163,0
S02049,15,afternoon,7.0,0.547,49.2,2,46.4,44.1,15.9,62.7,5.67,100.0,32.9,2,0,2,0.0756,0
S02050,9,morning,16.4,0.479,89.8,1,71.7,61.6,4.4,80.4,7.6,100.0,62.4,3,0,5,0.5701,0
S02051,18,evening,4.5,0.53,91.0,0,37.1,32.2,13.2,72.8,5.35,100.0,30.9,2,1,3,0.1399,0
S02052,17,afternoon,11.6,0.833,99.5,1,84.6,58.7,9.6,85.8,6.37,100.0,75.7,5,2,2,0.7251,0
S02053,7,morning,22.1,0.87,100.0,0,100.0,93.6,6.3,100.0,9.77,100.0,73.8,2,0,2,0.9389,1
S02054,17,afternoon,8.4,0.918,77.6,1,50.8,56.9,16.5,67.1,5.99,100.0,56.4,3,1,5,0.5841,1
S02055,22,night,16.7,0.345,68.0,2,71.0,61.0,15.4,64.3,5.38,100.0,66.1,1,0,0,0.1484,0
S02056,19,evening,10.5,0.808,65.2,2,53.0,31.4,12.4,70.2,5.5,100.0,44.7,1,0,3,0.0859,0
S02057,17,afternoon,1.0,0.342,62.1,2,41.1,33.8,25.3,30.3,3.99,100.0,36.9,0,0,1,0.0133,0
S02058,18,evening,10.6,0.045,46.3,1,57.3,40.1,11.8,60.5,8.8,88.0,37.1,2,0,0,0.1005,0
S02059,19,evening,2.0,0.704,49.7,1,24.5,23.1,13.1,42.7,6.27,100.0,75.2,3,1,5,0.1083,0
S02060,6,morning,10.4,0.527,37.0,2,50.2,31.2,10.5,50.2,5.69,100.0,42.9,0,0,3,0.068,0
S02061,17,afternoon,16.2,0.723,87.3,0,91.8,72.8,2.3,84.2,7.99,100.0,60.6,1,1,4,0.7974,1
S02062,4,late_night,20.2,0.398,73.4,1,75.5,62.3,6.7,67.0,6.61,100.0,67.0,2,1,2,0.3154,0
S02063,8,morning,17.4,0.293,63.2,1,55.1,56.6,15.3,66.0,9.49,100.0,57.5,1,1,3,0.4993,0
S02064,22,night,6.8,0.987,79.8,1,56.0,36.3,15.6,65.0,5.52,100.0,18.3,0,0,5,0.0678,0
S02065,6,morning,3.4,0.339,52.9,1,52.5,44.9,8.8,68.4,6.56,100.0,84.3,1,1,3,0.141,0
S02066,20,evening,11.9,0.442,67.4,1,52.4,50.8,10.5,55.8,9.4,100.0,53.6,0,0,6,0.3268,1
S02067,10,morning,7.0,0.599,81.4,1,53.4,71.2,15.3,61.1,5.74,100.0,42.2,2,0,0,0.1331,0
S02068,5,late_night,20.9,0.302,88.2,2,55.5,81.0,2.8,62.8,7.23,100.0,55.7,1,0,1,0.1936,0
S02069,2,late_night,11.4,0.324,56.5,1,61.0,72.3,19.5,62.2,6.27,100.0,46.1,0,0,1,0.0409,0
S02070,13,afternoon,14.7,0.698,70.7,3,39.6,46.1,16.9,53.2,5.23,100.0,45.5,2,0,4,0.0318,0
S02071,10,morning,6.6,0.432,47.1,0,33.3,53.9,18.1,61.8,5.73,100.0,48.3,0,0,1,0.0226,0
S02072,12,afternoon,5.3,0.176,51.2,2,31.1,35.2,20.8,39.4,3.21,100.0,15.2,0,0,5,0.0043,0
S02073,1,late_night,11.1,0.514,70.1,1,64.6,44.5,4.4,71.0,6.99,100.0,64.5,2,1,3,0.4165,0
S02074,6,morning,16.6,0.47,78.9,0,88.5,51.2,11.0,51.2,6.99,100.0,69.7,0,0,0,0.0494,0
S02075,0,late_night,9.4,0.345,64.5,2,47.6,37.9,19.6,44.5,5.98,100.0,21.9,3,0,2,0.0666,0
S02076,7,morning,7.7,0.392,73.8,2,49.3,58.7,12.0,54.2,6.27,100.0,61.6,1,1,3,0.0975,0
S02077,22,night,18.7,0.442,54.3,2,53.9,63.1,14.9,67.3,6.95,100.0,42.5,0,2,2,0.1548,1
S02078,3,late_night,4.4,0.104,58.6,3,40.7,27.8,22.1,24.1,5.15,79.6,35.5,0,1,3,0.0131,0
S02079,16,afternoon,7.4,0.268,70.9,2,35.6,41.0,16.6,31.4,4.08,100.0,54.8,2,0,2,0.035,0
S02080,0,late_night,1.9,0.82,83.6,0,75.9,79.9,10.2,59.0,5.74,100.0,70.4,0,0,2,0.3619,1
S02081,13,afternoon,15.7,0.762,62.3,0,67.4,62.1,13.5,73.0,7.51,100.0,62.3,0,0,1,0.0661,0
S02082,22,night,8.9,0.19,74.5,0,44.9,39.8,7.6,39.6,6.05,100.0,27.2,2,0,3,0.1637,0
S02083,8,morning,12.9,0.335,51.5,0,45.1,57.6,13.6,66.9,6.81,100.0,56.9,3,3,2,0.6248,0
S02084,4,late_night,13.5,0.672,71.7,0,81.5,71.0,13.0,65.5,8.54,100.0,68.5,2,1,2,0.5635,0
S02085,13,afternoon,12.0,1.0,72.1,0,61.7,52.5,11.0,49.5,6.99,100.0,48.1,1,2,3,0.6453,0
S02086,6,morning,10.2,0.33,50.3,0,60.4,44.6,16.8,71.2,7.66,100.0,41.7,0,1,5,0.3423,0
S02087,21,evening,12.4,0.448,61.9,0,52.8,80.8,14.1,64.6,5.91,100.0,51.1,1,0,3,0.5775,0
S02088,20,evening,12.7,0.473,68.3,1,36.6,29.4,13.8,54.6,5.03,100.0,59.8,0,0,5,0.0917,0
S02089,15,afternoon,12.5,0.598,46.4,1,63.3,67.8,18.4,67.7,8.44,100.0,49.3,0,1,0,0.2767,0
S02090,15,afternoon,16.4,0.488,65.6,0,50.2,64.8,7.8,61.7,7.54,100.0,59.8,2,0,3,0.3081,1
S02091,14,afternoon,13.6,0.875,48.8,1,61.0,79.0,16.3,56.5,6.74,100.0,39.9,1,1,5,0.2993,0
S02092,17,afternoon,10.4,0.661,100.0,2,65.9,64.2,17.0,79.1,6.21,100.0,59.8,3,1,1,0.4598,0
S02093,11,morning,15.2,0.842,79.7,0,76.8,92.2,13.7,69.8,8.0,100.0,32.6,0,3,3,0.7521,1
S02094,23,night,6.8,0.682,72.6,1,61.0,62.2,10.2,67.4,5.6,100.0,60.2,1,0,4,0.2561,0
S02095,8,morning,15.3,0.846,79.8,2,60.6,85.2,11.8,64.6,7.68,100.0,72.9,2,0,5,0.6411,0
S02096,0,late_night,8.4,0.998,86.0,0,64.0,82.7,7.0,76.9,7.29,100.0,57.7,2,2,1,0.3519,0
S02097,16,afternoon,5.5,0.696,78.2,3,43.7,65.2,11.4,66.9,5.83,100.0,58.5,3,0,6,0.1228,0
S02098,15,afternoon,1.0,0.744,32.1,2,16.9,33.0,16.1,44.1,2.49,100.0,47.8,0,0,3,0.0026,0
S02099,23,night,15.9,1.0,100.0,0,79.3,84.4,5.4,83.3,7.29,100.0,43.6,2,2,4,0.8371,1
S02100,9,morning,19.2,0.455,90.7,3,46.4,57.2,10.6,75.4,7.04,100.0,38.8,3,1,2,0.1598,0
S02101,10,morning,6.4,0.462,55.3,6,40.2,35.9,11.0,51.6,5.67,100.0,39.3,2,0,1,0.0157,0
S02102,13,afternoon,12.4,0.585,62.5,2,36.8,50.6,16.0,66.7,5.58,100.0,48.5,1,1,3,0.0914,0
S02103,9,morning,23.7,1.0,29.6,1,57.2,43.9,17.0,74.3,8.07,100.0,47.9,1,0,1,0.5981,1
S02104,18,evening,12.8,0.315,49.1,1,63.3,52.4,21.3,62.8,4.71,100.0,35.0,4,1,6,0.1434,0
S02105,10,morning,7.4,0.585,73.7,0,54.1,61.5,8.9,59.2,5.49,100.0,9.1,5,0,2,0.1463,1
S02106,18,evening,13.7,0.624,99.2,1,58.0,61.4,5.8,87.8,8.32,100.0,88.5,1,0,3,0.3873,0
S02107,10,morning,8.9,0.495,72.6,3,41.8,31.5,13.9,45.3,5.29,100.0,74.3,0,0,0,0.0149,0
S02108,5,late_night,7.1,0.387,62.5,4,53.0,60.7,16.9,59.6,6.38,100.0,37.5,0,0,4,0.037,0
S02109,23,night,10.4,0.678,100.0,0,56.3,77.1,11.2,91.9,6.48,100.0,34.7,0,2,4,0.2956,0
S02110,12,afternoon,17.1,0.327,88.2,1,61.3,56.0,15.5,70.6,6.68,100.0,79.2,1,0,3,0.231,0
S02111,16,afternoon,17.6,0.783,68.1,1,68.4,67.0,13.6,53.1,7.7,100.0,26.2,1,0,5,0.1512,0
S02112,14,afternoon,8.1,0.728,100.0,0,71.4,69.8,3.6,68.5,6.96,100.0,75.9,0,0,4,0.2521,0
S02113,8,morning,9.3,0.61,55.1,2,52.5,74.9,12.3,71.6,5.81,100.0,65.7,2,1,2,0.3176,0
S02114,23,night,11.6,1.0,51.8,0,66.1,58.5,6.5,59.3,7.5,100.0,52.7,3,0,4,0.3679,0
S02115,8,morning,13.6,0.435,61.6,0,54.0,49.8,10.7,47.4,5.25,100.0,74.3,0,0,1,0.0795,0
S02116,23,night,16.8,0.628,59.1,0,78.0,75.0,10.7,46.1,7.99,100.0,45.5,0,1,2,0.362,1
S02117,10,morning,23.1,0.586,65.4,0,60.3,47.5,15.2,60.7,4.78,100.0,68.3,3,1,0,0.1956,0
S02118,0,late_night,10.8,0.622,83.7,2,63.9,55.0,11.9,83.7,6.44,100.0,52.5,2,0,2,0.1531,0
S02119,0,late_night,12.7,1.0,75.7,2,71.9,70.4,9.0,64.1,8.98,100.0,41.4,2,1,4,0.662,0
S02120,23,night,16.0,0.646,74.3,2,63.4,84.1,19.7,78.6,9.09,100.0,89.0,4,0,4,0.6191,1
S02121,12,afternoon,9.4,0.443,71.2,1,53.3,44.3,8.8,59.1,6.46,100.0,44.6,1,0,2,0.2656,0
S02122,9,morning,9.0,0.803,28.8,3,54.9,38.1,15.2,48.5,6.71,100.0,43.7,1,0,4,0.062,0
S02123,19,evening,10.5,0.499,47.8,2,65.5,66.1,15.0,68.9,7.35,100.0,67.6,1,0,4,0.3548,0
S02124,14,afternoon,1.4,0.225,64.0,1,80.5,66.6,13.2,43.3,5.98,100.0,73.4,1,1,2,0.2481,0
S02125,15,afternoon,13.1,0.431,58.9,1,69.7,63.2,8.5,84.2,7.18,100.0,36.4,2,3,4,0.1942,0
S02126,16,afternoon,17.9,0.632,84.2,0,94.1,87.5,4.2,92.7,8.07,100.0,89.9,2,2,2,0.7579,0
S02127,4,late_night,15.5,0.111,86.9,2,60.9,52.2,16.0,68.9,4.36,100.0,51.8,0,1,1,0.0397,0
S02128,2,late_night,13.3,0.541,72.3,0,58.2,45.8,15.8,63.6,7.47,100.0,56.2,1,0,0,0.4739,0
S02129,17,afternoon,10.2,0.696,58.7,2,60.2,74.2,10.1,79.7,8.24,100.0,58.9,2,1,4,0.7031,1
S02130,0,late_night,11.3,0.801,58.9,2,51.1,77.2,7.0,74.3,5.42,100.0,55.3,0,1,2,0.3395,0
S02131,17,afternoon,10.6,1.0,100.0,0,94.9,74.9,7.8,86.6,8.93,100.0,45.6,0,2,5,0.825,1
S02132,3,late_night,6.0,0.61,90.0,2,69.7,43.3,19.3,47.4,4.9,100.0,58.8,2,2,3,0.3516,1
S02133,6,morning,15.5,0.42,81.5,2,71.2,57.8,7.8,54.2,6.4,100.0,60.0,2,0,0,0.253,1
S02134,16,afternoon,8.6,0.607,40.2,0,48.7,42.8,12.8,48.1,5.18,100.0,44.7,2,0,5,0.019,0
S02135,14,afternoon,14.6,0.776,71.8,0,72.5,75.2,13.4,60.9,6.85,100.0,56.0,2,0,2,0.2598,1
S02136,18,evening,4.9,0.666,77.7,3,58.6,50.3,16.3,62.8,6.27,100.0,53.4,2,0,4,0.1251,0
S02137,14,afternoon,13.6,0.761,77.2,1,58.7,56.3,8.6,65.4,6.17,100.0,59.0,3,0,2,0.2168,1
S02138,1,late_night,11.1,0.345,64.0,2,66.4,71.7,13.7,73.6,8.57,100.0,63.2,1,0,4,0.3273,1
S02139,20,evening,19.6,0.95,74.6,0,88.0,67.9,15.5,70.3,8.38,100.0,59.2,3,0,5,0.8849,0
S02140,5,late_night,14.4,0.892,59.6,3,50.4,66.1,6.7,53.8,7.29,100.0,42.8,0,0,3,0.1511,0
S02141,3,late_night,13.6,0.565,50.2,3,39.0,51.0,7.9,69.6,6.74,100.0,64.4,1,2,3,0.1511,0
S02142,21,evening,26.3,0.837,100.0,0,92.8,100.0,6.7,98.4,10.0,100.0,55.1,3,0,3,0.9237,1
S02143,4,late_night,11.7,0.577,86.4,2,72.4,44.7,15.6,51.6,7.37,100.0,73.1,0,0,2,0.1986,0
S02144,12,afternoon,15.2,0.358,60.0,1,21.7,53.4,15.2,38.1,6.17,100.0,45.5,0,0,5,0.0932,0
S02145,11,morning,5.7,0.374,69.7,0,61.4,50.9,18.1,41.1,5.86,100.0,64.0,1,0,3,0.052,0
S02146,18,evening,4.8,0.538,68.3,3,35.0,41.7,7.5,51.3,5.02,100.0,70.9,0,0,3,0.0854,0
S02147,1,late_night,17.8,0.746,100.0,0,78.5,56.3,12.0,86.4,8.42,100.0,59.7,4,1,2,0.475,0
S02148,2,late_night,4.9,0.696,80.2,1,35.7,55.5,1.8,75.4,5.83,100.0,65.9,2,0,4,0.1193,0
S02149,9,morning,14.7,0.643,83.5,2,46.8,68.5,17.5,72.4,6.76,100.0,65.2,2,0,2,0.3476,0
S02150,11,morning,12.2,0.368,70.1,1,65.4,50.7,17.3,84.3,6.8,100.0,57.4,0,0,3,0.213,0
S02151,18,evening,18.5,0.56,69.3,0,80.9,62.1,9.7,72.5,7.76,100.0,68.4,1,0,4,0.3407,1
S02152,14,afternoon,9.2,0.31,84.0,4,49.7,55.7,4.9,66.0,4.55,100.0,45.7,1,0,4,0.0219,0
S02153,3,late_night,9.0,0.351,71.2,1,71.0,63.5,13.8,43.3,5.52,100.0,73.2,1,0,2,0.0583,0
S02154,23,night,14.7,0.943,59.4,0,52.5,72.4,16.5,45.8,5.73,100.0,57.6,1,1,5,0.2791,1
S02155,11,morning,11.2,1.0,81.6,1,56.9,69.2,12.9,64.9,7.34,100.0,47.7,1,1,2,0.3649,0
S02156,23,night,10.2,0.767,85.2,0,61.0,59.7,19.2,64.2,7.65,100.0,50.5,3,0,4,0.3448,0
S02157,23,night,11.5,0.452,32.1,0,46.8,46.3,12.9,84.1,7.41,100.0,63.5,2,0,2,0.1091,0
S02158,1,late_night,13.9,0.379,61.6,0,71.0,51.6,19.2,69.4,7.82,100.0,45.3,4,1,3,0.4432,1
S02159,12,afternoon,8.1,0.482,69.5,2,43.6,45.7,5.8,41.6,6.55,100.0,78.9,0,1,1,0.108,0
S02160,10,morning,10.1,0.314,37.0,0,59.4,64.1,10.4,67.8,4.84,100.0,71.5,1,1,3,0.2074,1
S02161,11,morning,15.5,0.735,36.0,1,54.1,45.3,9.1,42.5,6.0,100.0,30.9,1,0,4,0.0859,0
S02162,7,morning,14.1,0.424,76.4,1,91.7,68.7,12.8,78.0,6.82,100.0,74.4,0,0,3,0.283,0
S02163,13,afternoon,12.0,0.722,82.4,1,62.7,58.3,6.3,79.5,8.4,100.0,44.3,2,1,1,0.3962,0
S02164,11,morning,7.0,0.466,82.9,1,70.6,66.1,15.3,57.5,6.1,100.0,46.1,1,0,2,0.1027,0
S02165,4,late_night,15.6,0.735,100.0,0,81.0,60.6,12.7,93.9,6.89,100.0,55.4,1,1,4,0.477,0
S02166,6,morning,23.1,1.0,93.7,0,93.7,86.5,7.5,100.0,10.0,100.0,60.7,6,0,2,0.9676,1
S02167,3,late_night,10.2,0.498,50.7,3,37.4,52.5,15.4,47.4,6.3,100.0,55.6,1,0,0,0.0503,0
S02168,20,evening,10.2,0.427,44.5,1,30.5,35.2,9.7,74.9,6.75,100.0,54.4,0,0,0,0.0354,0
S02169,16,afternoon,14.0,0.61,59.3,2,53.4,39.8,16.1,50.6,5.47,100.0,57.6,2,1,4,0.1297,0
S02170,9,morning,12.4,0.29,73.8,2,55.7,49.6,12.1,62.2,4.57,100.0,49.9,1,0,2,0.0543,0
S02171,9,morning,13.2,0.437,72.7,2,46.5,37.6,17.6,53.5,4.89,100.0,40.6,0,0,7,0.0469,0
S02172,1,late_night,15.0,0.705,71.6,2,48.6,54.9,19.0,51.0,6.3,100.0,45.4,0,0,4,0.0744,1
S02173,6,morning,14.6,0.434,68.5,2,28.6,51.3,13.6,41.3,5.08,100.0,64.3,0,0,5,0.0241,0
S02174,22,night,12.3,0.494,91.8,1,68.6,44.1,17.0,90.1,5.84,100.0,51.8,1,1,4,0.0471,1
S02175,0,late_night,6.8,0.502,71.5,1,61.0,67.8,13.1,75.3,7.84,100.0,76.2,1,1,1,0.5304,0
S02176,3,late_night,16.1,0.825,94.4,0,79.7,57.7,13.8,78.0,8.34,100.0,48.4,3,0,6,0.8559,1
S02177,20,evening,16.6,0.408,63.2,0,51.6,61.7,6.1,60.1,8.94,100.0,58.7,4,1,3,0.7358,1
S02178,12,afternoon,20.1,0.452,73.7,1,62.5,89.5,8.5,77.1,5.5,100.0,63.3,2,1,3,0.2535,0
S02179,0,late_night,16.0,0.614,59.8,1,42.3,35.9,10.4,53.5,5.28,100.0,70.5,0,1,2,0.0846,0
S02180,11,morning,26.1,0.78,98.9,0,95.7,94.8,13.5,100.0,9.08,100.0,82.3,7,3,3,0.9745,1
S02181,17,afternoon,15.2,0.295,56.7,4,75.2,74.8,10.5,79.1,6.76,100.0,61.0,1,1,4,0.1584,0
S02182,8,morning,7.3,0.541,50.3,1,56.9,23.7,18.6,52.5,4.0,100.0,44.9,0,0,6,0.027,0
S02183,9,morning,3.5,0.18,34.1,0,53.2,36.0,14.1,60.8,4.54,100.0,35.4,0,2,2,0.0554,0
S02184,15,afternoon,8.0,0.249,65.0,6,47.0,29.2,14.5,41.8,3.59,100.0,41.7,1,1,3,0.0049,0
S02185,14,afternoon,9.8,0.429,88.8,2,64.6,50.0,6.5,68.0,8.55,100.0,89.0,3,0,3,0.4225,0
S02186,21,evening,12.5,0.472,82.7,0,64.3,57.1,5.0,79.2,4.94,100.0,39.9,1,0,1,0.0175,0
S02187,5,late_night,10.8,0.303,78.4,4,54.9,62.2,12.0,62.4,4.43,100.0,43.8,0,0,6,0.0822,0
S02188,6,morning,19.9,0.994,98.7,1,90.3,81.8,7.3,74.0,7.52,100.0,46.3,4,0,2,0.5584,1
S02189,3,late_night,13.3,0.655,84.9,3,88.0,76.8,7.8,83.1,7.3,100.0,47.1,3,3,2,0.5828,1
S02190,15,afternoon,17.9,0.856,85.0,2,70.9,85.0,11.5,61.8,7.03,100.0,41.6,3,1,6,0.6851,1
S02191,12,afternoon,1.0,0.289,72.7,2,49.1,50.1,22.1,51.4,5.89,100.0,31.0,1,1,7,0.0986,0
S02192,8,morning,9.8,0.827,52.2,1,50.0,50.3,20.4,45.3,4.69,100.0,53.8,1,0,4,0.1224,0
S02193,16,afternoon,16.9,0.175,67.3,0,59.0,51.4,12.3,31.1,6.63,100.0,66.2,3,0,3,0.3805,0
S02194,9,morning,20.0,0.259,72.4,1,64.5,28.9,12.1,66.0,6.78,100.0,61.3,2,2,2,0.1602,0
S02195,4,late_night,9.4,0.622,50.1,2,35.9,39.0,18.5,67.7,6.03,100.0,28.5,0,0,0,0.0247,0
S02196,12,afternoon,18.2,0.618,45.1,1,69.3,65.0,13.6,63.9,8.08,100.0,28.7,2,0,4,0.2046,0
S02197,10,morning,12.7,0.62,51.6,3,70.6,61.1,14.8,97.7,6.36,100.0,24.4,2,1,1,0.2426,0
S02198,9,morning,11.4,0.604,71.7,1,79.1,65.9,13.8,57.8,7.12,100.0,35.4,1,2,6,0.3445,1
S02199,10,morning,11.7,0.542,77.1,2,50.0,40.0,14.2,55.7,5.77,100.0,34.7,1,0,1,0.0409,0
S02200,21,evening,10.4,0.529,65.8,2,56.4,56.7,10.7,54.8,6.68,100.0,44.9,1,0,4,0.1033,0
S02201,5,late_night,8.3,0.33,100.0,2,60.3,73.2,14.0,60.8,6.69,100.0,57.9,1,1,1,0.1913,0
S02202,6,morning,10.2,0.727,56.9,0,63.1,67.3,3.0,67.4,7.34,100.0,49.7,0,0,3,0.243,1
S02203,13,afternoon,9.4,0.773,81.5,0,78.6,82.6,12.0,86.8,8.02,100.0,82.4,4,1,1,0.7548,1
S02204,1,late_night,17.4,0.998,98.0,1,56.7,89.3,1.8,63.8,8.11,100.0,96.1,3,0,2,0.7398,0
S02205,3,late_night,11.2,0.859,83.6,1,61.1,39.2,13.8,58.9,6.31,100.0,51.6,2,1,3,0.2158,0
S02206,13,afternoon,9.2,0.548,76.2,0,74.5,60.2,9.2,64.4,7.04,100.0,23.6,1,0,2,0.1365,0
S02207,12,afternoon,11.0,0.37,89.6,1,78.9,56.5,16.4,82.2,6.85,100.0,49.6,1,1,4,0.3687,1
S02208,15,afternoon,15.9,0.996,75.7,0,79.8,53.3,11.3,42.8,6.6,100.0,54.7,1,0,6,0.4657,0
S02209,2,late_night,13.8,0.281,91.5,2,63.2,48.5,13.1,40.4,4.47,100.0,62.7,0,0,3,0.0296,0
S02210,20,evening,9.8,0.736,95.6,1,63.5,90.1,12.2,71.2,7.79,100.0,39.7,2,4,5,0.7833,1
S02211,11,morning,9.8,0.646,65.1,0,64.3,65.2,6.8,86.2,8.27,100.0,36.5,2,3,1,0.8339,0
S02212,3,late_night,19.7,0.658,85.2,1,68.1,55.0,14.1,70.4,6.2,100.0,66.7,2,0,3,0.1755,0
S02213,7,morning,11.8,0.97,61.0,0,70.0,65.6,11.4,89.6,7.84,100.0,57.5,2,1,1,0.507,1
S02214,5,late_night,11.6,0.469,85.9,3,59.1,51.6,11.7,76.2,6.3,100.0,41.4,1,2,1,0.0622,0
S02215,10,morning,18.5,0.655,73.5,0,74.9,49.1,7.9,62.3,6.37,100.0,41.9,1,0,3,0.2266,1
S02216,11,morning,18.5,0.389,90.3,2,64.5,33.6,10.5,59.4,6.57,100.0,49.0,0,1,4,0.0623,0
S02217,10,morning,14.7,0.5,67.6,1,66.9,39.8,11.8,66.6,7.3,100.0,57.4,1,0,3,0.0953,0
S02218,11,morning,12.9,0.299,37.0,3,55.1,50.9,9.0,57.0,5.68,100.0,15.1,2,0,2,0.0657,0
S02219,21,evening,16.6,0.287,97.7,2,47.9,46.6,13.1,48.7,5.25,100.0,46.3,0,0,4,0.0118,0
S02220,23,night,2.9,0.54,72.7,1,39.9,53.9,9.4,60.8,5.52,100.0,65.9,0,0,4,0.1794,0
S02221,11,morning,7.8,0.804,48.9,2,53.9,55.0,12.7,50.5,6.01,100.0,57.1,2,0,3,0.2711,0
S02222,23,night,15.7,0.511,87.9,2,56.8,70.2,11.1,50.9,5.26,100.0,87.1,0,1,5,0.3002,0
S02223,19,evening,8.3,0.006,94.2,0,50.1,37.5,15.5,60.6,4.33,87.8,43.7,2,1,3,0.058,0
S02224,19,evening,13.7,0.664,58.2,1,49.1,41.2,14.3,37.4,4.79,100.0,47.0,0,1,2,0.0844,0
S02225,5,late_night,12.5,0.675,70.4,2,55.7,54.1,13.1,54.8,7.31,100.0,75.5,0,0,5,0.6076,1
S02226,10,morning,13.0,0.546,74.8,0,51.1,66.6,12.7,49.3,6.72,100.0,56.7,0,1,3,0.2671,0
S02227,8,morning,12.6,0.549,58.0,0,59.5,58.8,10.1,64.5,6.35,100.0,81.1,1,0,2,0.2794,0
S02228,2,late_night,16.5,0.688,77.1,0,71.7,74.0,10.4,86.4,9.78,100.0,80.4,2,0,3,0.9426,1
S02229,1,late_night,10.6,0.979,98.9,0,51.8,62.5,1.0,51.9,7.12,100.0,58.8,2,0,9,0.5094,1
S02230,14,afternoon,14.5,0.633,71.9,0,55.6,78.1,9.6,64.1,8.08,100.0,57.7,2,0,3,0.4541,0
S02231,10,morning,5.7,0.041,48.8,1,32.7,49.0,11.9,52.1,4.42,91.7,45.0,2,0,2,0.0901,1
S02232,19,evening,12.0,0.423,52.9,2,49.8,52.1,15.1,29.0,6.52,100.0,46.8,0,0,1,0.0718,0
S02233,16,afternoon,19.4,1.0,98.8,0,70.0,91.2,6.3,70.3,9.82,100.0,51.8,3,0,1,0.7005,1
S02234,2,late_night,13.6,0.443,33.0,1,30.3,45.6,16.0,73.5,6.4,100.0,59.6,1,0,2,0.089,0
S02235,20,evening,4.4,0.213,65.5,3,43.5,36.2,17.0,42.0,5.84,100.0,77.5,1,0,1,0.0551,0
S02236,11,morning,5.1,0.346,100.0,0,48.4,47.0,6.5,70.1,6.95,100.0,27.6,1,0,5,0.133,0
S02237,13,afternoon,11.7,0.353,99.7,1,73.5,37.7,13.1,54.9,6.73,100.0,72.1,3,0,1,0.159,0
S02238,23,night,20.9,0.719,71.4,2,50.5,59.6,8.7,54.5,4.13,100.0,53.2,1,1,3,0.0425,0
S02239,15,afternoon,16.1,0.49,87.3,1,41.6,49.8,14.5,49.1,5.57,100.0,68.8,2,0,2,0.1829,0
S02240,0,late_night,13.5,0.399,99.4,0,80.4,54.8,7.7,52.7,7.75,100.0,53.6,5,0,7,0.8731,1
S02241,4,late_night,11.3,0.506,61.7,0,51.2,61.5,10.4,47.8,4.58,100.0,47.4,3,0,1,0.1308,0
S02242,10,morning,10.7,0.369,72.7,1,40.9,39.6,7.9,52.0,6.4,100.0,65.6,2,0,6,0.1849,1
S02243,0,late_night,9.4,0.602,100.0,1,87.1,82.8,9.7,80.5,8.04,100.0,59.9,5,1,0,0.5781,0
S02244,4,late_night,19.0,0.42,55.0,0,56.2,61.8,6.4,69.1,8.82,100.0,70.3,1,0,2,0.2416,0
S02245,19,evening,9.5,0.244,73.7,0,62.9,39.8,7.3,45.8,6.61,100.0,42.5,1,1,2,0.0648,0
S02246,3,late_night,6.9,0.53,62.8,0,36.9,41.2,15.9,55.6,3.36,100.0,42.5,0,0,5,0.0337,0
S02247,4,late_night,9.9,0.488,65.6,1,50.9,53.9,17.4,45.1,6.99,100.0,58.2,1,1,4,0.2053,0
S02248,12,afternoon,16.4,0.638,69.8,1,51.8,53.9,13.7,53.5,5.99,100.0,60.7,2,0,4,0.0932,0
S02249,2,late_night,12.5,0.774,82.8,0,67.1,90.1,3.9,63.1,9.15,100.0,74.4,2,1,2,0.7655,1
S02250,6,morning,2.1,0.46,66.4,2,43.2,54.8,13.5,45.5,6.87,100.0,43.7,1,1,2,0.1054,0
S02251,22,night,13.0,0.444,86.1,2,40.0,63.6,14.9,57.5,7.76,100.0,54.5,1,1,2,0.2645,1
S02252,15,afternoon,5.9,0.61,82.5,1,71.6,54.1,10.1,72.9,8.32,100.0,73.6,1,0,2,0.3632,1
S02253,23,night,3.7,0.426,48.3,2,32.6,9.7,18.1,19.6,4.31,100.0,62.4,0,0,6,0.0241,0
S02254,8,morning,19.8,0.988,65.7,2,57.4,86.9,8.2,67.8,7.63,100.0,48.6,2,0,1,0.2986,0
S02255,14,afternoon,10.8,0.128,53.5,5,52.4,15.2,12.8,39.4,7.08,100.0,65.7,1,0,1,0.0582,0
S02256,5,late_night,17.2,0.558,76.6,1,78.6,61.6,8.7,70.8,7.14,100.0,45.5,2,1,3,0.129,0
S02257,9,morning,15.2,0.755,61.4,3,56.3,63.2,14.0,68.3,6.39,100.0,59.6,2,1,3,0.4397,1
S02258,4,late_night,24.9,1.0,92.9,0,65.2,67.3,12.5,61.6,8.13,100.0,65.7,0,1,3,0.7838,1
S02259,19,evening,11.3,0.989,80.9,0,77.7,65.3,8.7,74.0,8.25,100.0,51.0,1,1,3,0.43,1
S02260,4,late_night,6.5,0.034,68.1,4,35.5,29.8,19.8,35.2,5.0,66.0,38.1,0,0,1,0.0149,0
S02261,4,late_night,7.9,0.687,54.1,4,49.2,40.0,7.9,62.9,4.55,100.0,23.8,3,0,2,0.038,0
S02262,11,morning,16.2,0.582,58.6,1,69.8,70.5,11.0,55.8,7.73,100.0,66.7,4,2,5,0.681,1
S02263,10,morning,11.2,0.73,85.5,2,60.4,62.3,7.0,66.9,6.97,100.0,49.7,0,0,5,0.2678,0
S02264,7,morning,20.3,0.779,75.8,3,80.0,62.5,6.5,77.6,6.68,100.0,57.2,1,1,6,0.359,1
S02265,8,morning,12.2,0.416,73.3,0,69.3,59.1,5.0,71.5,6.54,100.0,51.2,4,0,0,0.2571,1
S02266,7,morning,19.5,0.751,85.3,2,71.6,65.4,8.2,93.9,8.6,100.0,69.6,2,0,1,0.3806,0
S02267,21,evening,13.7,0.719,78.2,0,68.4,80.3,14.9,65.5,7.79,100.0,56.5,2,0,2,0.429,0
S02268,13,afternoon,6.3,0.269,36.4,1,13.4,23.1,15.4,62.8,6.04,100.0,26.7,0,0,1,0.0103,0
S02269,22,night,12.8,0.432,87.1,2,65.9,70.0,10.6,87.3,4.69,100.0,50.6,0,1,2,0.0995,0
S02270,23,night,14.3,0.298,67.2,2,59.9,42.8,10.5,46.5,6.75,100.0,42.0,2,0,0,0.073,0
S02271,15,afternoon,10.2,0.523,86.8,0,51.9,32.4,6.0,63.8,5.36,100.0,48.8,0,0,3,0.0374,0
S02272,19,evening,13.1,0.686,55.0,2,84.2,60.3,13.0,75.1,8.7,100.0,69.0,1,1,3,0.4101,0
S02273,2,late_night,11.9,0.502,82.0,0,67.8,82.1,1.2,74.9,8.31,100.0,63.3,2,1,4,0.3677,0
S02274,22,night,11.0,0.504,68.2,1,57.0,60.4,8.9,55.5,6.42,100.0,62.3,0,1,3,0.174,0
S02275,11,morning,1.0,0.121,15.9,4,22.7,30.8,17.8,17.6,3.29,100.0,52.5,0,0,2,0.004,0
S02276,17,afternoon,11.5,0.247,69.6,1,30.1,36.1,16.3,35.3,5.81,100.0,35.1,0,0,8,0.1141,0
S02277,5,late_night,12.7,0.833,56.2,0,100.0,83.8,9.2,100.0,9.32,100.0,59.7,1,3,2,0.9494,1
S02278,2,late_night,9.5,0.118,61.3,1,53.0,46.4,12.9,61.8,7.58,100.0,24.7,1,1,5,0.1183,0
S02279,21,evening,8.6,0.522,70.7,3,52.6,54.5,21.8,23.9,5.77,100.0,37.4,0,0,1,0.0216,0
S02280,10,morning,19.1,0.738,71.9,0,71.5,61.9,17.6,63.0,9.11,100.0,53.2,1,0,2,0.4211,0
S02281,3,late_night,4.9,0.332,56.6,2,60.5,52.1,12.0,37.8,5.75,100.0,64.9,2,2,1,0.2668,1
S02282,15,afternoon,14.9,0.224,90.8,0,82.7,61.7,9.4,88.4,7.01,100.0,68.5,1,1,5,0.2434,1
S02283,1,late_night,14.7,0.797,68.5,2,52.3,68.8,10.8,65.6,5.81,100.0,79.2,0,0,1,0.111,0
S02284,10,morning,13.6,0.73,67.6,1,64.5,50.7,8.6,73.2,7.43,100.0,50.2,1,0,3,0.1238,0
S02285,16,afternoon,18.5,0.647,92.0,0,73.4,84.9,12.8,66.0,6.43,100.0,63.1,3,1,0,0.459,1
S02286,17,afternoon,10.8,0.827,58.1,0,66.2,68.7,15.7,81.0,7.86,100.0,70.3,1,0,4,0.5521,1
S02287,10,morning,10.6,1.0,81.3,0,82.5,94.8,1.0,82.3,9.75,100.0,100.0,5,2,2,0.9582,1
S02288,8,morning,18.2,0.735,90.8,1,82.8,77.2,9.4,76.2,7.81,100.0,67.4,4,2,2,0.6629,1
S02289,20,evening,5.1,0.262,38.9,6,55.0,35.6,21.1,47.9,5.67,100.0,44.8,0,1,2,0.0196,0
S02290,4,late_night,6.3,0.534,100.0,1,81.0,65.7,12.7,53.0,6.38,100.0,59.6,2,2,1,0.3381,1
S02291,1,late_night,14.8,0.805,75.9,1,66.9,75.0,11.4,65.9,6.31,100.0,68.8,3,2,2,0.5318,0
S02292,3,late_night,20.5,1.0,92.7,2,68.6,81.1,3.2,71.6,7.15,100.0,82.8,4,1,2,0.6931,1
S02293,19,evening,5.7,0.465,79.7,4,50.2,42.2,15.7,61.2,6.9,100.0,46.1,0,0,2,0.0705,0
S02294,11,morning,24.8,1.0,77.0,0,81.2,62.4,13.7,91.5,9.65,100.0,51.3,2,0,4,0.7898,1
S02295,0,late_night,11.4,0.764,70.2,0,59.2,80.8,10.9,73.6,9.03,100.0,99.9,2,2,0,0.8136,1
S02296,4,late_night,20.1,1.0,89.9,0,79.5,94.0,4.2,89.2,9.16,100.0,53.5,2,0,2,0.7542,1
S02297,0,late_night,4.9,0.919,74.7,1,43.9,23.4,15.3,57.5,6.67,100.0,63.3,0,1,2,0.0681,0
S02298,19,evening,10.6,0.804,51.1,1,44.5,45.2,8.9,54.5,4.59,100.0,58.2,1,0,4,0.0387,0
S02299,11,morning,10.5,0.84,49.5,1,65.2,72.1,7.9,58.4,7.75,100.0,58.0,2,0,5,0.3003,0
S02300,1,late_night,4.6,0.317,88.3,2,62.3,49.2,16.2,74.8,6.52,100.0,33.6,3,0,3,0.1449,0
S02301,5,late_night,20.6,0.855,51.9,5,44.5,39.2,18.2,49.5,6.35,100.0,90.3,1,0,1,0.0514,1
S02302,14,afternoon,1.7,0.119,53.2,1,24.9,1.4,14.6,34.8,1.59,82.3,41.1,0,0,1,0.001,0
S02303,14,afternoon,8.7,0.439,63.5,1,29.4,45.1,8.2,49.5,6.53,100.0,44.7,2,2,3,0.1375,0
S02304,19,evening,17.0,0.174,70.6,1,59.9,49.2,7.7,81.2,8.79,100.0,37.3,1,1,1,0.1611,0
S02305,0,late_night,17.8,0.541,87.5,0,66.5,56.2,13.8,45.6,6.3,100.0,21.9,0,0,1,0.1245,1
S02306,1,late_night,22.3,0.624,84.2,0,78.1,85.7,3.5,82.4,8.58,100.0,77.2,3,0,5,0.7318,1
S02307,0,late_night,7.2,0.634,64.8,0,49.2,53.8,17.1,73.9,6.31,100.0,42.5,0,1,3,0.1376,0
S02308,9,morning,16.7,0.511,76.3,0,89.3,66.9,7.6,65.8,7.25,100.0,58.7,0,0,2,0.1773,0
S02309,17,afternoon,5.3,0.949,64.5,0,52.0,80.0,12.9,75.3,6.93,100.0,47.5,1,1,4,0.6363,0
S02310,15,afternoon,18.1,0.784,66.6,0,85.4,61.1,7.4,46.5,6.24,100.0,68.0,2,2,1,0.5228,1
S02311,5,late_night,6.3,1.0,64.7,0,92.2,53.5,13.8,52.0,7.31,100.0,62.5,4,2,3,0.5315,0
S02312,15,afternoon,12.9,0.551,100.0,1,75.3,74.2,11.9,75.9,9.17,100.0,74.5,1,1,5,0.5544,1
S02313,15,afternoon,12.2,0.868,81.1,2,73.1,57.5,5.2,91.5,6.18,100.0,67.2,1,2,4,0.4305,0
S02314,4,late_night,15.3,0.264,68.8,0,49.3,70.7,8.3,69.2,7.48,100.0,47.2,2,2,4,0.6355,1
S02315,17,afternoon,12.1,0.647,87.7,1,47.3,74.3,10.6,68.0,6.89,100.0,37.0,1,1,1,0.199,0
S02316,10,morning,17.2,0.38,43.9,2,48.6,64.2,10.5,72.6,6.63,100.0,51.0,1,0,5,0.1943,0
S02317,1,late_night,16.1,0.521,93.9,0,73.1,92.8,14.7,53.4,7.91,100.0,65.2,2,0,3,0.5688,1
S02318,9,morning,21.3,0.782,100.0,0,86.8,69.0,5.1,50.2,9.42,100.0,70.0,0,0,0,0.8421,1
S02319,18,evening,6.3,0.326,100.0,1,54.9,57.0,15.4,79.8,7.11,100.0,25.3,3,0,3,0.0942,0
S02320,16,afternoon,20.1,0.361,88.5,1,52.1,57.6,13.1,73.9,7.53,100.0,58.4,1,1,5,0.5846,1
S02321,6,morning,12.6,0.65,86.6,2,73.8,99.7,9.1,70.5,8.8,100.0,47.5,2,1,2,0.7516,1
S02322,18,evening,22.4,0.744,98.5,0,67.2,76.1,12.7,75.2,8.12,100.0,62.2,3,3,3,0.7656,1
S02323,9,morning,20.1,0.784,60.7,2,50.9,33.8,5.8,74.8,6.89,100.0,69.5,2,2,5,0.4986,0
S02324,11,morning,6.9,0.252,45.0,2,21.3,29.8,16.5,34.2,4.62,100.0,3.3,0,0,8,0.0066,0
S02325,2,late_night,17.7,0.861,73.2,0,68.1,68.4,7.9,69.4,7.05,100.0,80.7,1,0,2,0.4654,1
S02326,23,night,1.0,0.0,72.8,3,26.2,36.0,16.0,62.0,4.56,68.8,26.0,0,0,5,0.0103,0
S02327,20,evening,15.6,0.684,68.9,0,77.6,69.9,7.2,63.2,7.28,100.0,78.8,3,2,0,0.6533,1
S02328,4,late_night,16.9,0.718,56.9,1,44.3,64.3,11.9,70.1,4.92,100.0,68.6,3,0,6,0.5902,1
S02329,13,afternoon,18.7,0.769,81.5,1,77.0,68.7,10.0,58.3,7.74,100.0,56.5,1,1,3,0.5038,0
S02330,18,evening,4.4,0.242,73.5,2,51.6,37.3,14.4,70.8,4.76,100.0,56.4,2,0,2,0.0398,1
S02331,12,afternoon,6.2,0.504,47.0,2,39.1,40.4,15.8,48.4,6.77,100.0,35.2,1,0,1,0.0655,1
S02332,5,late_night,2.6,0.483,82.1,0,64.7,63.5,13.8,56.6,6.03,100.0,30.7,6,1,4,0.6038,1
S02333,23,night,13.6,0.389,90.3,2,68.9,70.1,7.0,43.6,7.27,100.0,71.9,3,1,1,0.4563,0
S02334,6,morning,3.0,0.574,84.1,1,39.6,51.4,15.0,52.4,5.29,100.0,41.8,1,2,1,0.1863,0
S02335,8,morning,16.8,0.564,76.0,1,61.7,66.4,5.8,65.2,6.61,100.0,82.5,0,0,5,0.5495,0
S02336,8,morning,25.0,0.861,90.8,0,80.2,82.3,1.0,100.0,8.47,100.0,84.8,4,1,7,0.9597,1
S02337,21,evening,12.6,0.564,100.0,0,70.9,86.4,18.2,58.1,6.25,100.0,47.3,1,1,6,0.5028,0
S02338,12,afternoon,17.2,0.493,78.6,0,70.0,63.4,6.1,63.6,7.98,100.0,70.1,3,0,2,0.7121,0
S02339,17,afternoon,13.7,0.597,90.9,0,69.9,80.7,8.5,65.3,7.08,100.0,68.0,2,2,3,0.6571,1
S02340,21,evening,17.4,0.992,100.0,1,86.2,81.9,1.6,69.0,8.91,100.0,89.7,4,0,1,0.7228,0
S02341,22,night,6.8,0.57,81.0,0,65.9,57.0,10.6,53.7,7.58,100.0,46.5,2,1,7,0.3637,0
S02342,20,evening,8.3,0.434,38.6,0,46.2,38.4,16.9,28.1,2.69,100.0,39.2,1,0,8,0.0199,0
S02343,21,evening,4.9,0.625,49.9,2,53.8,29.7,13.3,64.9,7.39,100.0,60.4,1,1,3,0.3796,0
S02344,22,night,7.1,0.549,72.0,2,76.8,62.5,5.5,65.1,6.43,100.0,60.1,0,1,4,0.1737,1
S02345,23,night,8.6,0.075,72.9,2,53.4,53.4,12.2,51.5,5.1,100.0,28.3,0,0,4,0.0115,0
S02346,15,afternoon,10.6,0.338,75.3,0,54.2,78.6,13.8,63.7,4.9,100.0,69.2,0,0,2,0.1719,0
S02347,3,late_night,11.0,0.312,97.6,1,52.9,48.0,14.3,37.8,4.37,100.0,74.8,1,1,8,0.3412,0
S02348,2,late_night,13.9,0.626,88.5,1,76.7,49.8,9.5,85.6,6.21,100.0,66.3,1,1,4,0.2134,0
S02349,19,evening,21.8,0.859,71.1,2,82.9,64.7,13.5,72.8,6.92,100.0,40.4,1,1,6,0.711,0
S02350,7,morning,14.6,0.842,58.2,0,75.9,66.4,10.3,71.7,7.28,100.0,57.2,1,1,1,0.3095,0
S02351,19,evening,14.8,1.0,92.7,1,64.1,80.0,16.3,67.2,6.81,100.0,45.1,3,2,1,0.3633,0
S02352,22,night,12.7,0.392,69.6,0,55.5,58.1,10.9,58.4,4.67,100.0,50.9,3,0,0,0.0517,0
S02353,15,afternoon,16.6,0.899,49.0,3,71.9,45.4,14.4,64.8,4.76,100.0,59.0,1,0,2,0.1026,0
S02354,18,evening,10.7,0.69,60.9,0,59.2,53.0,17.3,50.1,5.21,100.0,57.7,0,0,2,0.0567,0
S02355,6,morning,7.2,0.176,37.6,1,36.9,34.2,9.8,23.8,4.88,100.0,63.0,0,0,4,0.0185,0
S02356,10,morning,15.4,0.667,64.8,0,68.4,51.7,13.5,82.6,6.91,100.0,65.3,1,1,3,0.2633,1
S02357,23,night,5.7,0.847,72.7,3,76.9,71.2,8.8,57.2,8.72,100.0,41.1,1,2,2,0.28,0
S02358,19,evening,8.5,0.72,66.1,1,72.8,68.4,5.5,76.1,7.79,100.0,72.5,1,0,3,0.5776,1
S02359,4,late_night,16.4,0.758,75.3,0,79.7,76.4,7.2,93.3,8.54,100.0,60.1,4,2,6,0.8724,1
S02360,22,night,15.9,0.66,71.4,0,83.7,73.6,9.5,75.2,8.21,100.0,61.8,2,0,7,0.8295,0
S02361,11,morning,11.3,0.0,51.3,2,43.7,40.3,7.7,53.9,4.62,74.8,48.8,0,1,6,0.0485,0
S02362,20,evening,11.0,0.511,52.1,2,72.8,63.9,12.8,31.8,5.95,100.0,54.9,3,0,2,0.1336,0
S02363,12,afternoon,15.8,0.48,66.6,2,61.4,43.3,10.2,43.5,7.87,100.0,73.1,1,0,6,0.2228,0
S02364,14,afternoon,14.6,0.715,76.8,0,91.0,100.0,11.1,89.5,10.0,100.0,77.6,2,1,5,0.8015,1
S02365,3,late_night,16.4,0.856,90.6,0,96.9,80.8,6.5,80.6,8.49,100.0,46.1,2,1,5,0.8524,1
S02366,8,morning,10.0,0.428,82.0,0,54.8,69.0,14.5,87.6,9.31,100.0,39.2,2,0,3,0.5308,0
S02367,17,afternoon,12.4,0.653,84.8,2,57.5,52.8,14.3,67.3,6.53,100.0,62.4,0,0,3,0.1459,0
S02368,20,evening,1.8,0.514,91.2,1,42.8,34.7,13.6,33.2,5.86,100.0,57.8,1,1,2,0.0551,0
S02369,2,late_night,15.8,0.588,86.5,2,69.5,49.5,15.5,85.9,8.87,100.0,78.7,1,2,6,0.6227,0
S02370,1,late_night,2.8,0.372,67.9,3,34.7,32.0,21.9,35.6,4.57,100.0,46.9,1,0,1,0.0093,0
S02371,16,afternoon,9.8,0.276,79.2,3,53.4,31.9,11.6,69.7,7.67,100.0,57.8,2,4,4,0.2196,0
S02372,10,morning,15.2,0.683,76.1,0,58.9,40.2,9.3,55.3,5.4,100.0,61.5,3,1,6,0.5291,0
S02373,20,evening,17.7,0.826,83.5,0,81.5,60.8,10.5,100.0,7.99,100.0,41.2,2,1,1,0.5364,0
S02374,1,late_night,4.4,0.549,66.7,1,64.7,67.7,7.0,51.0,4.27,100.0,28.7,0,1,2,0.0641,0
S02375,8,morning,2.0,0.284,35.2,4,7.5,8.4,11.7,34.3,4.07,100.0,51.4,0,0,6,0.0027,0
S02376,0,late_night,7.5,0.497,86.6,0,64.8,64.6,16.2,69.4,8.38,100.0,63.6,4,1,1,0.4576,0
S02377,17,afternoon,3.1,0.141,63.9,1,49.9,61.6,15.7,51.4,4.79,100.0,71.0,2,0,5,0.0521,0
S02378,20,evening,12.6,0.748,92.1,0,59.9,68.8,8.5,50.5,6.26,100.0,82.9,2,0,2,0.3178,0
S02379,3,late_night,14.0,0.675,83.0,3,59.3,53.2,24.7,87.5,6.18,100.0,50.0,0,1,2,0.0793,0
S02380,7,morning,12.9,0.402,58.4,0,48.4,50.7,7.0,51.7,5.98,100.0,48.1,2,0,1,0.098,0
S02381,20,evening,16.8,0.75,95.0,0,54.0,71.2,12.9,62.9,6.32,100.0,39.4,2,1,5,0.5641,1
S02382,0,late_night,7.4,0.572,19.3,2,43.8,61.9,11.9,43.8,4.85,100.0,53.6,0,0,5,0.111,0
S02383,22,night,9.4,0.7,94.8,1,43.9,55.7,20.2,58.6,7.5,100.0,21.0,0,1,6,0.2478,0
S02384,21,evening,9.8,0.54,55.4,1,72.2,75.6,8.5,61.3,6.75,100.0,44.5,0,2,4,0.2382,1
S02385,3,late_night,8.4,0.16,72.5,0,43.3,76.6,12.1,66.7,6.05,100.0,55.9,0,1,1,0.0527,0
S02386,3,late_night,1.9,0.045,63.5,3,47.6,38.8,8.0,46.1,4.95,75.4,35.5,0,0,3,0.0059,0
S02387,16,afternoon,10.6,0.588,92.2,0,67.5,81.1,19.0,69.6,6.84,100.0,58.3,1,0,3,0.3803,1
S02388,0,late_night,15.7,1.0,74.1,1,73.6,79.5,7.3,81.1,8.01,100.0,58.6,2,2,4,0.8728,1
S02389,12,afternoon,11.4,0.398,37.5,2,57.0,62.9,14.0,51.3,6.07,100.0,38.1,3,0,4,0.2576,0
S02390,1,late_night,18.4,0.137,49.4,3,32.4,19.0,15.9,33.4,4.76,93.4,12.2,0,0,4,0.0207,0
S02391,12,afternoon,8.7,0.533,72.4,0,66.1,54.3,8.4,69.5,7.21,100.0,69.7,2,1,6,0.5132,1
S02392,8,morning,6.5,0.195,26.0,1,51.9,28.6,6.4,54.9,3.27,100.0,42.4,1,0,1,0.0078,0
S02393,16,afternoon,7.2,0.594,73.2,1,48.4,72.9,10.5,62.5,5.04,100.0,61.9,2,0,4,0.2283,0
S02394,21,evening,7.8,0.161,46.8,3,42.9,55.6,12.7,48.4,3.39,100.0,48.8,0,1,7,0.0115,0
S02395,11,morning,7.1,0.593,70.5,0,56.6,57.8,15.6,23.9,4.81,100.0,46.9,1,1,5,0.1247,0
S02396,15,afternoon,14.1,0.455,62.8,2,62.9,51.7,21.5,48.8,6.84,100.0,54.8,0,1,2,0.0914,0
S02397,14,afternoon,9.7,1.0,98.0,1,71.2,61.9,14.9,40.2,5.57,100.0,51.0,0,0,2,0.0774,1
S02398,23,night,9.3,0.219,61.0,3,51.7,55.5,16.7,38.1,5.54,100.0,46.1,2,2,4,0.2226,0
S02399,5,late_night,12.0,0.956,81.2,0,53.9,65.0,9.6,72.9,6.49,100.0,43.5,5,1,3,0.5519,1
S02400,5,late_night,5.1,0.761,63.2,1,43.6,47.9,7.6,96.9,5.17,100.0,89.6,0,3,3,0.2367,0
S02401,9,morning,12.3,0.615,53.5,1,68.8,53.9,8.9,75.1,9.78,100.0,76.0,0,1,2,0.3031,1
S02402,17,afternoon,11.3,0.513,69.2,2,71.0,60.1,8.5,69.1,6.01,100.0,79.1,3,1,1,0.3154,1
S02403,20,evening,10.2,0.261,75.7,2,49.1,47.0,13.2,45.2,4.38,100.0,69.9,0,1,4,0.1562,0
S02404,6,morning,11.6,0.238,72.1,2,46.3,59.5,11.8,39.9,4.65,100.0,45.6,0,0,0,0.0264,0
S02405,2,late_night,6.1,0.303,52.4,0,44.2,49.7,8.6,68.6,4.76,100.0,42.4,1,0,2,0.0635,0
S02406,14,afternoon,11.9,0.598,50.5,1,63.8,63.8,16.5,55.5,6.25,100.0,56.8,2,0,3,0.1797,0
S02407,14,afternoon,4.1,0.176,76.8,1,51.3,77.8,12.1,34.1,6.4,100.0,47.4,1,0,0,0.1268,0
S02408,8,morning,7.0,0.653,57.3,2,21.5,27.1,15.4,38.9,3.16,100.0,53.9,0,0,1,0.0061,0
S02409,4,late_night,7.6,0.418,78.4,2,63.0,62.9,8.7,50.9,5.32,100.0,39.6,2,0,0,0.0348,0
S02410,20,evening,12.3,0.428,58.7,4,59.7,44.2,11.9,59.2,4.8,100.0,33.6,2,0,1,0.0339,0
S02411,20,evening,22.0,0.661,57.3,0,68.3,66.4,5.4,98.1,8.14,100.0,45.0,1,1,5,0.7895,0
S02412,17,afternoon,6.1,0.241,64.4,4,35.5,29.1,10.6,47.7,5.34,100.0,39.9,0,0,1,0.0055,0
S02413,13,afternoon,3.6,0.262,58.3,1,49.4,55.5,15.5,48.9,5.73,100.0,39.3,1,0,3,0.0545,0
S02414,6,morning,15.3,0.716,99.8,0,61.9,70.4,7.9,82.1,9.13,100.0,52.4,5,0,1,0.4616,0
S02415,9,morning,17.5,0.751,81.3,1,79.9,71.4,12.3,100.0,6.68,100.0,64.4,1,0,5,0.3048,1
S02416,1,late_night,8.5,0.599,63.4,2,47.8,47.5,12.0,81.1,4.64,100.0,33.0,2,0,4,0.2468,0
S02417,5,late_night,7.8,0.501,71.2,1,40.2,44.5,13.7,51.3,4.89,100.0,62.3,1,1,2,0.0711,0
S02418,10,morning,16.1,0.783,66.0,0,85.2,81.0,11.1,80.2,7.17,100.0,42.2,1,1,4,0.4043,0
S02419,10,morning,7.0,0.199,41.7,2,28.7,48.0,18.2,57.8,2.86,100.0,23.4,0,0,4,0.0096,0
S02420,1,late_night,5.0,0.317,53.6,3,42.9,32.0,12.4,49.8,3.76,100.0,34.2,1,0,3,0.0056,0
S02421,22,night,4.5,0.46,53.9,1,45.4,60.6,16.2,58.1,6.88,100.0,51.2,1,1,4,0.2887,0
S02422,6,morning,18.5,0.983,79.0,0,94.1,91.4,4.2,73.1,9.27,100.0,77.2,3,0,6,0.9296,1
S02423,12,afternoon,7.6,0.549,95.6,2,74.2,53.2,13.0,58.4,6.71,100.0,51.3,0,0,1,0.0644,0
S02424,11,morning,13.2,0.534,86.4,1,46.2,48.9,7.0,49.4,6.93,100.0,31.5,2,1,2,0.3809,1
S02425,11,morning,16.0,0.682,83.7,0,72.0,69.0,9.2,85.2,7.08,100.0,69.1,7,0,4,0.6018,0
S02426,20,evening,10.8,0.844,100.0,1,98.6,92.4,11.3,100.0,8.84,100.0,74.7,3,1,3,0.857,1
S02427,17,afternoon,10.6,0.47,53.0,3,48.4,54.6,15.4,50.9,7.01,100.0,42.8,1,1,2,0.2127,1
S02428,20,evening,14.0,0.536,100.0,2,63.9,36.3,16.3,56.4,7.14,100.0,57.5,0,0,3,0.1696,0
S02429,9,morning,20.0,0.712,77.7,0,65.1,78.3,7.1,69.4,9.39,100.0,87.5,0,0,3,0.6534,1
S02430,6,morning,7.9,0.475,87.9,2,33.9,27.8,18.7,50.9,5.78,100.0,32.9,1,0,1,0.0165,0
S02431,10,morning,7.2,0.87,100.0,0,75.4,83.0,7.2,73.2,7.3,100.0,75.6,1,0,2,0.5832,1
S02432,13,afternoon,14.1,0.754,35.6,1,41.9,35.4,12.2,33.5,6.01,100.0,67.9,0,1,2,0.0348,0
S02433,8,morning,14.0,0.445,92.8,3,57.6,53.9,12.3,98.1,6.23,100.0,58.3,1,1,3,0.1451,0
S02434,11,morning,6.5,0.647,63.8,1,41.9,48.7,15.9,38.0,6.83,100.0,35.1,2,0,3,0.1905,1
S02435,3,late_night,6.0,0.024,53.8,0,55.0,54.1,11.7,34.2,6.67,75.7,68.9,0,0,3,0.0464,0
S02436,14,afternoon,10.0,0.568,70.0,2,34.8,55.9,16.7,62.5,6.97,100.0,62.8,1,0,0,0.0917,0
S02437,17,afternoon,15.5,0.3,57.1,2,78.7,67.8,12.4,72.9,7.4,100.0,64.9,1,0,1,0.1667,0
S02438,12,afternoon,13.0,0.502,85.5,0,65.1,85.2,11.4,64.4,7.99,100.0,60.2,1,0,5,0.3104,1
S02439,20,evening,14.9,0.597,54.9,2,66.5,71.0,8.8,51.2,7.75,100.0,71.6,2,1,4,0.4143,0
S02440,23,night,5.0,0.436,73.2,2,67.9,37.3,10.3,68.3,5.71,100.0,42.7,3,1,2,0.0647,0
S02441,21,evening,9.5,0.484,94.6,1,57.0,73.1,10.5,72.8,8.57,100.0,71.3,2,0,7,0.4711,0
S02442,2,late_night,1.0,0.307,68.0,3,42.6,40.0,15.3,42.9,5.56,100.0,44.3,0,0,5,0.0237,0
S02443,21,evening,10.6,0.807,70.5,4,64.3,53.3,7.3,82.1,7.45,100.0,34.3,0,2,1,0.4099,1
S02444,8,morning,20.5,0.486,84.7,1,65.9,65.6,5.2,77.9,6.95,100.0,44.8,1,0,1,0.2983,0
S02445,10,morning,28.0,0.93,69.7,0,78.3,100.0,1.0,100.0,8.19,100.0,76.7,3,2,3,0.9766,1
S02446,9,morning,11.8,0.418,54.4,1,60.8,70.2,15.7,57.3,7.56,100.0,56.1,1,0,3,0.1458,0
S02447,6,morning,8.1,0.645,59.9,1,47.6,35.4,16.7,66.7,6.4,100.0,58.9,2,1,0,0.1328,0
S02448,21,evening,13.4,0.835,88.0,1,68.1,76.2,2.4,67.7,6.98,100.0,54.1,1,1,4,0.5276,0
S02449,15,afternoon,16.4,0.306,82.6,1,79.9,93.1,10.7,77.5,7.75,100.0,63.1,2,1,3,0.5353,0
S02450,23,night,4.1,0.679,73.7,0,59.3,72.5,11.6,60.4,5.57,100.0,61.2,1,2,1,0.4223,0
S02451,22,night,8.5,0.367,66.4,2,48.9,10.9,17.7,67.7,4.35,100.0,88.0,0,0,5,0.0589,0
S02452,10,morning,19.4,0.678,62.5,3,76.9,91.7,10.1,74.2,6.92,100.0,52.4,1,1,1,0.4371,0
S02453,17,afternoon,5.3,0.238,85.7,1,56.7,57.9,15.8,30.2,4.18,100.0,65.4,1,1,5,0.0739,0
S02454,12,afternoon,7.8,0.563,56.2,2,48.0,24.6,11.1,50.0,6.29,100.0,62.2,1,0,7,0.1734,0
S02455,11,morning,12.3,1.0,77.0,2,55.9,50.1,9.1,64.0,8.18,100.0,57.4,0,1,6,0.3393,0
S02456,17,afternoon,16.1,0.725,76.3,1,82.0,87.0,13.1,78.6,6.95,100.0,41.5,4,1,3,0.8822,1
S02457,16,afternoon,7.7,0.367,73.6,4,60.5,53.9,17.5,65.2,6.63,100.0,72.2,2,2,5,0.1862,0
S02458,21,evening,6.8,0.227,46.2,1,22.9,25.3,10.6,48.3,3.83,100.0,47.7,0,0,3,0.0128,0
S02459,18,evening,8.7,0.0,70.5,2,26.9,32.0,20.4,32.5,4.37,63.9,34.6,0,1,2,0.0162,0
S02460,14,afternoon,16.1,0.651,80.6,1,51.8,46.9,10.6,59.2,4.24,100.0,34.2,0,0,3,0.1258,0
S02461,22,night,7.6,0.416,74.4,1,32.5,32.7,5.3,37.8,5.67,100.0,51.0,1,1,3,0.1169,0
S02462,2,late_night,11.4,0.317,71.1,0,66.2,54.3,12.4,75.5,7.68,100.0,40.0,0,0,5,0.0996,0
S02463,18,evening,14.5,0.168,54.0,2,65.1,52.1,16.4,64.9,5.38,100.0,39.3,3,0,10,0.1777,0
S02464,9,morning,7.7,0.448,100.0,2,55.3,39.8,7.3,54.1,6.26,100.0,41.9,0,0,3,0.0195,0
S02465,10,morning,4.4,0.62,48.9,0,41.5,30.9,5.6,45.7,6.18,100.0,51.0,4,0,0,0.1104,0
S02466,18,evening,11.7,0.254,79.7,0,56.5,44.2,10.9,48.8,5.77,100.0,61.4,1,0,3,0.0586,0
S02467,6,morning,20.3,0.971,85.6,1,86.2,65.8,6.8,63.4,9.26,100.0,58.2,3,1,2,0.7295,1
S02468,21,evening,15.4,0.631,74.4,0,68.9,60.0,16.2,58.2,6.71,100.0,55.8,2,0,3,0.451,0
S02469,11,morning,11.7,0.366,72.9,2,65.0,37.5,12.0,60.0,4.95,100.0,56.7,0,1,4,0.1327,0
S02470,8,morning,4.8,0.387,58.7,0,46.5,54.4,15.9,50.2,5.07,100.0,41.0,3,1,2,0.2765,1
S02471,7,morning,10.5,0.835,72.9,1,47.6,62.3,13.7,37.9,6.64,100.0,43.6,1,1,2,0.1785,0
S02472,10,morning,17.9,0.322,77.4,1,73.0,52.8,17.6,59.8,6.47,100.0,50.0,3,0,6,0.1267,0
S02473,22,night,8.8,0.491,100.0,0,59.9,58.4,7.3,69.5,7.24,100.0,62.8,2,2,3,0.5851,1
S02474,2,late_night,8.3,0.604,78.8,2,23.2,43.0,13.5,47.9,5.26,100.0,73.7,4,1,7,0.2991,0
S02475,12,afternoon,10.6,0.599,78.0,2,57.4,47.6,5.7,51.7,6.72,100.0,36.5,3,0,6,0.0918,0
S02476,20,evening,3.1,0.087,62.4,2,38.8,41.4,19.3,11.0,5.36,100.0,46.4,0,0,3,0.0121,0
S02477,11,morning,13.6,0.775,99.3,0,73.1,50.3,16.0,78.1,8.26,100.0,52.8,4,1,0,0.3829,0
S02478,13,afternoon,16.1,0.867,61.5,0,85.6,62.4,14.0,69.9,6.37,100.0,57.0,0,0,0,0.0779,0
S02479,8,morning,12.9,0.574,65.0,1,57.5,44.9,12.1,62.8,7.12,100.0,46.0,0,1,3,0.1665,1
S02480,3,late_night,13.5,0.7,55.9,0,88.4,95.5,2.4,84.2,8.69,100.0,83.0,4,2,3,0.9008,1
S02481,15,afternoon,2.8,0.326,71.3,2,50.6,42.9,13.4,58.3,4.31,100.0,13.3,2,1,1,0.022,0
S02482,22,night,13.7,0.64,84.5,0,66.1,85.0,8.9,67.3,7.23,100.0,39.3,0,0,3,0.2738,0
S02483,12,afternoon,9.9,0.282,54.8,1,57.7,61.7,15.8,62.8,8.31,100.0,71.1,0,0,2,0.0657,0
S02484,10,morning,19.1,0.801,90.7,1,62.7,70.5,10.5,70.1,5.65,100.0,71.9,2,0,2,0.1517,0
S02485,3,late_night,19.2,0.873,58.3,1,51.3,52.5,10.4,72.5,6.15,100.0,80.7,0,2,2,0.3447,0
S02486,22,night,20.3,0.519,65.7,1,81.1,48.2,20.5,79.8,5.01,100.0,60.2,3,0,7,0.2926,0
S02487,20,evening,10.8,0.748,78.6,2,46.3,69.5,13.5,61.3,7.32,100.0,67.3,3,1,6,0.7981,1
S02488,21,evening,18.4,0.994,100.0,0,82.2,69.1,13.5,80.1,8.18,100.0,35.3,0,0,1,0.4626,1
S02489,8,morning,15.5,0.941,57.1,1,63.2,34.0,10.0,42.7,8.47,100.0,55.0,2,2,8,0.712,1
S02490,15,afternoon,17.5,0.984,80.9,2,73.5,81.6,6.0,65.2,6.46,100.0,68.3,6,2,5,0.861,1
S02491,10,morning,8.5,0.098,76.0,1,39.8,48.6,17.7,51.9,6.69,100.0,43.5,0,0,3,0.0834,0
S02492,5,late_night,19.4,0.602,84.7,1,52.4,60.3,16.4,79.3,7.64,100.0,58.2,2,1,2,0.2773,0
S02493,4,late_night,9.7,0.536,73.0,5,56.9,51.8,8.4,52.2,7.9,100.0,68.9,1,0,4,0.0757,0
S02494,9,morning,15.8,0.615,90.1,1,86.5,73.8,7.7,82.1,7.87,100.0,83.4,3,1,3,0.68,1
S02495,13,afternoon,12.5,1.0,79.4,0,88.7,100.0,3.9,82.2,8.88,100.0,72.0,2,3,2,0.9461,1
S02496,2,late_night,14.2,0.858,94.3,1,66.6,61.5,14.2,53.7,7.21,100.0,53.5,1,1,5,0.2267,0
S02497,16,afternoon,4.4,0.058,50.8,1,29.1,25.4,20.7,28.3,4.58,77.4,52.8,0,0,0,0.0031,0
S02498,10,morning,12.2,0.435,62.0,1,56.7,58.6,11.6,64.3,6.83,100.0,46.2,2,0,1,0.0776,0
S02499,21,evening,16.6,0.585,100.0,0,87.0,74.8,8.1,71.0,8.42,100.0,78.1,4,1,4,0.7396,1
S02500,6,morning,14.4,0.594,65.0,2,63.5,67.9,3.1,39.0,5.63,100.0,50.4,0,1,5,0.2428,0
S02501,1,late_night,12.6,0.542,76.8,2,74.8,76.2,7.7,72.4,7.3,100.0,67.7,1,0,4,0.1043,0
S02502,7,morning,18.2,0.892,67.2,0,55.8,58.1,16.0,61.9,8.11,100.0,60.8,2,0,6,0.8735,1
S02503,23,night,12.7,0.445,100.0,1,59.7,54.4,13.0,69.6,6.29,100.0,48.6,2,0,4,0.1331,0
S02504,7,morning,9.8,0.209,100.0,0,80.1,70.0,13.3,61.8,8.13,100.0,67.7,2,1,7,0.3935,0
S02505,16,afternoon,17.0,0.367,75.7,0,90.1,67.6,8.7,72.3,5.68,100.0,54.6,1,3,2,0.2328,0
S02506,20,evening,13.3,0.573,90.0,0,78.4,93.2,7.9,44.3,8.43,100.0,79.0,2,1,0,0.7118,1
S02507,6,morning,7.8,0.473,72.9,3,54.0,46.0,11.4,65.5,7.58,100.0,42.2,2,1,2,0.123,0
S02508,15,afternoon,10.6,0.723,72.0,1,89.7,70.3,11.5,61.5,8.46,100.0,63.8,0,0,0,0.3166,0
S02509,4,late_night,12.2,0.288,69.3,2,55.1,47.1,18.1,43.4,6.86,100.0,42.2,1,1,1,0.0737,0
S02510,8,morning,9.8,0.218,64.6,0,59.4,70.0,10.5,64.6,4.95,100.0,69.4,0,0,2,0.0767,1
S02511,7,morning,8.6,0.62,60.8,1,77.1,92.5,8.0,79.4,6.91,100.0,76.0,6,1,3,0.8425,1
S02512,16,afternoon,11.1,0.359,75.7,0,64.0,63.9,8.4,61.4,7.68,100.0,55.6,2,0,1,0.3092,0
S02513,21,evening,19.1,0.56,75.8,0,64.0,80.9,2.5,62.2,7.79,100.0,59.6,1,2,6,0.85,1
S02514,6,morning,10.6,0.449,75.7,2,84.1,43.9,15.4,74.1,7.13,100.0,81.0,1,0,5,0.169,1
S02515,6,morning,9.6,0.6,64.1,3,64.9,74.1,20.2,50.3,7.54,100.0,62.9,1,0,6,0.1367,0
S02516,19,evening,16.2,0.354,64.7,0,77.8,48.1,15.0,80.0,4.9,100.0,43.7,2,1,1,0.1887,0
S02517,11,morning,19.5,0.694,94.6,0,69.3,93.2,10.0,92.6,9.88,100.0,77.6,2,1,7,0.9205,1
S02518,12,afternoon,17.8,0.524,82.4,1,48.4,72.4,18.3,85.2,6.55,100.0,49.9,0,0,5,0.2097,0
S02519,16,afternoon,1.0,0.455,77.2,1,36.5,37.2,17.3,54.8,5.44,100.0,47.0,0,0,7,0.05,0
S02520,3,late_night,18.3,0.487,75.7,2,82.6,69.6,15.6,52.4,6.25,100.0,22.2,2,0,5,0.1067,0
S02521,20,evening,19.9,1.0,81.3,0,78.2,94.9,9.0,82.2,8.11,100.0,77.9,3,0,4,0.9337,1
S02522,8,morning,21.2,0.287,77.5,2,68.0,56.3,13.6,57.2,4.76,100.0,43.7,3,1,4,0.2046,1
S02523,15,afternoon,3.5,0.27,25.9,3,28.1,27.7,15.1,52.3,3.85,100.0,41.1,0,0,3,0.0098,0
S02524,10,morning,10.6,0.719,100.0,1,74.4,86.0,11.5,82.7,9.05,100.0,45.5,1,2,4,0.7564,1
S02525,18,evening,14.1,0.407,79.6,0,67.4,66.3,6.3,66.6,7.61,100.0,61.8,3,2,4,0.378,0
S02526,14,afternoon,10.7,0.526,100.0,2,80.3,61.3,13.8,81.1,7.38,100.0,55.6,2,1,2,0.3665,1
S02527,4,late_night,13.5,0.841,54.0,1,66.5,65.0,9.3,54.0,5.4,100.0,33.7,3,2,2,0.3235,1
S02528,4,late_night,19.5,0.542,61.9,1,52.5,78.8,11.9,66.4,8.44,100.0,62.0,3,1,5,0.8171,1
S02529,21,evening,10.0,0.443,71.2,2,60.2,52.6,22.7,51.2,5.97,100.0,47.8,1,1,5,0.0586,0
S02530,12,afternoon,14.5,0.46,84.6,1,62.3,66.2,12.5,87.5,8.4,100.0,80.2,2,1,2,0.5536,1
S02531,6,morning,15.7,0.339,79.4,1,59.7,69.5,15.6,70.2,7.61,100.0,47.6,6,2,3,0.6508,0
S02532,3,late_night,11.7,0.429,74.7,1,68.0,41.1,15.1,70.2,6.3,100.0,63.7,2,0,8,0.0987,0
S02533,3,late_night,11.1,0.482,61.7,1,75.7,50.5,2.4,66.4,6.91,100.0,33.8,0,0,2,0.0429,0
S02534,22,night,15.6,0.443,46.3,2,71.4,62.8,11.8,33.8,6.77,100.0,55.2,2,2,5,0.374,1
S02535,23,night,20.2,0.662,82.6,0,75.9,83.3,11.7,60.7,8.44,100.0,66.6,4,0,5,0.9426,1
S02536,9,morning,13.7,0.091,43.8,3,53.1,45.6,5.4,49.1,7.05,83.3,55.9,0,0,3,0.0848,0
S02537,4,late_night,6.5,0.182,36.4,1,54.0,37.7,14.1,47.9,4.08,100.0,43.5,0,1,3,0.0072,0
S02538,10,morning,5.3,0.743,69.2,1,51.6,71.0,10.5,56.9,6.01,100.0,84.7,0,0,4,0.3285,0
S02539,3,late_night,13.3,0.373,81.5,0,85.8,75.0,5.8,56.8,8.48,100.0,53.4,2,0,5,0.3805,0
S02540,13,afternoon,10.4,0.551,100.0,2,58.4,62.3,7.2,63.5,5.74,100.0,65.1,2,0,6,0.3419,1
S02541,15,afternoon,12.7,0.67,88.0,0,67.5,51.9,16.5,82.4,7.98,100.0,52.7,2,0,1,0.3454,0
S02542,23,night,8.4,0.345,88.9,1,51.2,58.2,1.0,32.6,5.24,100.0,40.5,0,0,0,0.0304,0
S02543,7,morning,14.3,0.736,86.1,1,57.9,92.5,11.5,38.8,6.74,100.0,41.9,3,3,3,0.8126,1
S02544,4,late_night,7.7,0.239,75.1,1,64.1,46.3,16.7,82.3,6.37,100.0,41.0,0,0,4,0.0772,0
S02545,3,late_night,5.4,0.655,100.0,1,56.5,49.7,12.9,38.3,4.51,100.0,61.1,2,0,4,0.138,0
S02546,9,morning,16.0,0.576,47.7,2,55.2,49.0,18.3,53.7,5.19,100.0,73.0,1,0,5,0.1198,0
S02547,14,afternoon,14.2,0.864,80.0,0,82.7,100.0,6.2,66.2,7.05,100.0,76.1,3,1,6,0.8889,1
S02548,1,late_night,6.8,0.515,51.1,1,54.4,22.2,11.8,39.3,5.26,100.0,39.6,1,0,4,0.0339,0
S02549,18,evening,17.3,0.559,87.4,0,87.9,63.1,11.0,65.9,7.04,100.0,48.6,2,0,1,0.4571,1
S02550,11,morning,10.6,0.175,41.9,4,52.4,30.1,13.8,62.9,4.67,100.0,47.4,2,0,4,0.029,0
S02551,19,evening,14.9,0.808,80.6,0,61.5,41.4,9.9,69.5,6.32,100.0,38.7,2,1,4,0.4402,0
S02552,11,morning,11.9,0.853,75.2,0,38.4,36.2,12.1,41.8,6.01,100.0,65.7,0,2,3,0.0863,0
S02553,3,late_night,8.6,0.099,65.5,3,41.3,35.6,13.0,16.2,3.72,96.6,48.0,0,0,7,0.0137,0
S02554,0,late_night,18.7,0.586,85.0,0,71.4,72.0,7.9,72.3,7.88,100.0,42.8,1,0,3,0.2068,0
S02555,13,afternoon,12.6,0.702,90.0,1,63.2,46.0,8.3,51.6,4.32,100.0,75.1,1,1,6,0.196,0
S02556,12,afternoon,1.0,0.219,52.5,2,23.4,45.5,17.9,30.2,2.75,100.0,24.3,0,0,3,0.013,0
S02557,19,evening,12.4,0.795,84.7,2,78.6,42.7,6.3,85.5,8.78,100.0,60.8,2,3,2,0.495,0
S02558,21,evening,19.1,0.921,70.4,0,92.8,63.0,4.2,56.7,8.35,100.0,76.1,2,0,4,0.7415,0
S02559,3,late_night,14.0,0.661,67.4,1,68.1,69.0,4.7,74.0,6.11,100.0,75.0,0,1,1,0.2831,0
S02560,7,morning,19.6,0.688,99.3,3,71.2,62.9,12.1,73.5,7.21,100.0,47.8,0,0,4,0.2748,0
S02561,4,late_night,11.9,0.556,58.2,3,52.4,53.2,14.6,48.3,4.96,100.0,49.1,1,2,2,0.1422,0
S02562,2,late_night,16.3,0.506,90.2,1,74.9,74.2,12.3,92.2,9.26,100.0,48.6,1,3,3,0.6922,1
S02563,0,late_night,21.5,0.604,91.4,0,70.7,87.4,9.5,68.4,9.27,100.0,68.4,5,5,3,0.9691,1
S02564,1,late_night,14.7,0.59,96.7,1,70.1,91.4,11.9,73.6,9.84,100.0,74.1,2,0,5,0.7895,0
S02565,12,afternoon,9.9,0.594,37.6,1,45.3,54.4,13.7,43.3,5.17,100.0,20.7,0,0,0,0.088,0
S02566,3,late_night,16.2,0.772,85.0,1,66.5,61.5,13.4,31.3,5.5,100.0,64.5,4,0,2,0.3646,1
S02567,4,late_night,7.4,0.766,72.6,4,74.2,63.2,12.9,61.8,6.44,100.0,50.3,1,0,3,0.2029,0
S02568,2,late_night,5.4,0.367,46.5,3,50.4,45.9,12.7,51.6,3.99,100.0,42.7,1,0,3,0.0297,0
S02569,17,afternoon,16.7,0.703,70.0,0,59.1,87.2,6.8,54.7,7.4,100.0,41.8,3,0,3,0.483,1
S02570,15,afternoon,19.1,0.946,100.0,0,90.9,97.5,12.9,79.5,7.17,100.0,59.4,1,0,4,0.6088,0
S02571,23,night,19.8,0.728,86.1,1,56.7,61.1,11.2,62.8,7.2,100.0,88.7,4,0,1,0.5468,1
S02572,2,late_night,10.1,0.866,79.9,0,76.6,81.7,13.3,84.6,7.11,100.0,58.8,0,1,6,0.7619,1
S02573,5,late_night,5.8,0.297,54.4,1,62.6,67.5,7.2,59.7,6.19,100.0,55.9,1,0,6,0.1831,0
S02574,10,morning,14.9,0.381,53.4,2,49.9,50.3,10.5,61.5,7.8,100.0,40.8,2,1,1,0.1067,0
S02575,15,afternoon,16.6,0.401,84.3,0,70.2,73.7,5.7,66.6,7.92,100.0,96.0,1,1,4,0.6443,1
S02576,3,late_night,8.8,0.649,44.3,0,48.7,49.7,16.2,46.7,6.33,100.0,57.1,0,0,4,0.2908,0
S02577,5,late_night,10.7,0.736,60.5,4,50.0,58.5,11.5,71.7,6.08,100.0,48.9,3,0,3,0.1195,1
S02578,10,morning,18.8,0.306,100.0,0,87.4,64.0,7.3,63.6,7.63,100.0,76.4,4,3,1,0.6616,1
S02579,0,late_night,12.9,1.0,87.9,0,72.2,56.3,17.1,85.5,7.96,100.0,68.6,6,0,2,0.8915,1
S02580,9,morning,6.2,0.419,73.2,3,56.6,39.4,16.6,66.4,3.84,100.0,46.5,2,0,1,0.042,0
S02581,18,evening,15.7,0.898,61.8,2,86.0,71.8,12.7,71.0,6.33,100.0,58.9,0,1,3,0.4353,0
S02582,12,afternoon,15.4,0.638,50.9,0,72.8,35.2,7.4,61.8,6.53,100.0,31.4,0,2,3,0.2037,0
S02583,10,morning,8.4,0.889,84.7,1,62.2,55.5,3.9,72.1,5.75,100.0,51.6,2,0,6,0.338,0
S02584,11,morning,12.6,0.661,69.4,0,55.8,79.8,15.0,62.6,7.7,100.0,50.2,3,2,3,0.8445,1
S02585,22,night,14.0,0.426,95.6,1,64.8,78.3,1.0,50.2,7.54,100.0,65.8,1,2,2,0.6217,0
S02586,12,afternoon,13.9,0.541,72.8,1,45.1,60.8,9.8,59.9,6.29,100.0,52.3,0,1,6,0.2231,0
S02587,12,afternoon,16.2,0.865,100.0,0,83.8,65.1,5.9,97.3,7.44,100.0,73.7,0,1,4,0.6606,1
S02588,22,night,10.7,0.553,65.4,2,71.2,77.3,7.7,72.2,7.29,100.0,58.4,3,0,7,0.4366,0
S02589,3,late_night,18.9,0.775,80.8,1,68.7,61.7,9.0,69.8,7.86,100.0,46.1,0,0,2,0.2406,1
S02590,2,late_night,7.3,0.412,51.4,2,36.2,47.5,9.4,61.9,4.7,100.0,72.3,1,0,1,0.0417,0
S02591,10,morning,17.3,0.755,100.0,0,82.3,93.1,2.8,84.0,8.35,100.0,62.2,4,0,3,0.8959,1
S02592,7,morning,7.0,0.403,81.9,0,79.4,66.6,12.1,67.5,6.83,100.0,66.1,3,2,5,0.5669,1
S02593,4,late_night,11.3,0.579,62.8,0,74.7,85.9,14.8,64.7,7.61,100.0,39.6,1,0,4,0.3986,0
S02594,2,late_night,9.2,0.35,53.9,2,48.5,42.4,8.3,50.0,5.04,100.0,56.9,0,0,2,0.0266,0
S02595,21,evening,10.8,0.035,85.5,1,83.2,50.5,14.4,46.5,5.49,89.0,25.5,1,0,2,0.0486,0
S02596,14,afternoon,18.1,0.58,100.0,0,78.1,74.3,11.7,71.8,8.57,100.0,91.5,3,3,1,0.9306,0
S02597,16,afternoon,15.1,0.194,52.6,1,41.9,67.2,13.2,75.7,6.68,100.0,67.0,1,0,2,0.1168,0
S02598,2,late_night,14.6,0.14,49.2,3,26.0,28.7,14.9,38.6,3.0,100.0,40.3,0,0,2,0.0068,0
S02599,8,morning,12.1,0.945,100.0,1,75.5,74.8,7.5,80.2,8.98,100.0,69.8,5,0,4,0.8791,0
S02600,14,afternoon,3.9,0.231,64.6,0,53.7,46.3,16.1,63.8,6.88,100.0,32.7,1,0,4,0.1038,0
S02601,12,afternoon,12.0,0.902,85.5,0,75.2,71.8,10.5,76.6,6.68,100.0,60.4,3,0,1,0.3197,0
S02602,16,afternoon,8.9,1.0,86.2,1,57.4,45.8,4.6,56.8,6.58,100.0,65.6,2,1,5,0.4173,1
S02603,16,afternoon,8.7,0.871,53.2,3,54.6,57.6,10.7,48.4,8.03,100.0,64.8,1,1,2,0.3704,0
S02604,9,morning,15.9,0.754,66.8,0,77.9,70.5,9.9,61.8,7.49,100.0,62.0,4,1,3,0.8599,1
S02605,18,evening,14.3,0.587,59.5,2,63.2,67.4,9.4,59.4,6.28,100.0,54.3,3,0,4,0.3262,1
S02606,6,morning,15.2,0.127,81.6,3,65.4,56.0,13.0,58.2,6.52,100.0,65.3,1,1,4,0.123,0
S02607,1,late_night,13.4,0.206,85.2,2,74.7,53.6,14.4,48.0,6.55,100.0,64.7,3,0,3,0.4356,0
S02608,21,evening,23.0,0.68,88.9,1,60.4,64.5,7.0,75.9,9.55,100.0,31.8,3,2,5,0.8036,0
S02609,0,late_night,6.6,0.43,58.8,2,43.8,46.7,15.6,50.0,5.69,100.0,46.9,1,0,3,0.0354,0
S02610,6,morning,1.0,0.519,75.1,0,36.8,58.0,11.4,54.9,4.77,100.0,45.3,0,0,5,0.0903,1
S02611,2,late_night,18.7,0.56,75.8,0,75.8,79.1,5.4,97.0,7.24,100.0,41.2,0,0,3,0.2728,0
S02612,5,late_night,2.8,0.498,75.3,2,51.9,28.9,15.7,62.3,5.79,100.0,35.5,1,2,1,0.0975,0
S02613,9,morning,7.8,0.523,82.0,3,53.0,62.9,17.5,49.4,5.5,100.0,75.1,0,0,5,0.0606,0
S02614,3,late_night,8.5,0.245,82.1,2,52.3,44.5,11.0,50.5,3.34,100.0,33.0,1,0,4,0.0099,0
S02615,11,morning,9.6,0.434,65.2,0,52.8,74.9,17.2,42.0,4.85,100.0,44.6,0,0,3,0.0338,0
S02616,22,night,11.2,0.378,66.0,2,61.2,54.9,12.0,88.6,6.35,100.0,43.0,2,2,4,0.2401,1
S02617,3,late_night,10.1,0.745,98.4,1,75.3,72.7,1.3,57.5,8.33,100.0,66.8,3,1,2,0.5827,0
S02618,22,night,9.6,0.473,85.9,1,57.5,52.6,7.8,58.8,5.98,100.0,54.6,1,1,1,0.3212,1
S02619,9,morning,21.0,0.711,76.6,0,86.7,72.0,11.1,80.3,8.49,100.0,94.0,2,2,5,0.9371,1
S02620,14,afternoon,10.0,0.58,49.4,1,67.3,38.2,6.9,49.5,7.87,100.0,42.8,1,0,3,0.1033,0
S02621,10,morning,6.6,0.653,84.3,0,38.9,53.2,10.9,48.8,7.43,100.0,58.8,0,1,0,0.1204,0
S02622,7,morning,11.6,0.916,59.2,2,81.7,61.0,8.6,95.3,7.28,100.0,35.9,2,1,3,0.4013,1
S02623,2,late_night,9.4,0.373,47.8,2,61.5,45.2,13.4,71.1,7.44,100.0,35.0,0,1,1,0.068,0
S02624,14,afternoon,11.9,0.487,63.1,1,50.4,60.1,13.8,54.1,4.71,100.0,71.7,2,1,5,0.1212,0
S02625,21,evening,12.9,0.344,70.3,2,65.7,61.8,18.6,81.1,6.6,100.0,70.6,4,1,2,0.299,1
S02626,12,afternoon,12.9,0.772,64.9,0,89.2,91.9,6.0,75.5,6.62,100.0,69.8,5,1,3,0.7588,0
S02627,14,afternoon,7.6,0.588,85.1,0,71.7,84.1,9.5,86.9,7.51,100.0,80.7,1,2,2,0.5681,1
S02628,15,afternoon,11.2,0.683,67.5,1,67.1,46.7,15.4,36.9,6.23,100.0,34.0,2,0,5,0.2506,0
S02629,9,morning,8.3,0.7,62.5,1,45.2,72.9,14.9,46.1,6.0,100.0,79.5,1,2,5,0.3799,0
S02630,2,late_night,15.0,0.794,100.0,1,67.0,54.2,16.0,71.5,5.52,100.0,40.0,4,0,4,0.218,0
S02631,12,afternoon,6.0,0.612,68.6,1,39.3,40.2,12.2,54.8,4.73,100.0,53.9,0,0,3,0.1158,0
S02632,20,evening,7.9,0.488,86.5,0,52.9,56.4,14.7,87.1,5.49,100.0,96.2,2,1,2,0.5691,0
S02633,7,morning,12.6,0.466,48.2,0,60.7,63.5,8.3,53.6,6.92,100.0,41.8,0,0,6,0.2962,0
S02634,20,evening,24.9,1.0,57.1,0,69.7,73.2,9.4,82.7,8.96,100.0,82.1,2,1,3,0.8417,1
S02635,20,evening,18.6,0.698,86.6,1,45.9,57.1,11.6,72.3,7.63,100.0,76.7,1,2,2,0.4736,1
S02636,5,late_night,11.6,0.23,95.2,1,62.2,50.2,16.6,68.6,7.17,100.0,45.0,4,0,2,0.2941,1
S02637,13,afternoon,12.8,0.719,53.1,3,65.2,54.6,14.7,68.9,5.69,100.0,85.1,1,0,1,0.0922,0
S02638,17,afternoon,7.0,0.678,77.5,4,66.4,68.7,11.0,69.0,7.13,100.0,45.3,2,0,3,0.1136,0
S02639,11,morning,5.8,0.763,46.8,2,50.6,44.4,12.9,46.7,7.64,100.0,50.9,2,1,3,0.2074,0
S02640,16,afternoon,3.7,0.687,63.9,2,63.3,72.3,13.0,64.4,6.97,100.0,68.2,3,0,3,0.2705,1
S02641,21,evening,18.7,0.533,72.2,0,41.8,37.4,20.9,47.7,7.47,100.0,53.0,1,0,6,0.1552,0
S02642,15,afternoon,15.2,0.71,54.9,2,30.2,49.4,17.4,55.7,4.71,100.0,95.8,3,0,1,0.2594,1
S02643,20,evening,10.7,0.099,42.8,0,56.6,66.1,15.4,17.8,5.43,92.1,30.4,0,0,3,0.0953,0
S02644,19,evening,16.9,0.65,61.7,0,88.0,71.0,3.6,70.9,7.23,100.0,88.0,0,0,3,0.3781,1
S02645,19,evening,5.3,0.349,40.5,3,64.1,56.5,8.9,71.1,6.39,100.0,20.1,1,1,5,0.0702,0
S02646,20,evening,16.0,0.357,90.3,0,83.5,78.0,7.4,90.6,8.54,100.0,21.5,4,0,4,0.4849,1
S02647,5,late_night,17.6,0.648,74.9,0,61.7,48.0,16.7,37.0,6.69,100.0,52.7,0,1,3,0.38,0
S02648,0,late_night,13.4,0.482,81.2,3,70.7,49.7,7.7,72.2,6.24,100.0,67.8,2,1,6,0.471,0
S02649,3,late_night,16.9,1.0,75.5,0,80.9,100.0,9.8,74.6,8.96,100.0,91.7,4,1,2,0.9325,1
S02650,5,late_night,1.8,0.469,76.6,0,49.5,47.8,14.6,45.8,6.53,100.0,72.8,0,0,2,0.1673,0
S02651,16,afternoon,11.8,0.387,65.4,1,34.3,23.4,17.2,50.3,3.2,100.0,46.6,2,0,1,0.0172,0
S02652,12,afternoon,15.6,0.652,80.4,1,72.6,66.6,8.6,64.5,5.44,100.0,70.2,1,1,1,0.3795,0
S02653,11,morning,2.5,0.273,61.0,1,61.5,47.2,11.3,70.0,4.94,100.0,53.7,2,1,3,0.123,0
S02654,0,late_night,8.2,0.565,60.1,1,75.5,31.7,8.1,64.9,7.09,100.0,77.8,1,2,1,0.2398,0
S02655,16,afternoon,5.1,0.646,68.2,1,29.5,62.4,15.6,61.1,5.94,100.0,33.0,0,0,2,0.0669,0
S02656,8,morning,12.3,0.58,96.4,1,60.7,55.6,11.2,77.9,5.84,100.0,46.6,0,0,0,0.21,0
S02657,18,evening,10.0,0.267,79.5,4,45.5,49.4,9.6,62.2,5.53,100.0,62.1,0,0,2,0.0272,0
S02658,2,late_night,9.4,0.283,64.7,0,69.5,60.7,13.3,69.7,5.94,100.0,69.7,1,0,1,0.1518,0
S02659,7,morning,16.5,0.658,81.7,0,50.9,75.9,24.8,59.1,5.43,100.0,77.9,3,1,4,0.7729,1
S02660,1,late_night,9.3,0.288,45.4,3,18.0,49.8,13.2,37.6,5.05,100.0,47.9,0,0,4,0.0396,0
S02661,6,morning,14.1,0.431,75.4,0,59.8,57.1,20.0,50.9,6.47,100.0,43.3,2,0,2,0.1397,0
S02662,22,night,9.5,0.45,54.8,2,65.5,65.4,2.4,63.9,5.84,100.0,63.5,2,1,4,0.1736,0
S02663,11,morning,19.9,0.247,68.9,3,25.0,34.0,13.8,30.9,3.42,100.0,30.0,4,0,4,0.0161,0
S02664,10,morning,8.5,0.545,100.0,2,53.7,77.9,16.7,64.3,7.76,100.0,77.5,1,0,0,0.2415,1
S02665,6,morning,8.7,0.679,62.4,1,76.7,63.9,11.8,67.8,5.64,100.0,48.2,1,0,2,0.1092,1
S02666,6,morning,6.7,0.883,100.0,0,44.4,52.1,10.2,55.4,6.43,100.0,48.5,2,0,1,0.1834,0
S02667,16,afternoon,10.3,0.661,75.2,1,57.8,44.1,12.4,59.8,7.04,100.0,64.6,2,1,2,0.1109,0
S02668,23,night,5.1,0.866,58.6,2,64.8,55.2,16.0,62.6,6.9,100.0,44.0,1,0,9,0.3593,0
S02669,17,afternoon,11.2,0.288,52.8,0,37.9,53.6,21.9,60.1,5.55,100.0,33.8,0,0,1,0.0281,0
S02670,17,afternoon,6.5,0.333,100.0,1,62.7,68.8,14.9,78.6,5.44,100.0,76.4,2,0,3,0.5007,0
S02671,11,morning,17.0,0.763,88.9,0,60.3,100.0,7.1,100.0,9.25,100.0,48.0,1,1,2,0.657,1
S02672,2,late_night,5.2,0.652,57.8,0,52.8,46.8,12.0,58.9,4.82,100.0,56.1,1,0,5,0.1043,1
S02673,17,afternoon,11.9,0.763,70.8,0,57.9,72.9,10.1,59.6,8.01,100.0,58.2,5,3,7,0.901,1
S02674,19,evening,13.7,0.756,74.5,3,59.2,41.1,9.0,36.5,7.35,100.0,25.1,0,0,3,0.0669,0
S02675,12,afternoon,22.3,0.098,72.8,1,70.7,89.3,10.6,49.1,5.68,100.0,41.5,4,1,4,0.1463,0
S02676,2,late_night,12.4,1.0,87.7,1,92.7,65.6,7.8,70.1,6.99,100.0,69.7,2,1,5,0.7205,1
S02677,17,afternoon,12.9,0.693,100.0,1,89.4,90.0,6.2,75.9,6.67,100.0,76.5,4,1,6,0.7874,1
S02678,22,night,3.8,0.0,38.9,0,40.8,31.5,18.9,37.8,5.47,75.3,32.9,0,0,4,0.0154,0
S02679,5,late_night,9.9,0.763,83.3,0,62.3,37.5,12.8,71.9,6.4,100.0,44.4,1,1,2,0.2158,1
S02680,3,late_night,12.8,0.769,78.8,0,71.0,91.5,7.0,66.8,7.95,100.0,71.9,1,2,3,0.744,1
S02681,17,afternoon,14.6,0.593,60.7,1,47.7,55.9,13.0,65.0,5.75,100.0,65.7,0,1,2,0.0963,0
S02682,7,morning,13.0,0.899,94.0,0,76.4,66.5,6.2,83.4,8.38,100.0,75.0,0,3,5,0.7379,1
S02683,17,afternoon,18.9,0.533,42.6,0,46.8,56.0,11.2,49.6,5.11,100.0,54.2,4,0,2,0.3501,1
S02684,16,afternoon,9.2,0.033,22.6,0,47.4,45.2,17.7,50.9,4.15,82.7,38.1,0,0,3,0.0229,0
S02685,6,morning,8.4,0.543,74.5,1,52.4,65.0,13.6,58.3,5.62,100.0,67.6,1,0,3,0.2645,0
S02686,1,late_night,5.3,0.0,53.9,1,34.3,47.0,13.5,27.9,3.5,77.8,43.2,1,0,4,0.0117,0
S02687,13,afternoon,8.1,0.644,47.8,1,61.4,57.7,13.7,66.0,7.3,100.0,63.6,3,3,1,0.6669,0
S02688,9,morning,19.1,1.0,54.6,0,74.2,83.8,9.1,81.1,7.56,100.0,54.9,1,1,4,0.8293,1
S02689,20,evening,1.0,0.015,83.7,2,17.9,25.0,11.8,48.1,3.45,73.7,40.4,2,0,5,0.0098,0
S02690,8,morning,2.8,0.224,66.7,2,44.5,49.3,13.9,59.4,3.42,100.0,55.4,2,0,4,0.1331,0
S02691,5,late_night,6.5,0.219,62.0,0,39.6,37.3,15.8,47.7,5.09,100.0,18.0,0,0,1,0.0117,0
S02692,20,evening,14.5,0.45,100.0,4,71.1,43.6,13.4,59.2,5.61,100.0,74.7,1,0,2,0.0355,0
S02693,17,afternoon,15.8,0.578,82.4,0,65.3,50.4,6.0,54.6,5.09,100.0,52.1,1,0,5,0.0847,0
S02694,14,afternoon,21.7,0.671,100.0,1,54.0,74.3,9.9,81.5,7.26,100.0,21.1,4,1,7,0.621,0
S02695,22,night,17.0,0.824,59.9,1,79.5,82.5,10.2,70.8,7.67,100.0,63.3,2,0,2,0.6457,0
S02696,18,evening,13.2,0.837,55.7,0,69.8,47.5,3.4,69.0,5.88,100.0,51.5,2,0,1,0.1722,0
S02697,20,evening,15.6,0.792,80.4,0,46.9,73.2,8.5,55.0,6.35,100.0,40.2,2,1,5,0.1963,0
S02698,19,evening,8.6,0.385,79.4,1,73.5,56.0,13.2,54.0,7.82,100.0,86.7,3,0,2,0.3136,0
S02699,9,morning,2.0,0.698,81.8,0,36.9,16.4,19.3,41.6,5.0,100.0,62.4,3,0,1,0.0769,0
S02700,1,late_night,16.3,0.972,52.4,0,81.7,55.5,3.7,76.4,6.38,100.0,57.8,1,0,4,0.4476,1
S02701,14,afternoon,4.6,0.694,71.7,3,40.2,38.7,18.1,49.3,6.33,100.0,49.1,1,0,1,0.0124,0
S02702,18,evening,14.2,0.644,91.5,0,54.8,75.0,2.8,65.3,7.33,100.0,64.0,1,1,1,0.4146,1
S02703,23,night,16.0,0.578,93.5,0,95.4,73.0,15.2,83.0,7.63,100.0,37.7,1,2,3,0.5474,0
S02704,16,afternoon,13.6,0.385,65.6,0,47.1,46.4,10.6,81.8,7.25,100.0,95.7,1,1,4,0.3812,0
S02705,13,afternoon,15.2,0.303,76.4,0,49.8,46.2,9.5,54.1,6.22,100.0,54.6,1,0,2,0.1529,1
S02706,13,afternoon,16.5,0.612,61.6,0,58.7,49.3,12.6,53.4,7.01,100.0,84.5,1,2,2,0.3243,0
S02707,2,late_night,4.2,0.29,42.7,2,21.1,21.0,13.9,41.9,1.78,100.0,25.1,0,0,2,0.0022,0
S02708,0,late_night,11.1,0.857,56.8,1,70.6,61.1,13.5,65.5,5.99,100.0,65.6,1,2,1,0.3755,0
S02709,1,late_night,12.1,0.436,57.7,2,59.2,63.8,11.7,58.6,8.24,100.0,36.6,1,1,3,0.1999,0
S02710,21,evening,9.5,0.535,66.0,2,69.4,36.0,1.0,73.7,5.4,100.0,11.5,1,0,5,0.073,1
S02711,18,evening,13.3,0.635,68.3,2,72.2,61.5,7.3,66.6,7.35,100.0,72.8,1,1,2,0.2426,0
S02712,6,morning,22.2,0.412,58.0,3,42.4,81.3,12.9,65.9,8.16,100.0,57.5,1,0,3,0.2725,0
S02713,10,morning,9.3,0.526,41.4,2,51.8,49.7,18.5,51.4,5.93,100.0,40.2,1,0,4,0.0558,0
S02714,11,morning,13.4,0.601,98.3,0,60.6,52.5,13.6,99.4,6.63,100.0,3.5,1,0,2,0.1536,0
S02715,5,late_night,9.4,0.588,63.0,1,54.6,47.1,16.1,61.1,5.77,100.0,48.3,1,0,0,0.1707,0
S02716,10,morning,16.4,0.639,75.9,2,82.1,72.9,8.2,74.5,6.0,100.0,59.8,1,2,4,0.4612,1
S02717,8,morning,15.5,0.697,44.9,1,68.0,78.7,14.6,60.8,6.37,100.0,39.8,0,0,3,0.0925,0
S02718,16,afternoon,18.2,0.827,98.7,1,81.9,58.8,12.9,78.8,7.98,100.0,63.2,3,0,4,0.4945,1
S02719,18,evening,9.6,0.219,63.8,0,56.7,30.1,7.6,47.7,6.58,100.0,39.0,1,0,1,0.0502,0
S02720,2,late_night,16.7,0.756,64.7,0,57.9,63.8,16.0,73.5,6.81,100.0,38.0,0,0,6,0.2207,1
S02721,11,morning,21.0,0.795,73.8,1,81.8,80.5,10.7,75.0,7.35,100.0,60.6,1,2,4,0.5914,0
S02722,23,night,7.9,0.203,69.2,2,42.3,39.5,14.3,49.0,4.5,100.0,12.0,1,0,4,0.0231,0
S02723,20,evening,12.1,0.624,27.1,0,56.6,82.6,10.4,54.9,7.22,100.0,63.6,1,0,5,0.2697,0
S02724,19,evening,13.8,0.531,53.0,1,40.8,38.1,9.0,46.0,6.19,100.0,53.0,0,0,3,0.0288,0
S02725,17,afternoon,7.3,0.711,65.2,4,55.8,53.3,15.3,35.3,5.84,100.0,61.8,1,0,4,0.0591,0
S02726,0,late_night,6.4,0.205,60.8,1,55.0,54.0,15.0,56.4,4.38,100.0,66.5,2,1,2,0.0947,0
S02727,23,night,11.3,0.79,100.0,5,58.1,64.2,14.7,52.3,7.39,100.0,50.2,0,2,4,0.4075,0
S02728,17,afternoon,10.6,0.831,79.7,1,80.3,76.0,8.6,100.0,8.26,100.0,25.7,0,2,0,0.7829,1
S02729,21,evening,11.5,0.259,74.7,3,45.1,33.0,15.4,42.4,5.35,100.0,43.6,2,0,3,0.0259,0
S02730,21,evening,4.6,0.267,87.8,2,43.1,36.1,13.2,64.1,4.54,100.0,30.8,3,1,0,0.0204,0
S02731,6,morning,6.2,0.154,69.6,3,59.9,60.2,18.9,61.4,4.37,98.0,68.7,0,0,3,0.0244,0
S02732,0,late_night,16.3,0.461,73.7,0,83.4,70.4,11.0,78.0,8.9,100.0,59.8,2,0,3,0.6383,1
S02733,15,afternoon,10.8,0.616,47.0,0,49.6,47.6,13.6,48.1,4.73,100.0,64.8,4,0,1,0.0703,0
S02734,11,morning,10.5,0.942,81.0,2,41.6,66.9,11.5,60.1,5.31,100.0,76.8,4,0,3,0.1642,0
S02735,0,late_night,10.5,0.166,91.5,1,53.2,39.3,5.7,71.2,7.57,100.0,41.4,2,1,4,0.0808,0
S02736,6,morning,8.9,0.218,70.6,1,42.9,47.9,6.0,79.0,6.29,100.0,50.5,1,0,3,0.1246,1
S02737,23,night,9.5,0.665,86.6,2,51.0,31.9,11.0,44.6,6.66,100.0,54.2,0,0,1,0.0633,0
S02738,8,morning,16.3,0.91,100.0,0,98.9,94.7,12.2,89.2,8.13,100.0,100.0,5,2,5,0.9638,1
S02739,6,morning,20.5,0.926,93.7,1,77.5,78.1,6.4,70.1,8.25,100.0,82.3,3,1,9,0.9164,1
S02740,15,afternoon,1.0,0.402,46.7,0,32.9,48.0,11.0,48.3,5.49,100.0,33.9,2,0,1,0.1211,0
S02741,15,afternoon,13.1,0.531,75.9,0,74.0,56.6,6.8,89.6,6.77,100.0,49.7,0,1,0,0.1426,0
S02742,7,morning,7.6,0.38,83.9,3,34.2,49.1,8.5,43.6,5.5,100.0,43.1,0,0,2,0.033,0
S02743,20,evening,8.3,0.0,52.1,2,45.6,32.7,11.9,23.2,3.12,60.3,32.2,0,0,5,0.008,0
S02744,13,afternoon,9.2,0.474,100.0,2,67.5,87.9,11.1,75.6,5.55,100.0,56.4,6,1,4,0.7308,0
S02745,3,late_night,13.5,0.914,78.3,0,74.8,81.9,7.7,79.3,8.07,100.0,54.0,0,1,0,0.5402,1
S02746,7,morning,14.7,0.945,83.4,0,72.3,55.3,7.8,68.5,7.81,100.0,61.8,1,0,4,0.3087,0
S02747,20,evening,14.9,0.761,61.0,0,52.9,41.4,10.4,48.7,6.24,100.0,50.5,3,0,1,0.1874,0
S02748,2,late_night,12.8,0.613,71.1,4,60.1,48.3,13.3,62.1,7.09,100.0,71.3,0,0,3,0.1251,1
S02749,0,late_night,9.5,0.211,79.2,0,69.8,70.7,12.1,54.0,7.84,100.0,48.1,2,1,2,0.3658,0
S02750,15,afternoon,11.2,0.482,49.0,0,83.4,61.5,3.7,71.4,8.42,100.0,32.3,1,2,1,0.2963,1
S02751,10,morning,14.4,0.756,60.2,1,57.5,50.4,9.7,53.5,7.25,100.0,45.2,1,0,5,0.1073,0
S02752,6,morning,2.3,0.632,38.5,0,43.0,69.1,14.9,60.8,4.78,100.0,36.1,2,1,4,0.2234,0
S02753,11,morning,12.0,0.84,64.8,0,54.3,53.4,13.5,67.1,6.78,100.0,77.8,3,1,0,0.5649,0
S02754,4,late_night,15.2,0.665,66.7,0,76.8,89.8,10.4,72.0,7.91,100.0,74.2,2,2,0,0.7337,1
S02755,8,morning,6.9,0.109,75.6,1,35.4,39.5,17.7,46.1,3.65,100.0,67.3,2,0,5,0.0216,0
S02756,5,late_night,24.7,0.638,90.5,2,79.2,40.8,5.1,45.8,8.12,100.0,73.3,2,0,0,0.362,1
S02757,14,afternoon,11.3,0.603,81.1,3,49.1,64.9,13.0,64.2,7.45,100.0,27.4,2,0,5,0.1725,0
S02758,16,afternoon,16.0,0.976,57.0,2,60.6,81.9,18.7,67.8,5.67,100.0,46.7,1,1,2,0.1524,0
S02759,21,evening,11.6,0.726,75.5,1,54.2,77.8,10.4,72.2,9.01,100.0,37.8,2,1,3,0.7308,0
S02760,1,late_night,12.0,0.449,44.2,3,55.9,51.4,13.7,52.1,5.31,100.0,74.3,0,0,2,0.015,0
S02761,7,morning,10.6,0.322,54.9,1,36.4,35.6,17.3,61.4,4.6,100.0,57.9,1,0,3,0.0264,0
S02762,6,morning,8.0,0.55,75.4,2,60.5,44.6,10.9,52.9,5.77,100.0,57.8,0,1,3,0.1376,0
S02763,13,afternoon,14.4,0.809,92.0,3,60.9,81.2,6.4,61.7,7.31,100.0,51.8,3,2,3,0.6462,0
S02764,12,afternoon,6.8,0.324,72.8,0,58.8,45.2,13.3,36.1,8.3,100.0,44.9,0,0,2,0.1638,0
S02765,21,evening,5.3,0.234,83.3,0,57.5,40.6,6.8,49.0,5.48,100.0,37.9,1,1,4,0.1442,0
S02766,22,night,10.7,0.551,59.3,2,40.3,37.4,17.2,29.4,4.17,100.0,53.8,0,0,3,0.0117,0
S02767,18,evening,15.0,0.485,80.5,0,81.3,78.9,10.8,65.7,8.45,100.0,67.1,6,1,2,0.8632,1
S02768,4,late_night,4.8,1.0,89.7,1,71.3,84.9,3.9,67.3,6.56,100.0,70.4,5,0,3,0.7091,1
S02769,0,late_night,21.4,0.283,89.8,1,60.1,74.4,11.1,84.1,7.64,100.0,65.9,0,0,7,0.3192,1
S02770,21,evening,11.7,0.578,69.9,1,60.9,62.2,9.2,83.9,6.74,100.0,73.2,2,1,1,0.5083,1
S02771,22,night,12.7,0.831,80.3,2,72.4,52.3,16.8,53.0,7.64,100.0,66.2,3,0,3,0.5245,0
S02772,6,morning,17.8,0.513,63.6,1,53.4,47.7,17.7,59.8,5.19,100.0,70.1,2,0,1,0.1882,0
S02773,1,late_night,10.9,0.262,38.6,0,62.6,83.8,15.7,65.3,5.73,100.0,65.1,1,1,2,0.13,0
S02774,16,afternoon,10.1,0.571,73.2,3,70.4,49.2,17.7,64.3,5.02,100.0,44.7,1,0,2,0.0611,0
S02775,14,afternoon,15.0,0.959,71.7,0,87.0,100.0,5.3,100.0,8.87,100.0,78.1,3,1,3,0.8893,1
S02776,21,evening,7.1,0.59,79.4,2,60.7,50.1,11.9,54.1,5.32,100.0,63.0,3,1,4,0.3434,1
S02777,13,afternoon,9.9,0.356,43.3,2,51.2,38.5,11.9,46.3,3.54,100.0,49.4,2,0,5,0.1155,1
S02778,18,evening,14.8,0.613,62.9,2,66.0,62.3,7.1,59.2,6.69,100.0,57.5,3,1,4,0.6266,0
S02779,18,evening,10.2,0.282,55.4,1,54.0,64.3,14.4,55.3,3.85,100.0,64.0,0,0,1,0.0149,0
S02780,0,late_night,14.6,1.0,100.0,0,77.8,63.6,8.7,45.9,9.89,100.0,72.1,4,1,3,0.8236,0
S02781,3,late_night,10.1,0.403,56.7,2,72.9,41.2,12.5,52.0,5.41,100.0,65.0,0,0,2,0.0574,0
S02782,18,evening,6.2,0.55,57.9,1,70.2,75.8,10.8,46.1,7.76,100.0,58.6,1,0,7,0.3499,0
S02783,4,late_night,17.0,0.602,84.0,0,80.6,92.0,10.1,73.7,7.98,100.0,78.6,2,0,5,0.8278,1
S02784,4,late_night,13.8,0.963,69.8,2,64.2,68.6,14.8,91.1,5.86,100.0,68.9,4,1,1,0.595,1
S02785,18,evening,20.2,0.236,82.6,1,71.3,67.4,9.5,73.9,6.18,100.0,43.5,0,0,4,0.1341,0
S02786,4,late_night,12.1,0.624,54.9,1,58.1,47.4,6.9,47.4,7.25,100.0,49.7,1,1,3,0.1445,0
S02787,3,late_night,8.1,0.494,72.7,3,52.9,41.3,14.8,56.4,7.11,100.0,41.9,3,0,4,0.2326,0
S02788,0,late_night,10.1,0.179,100.0,2,62.1,36.2,16.6,45.0,6.73,100.0,35.3,0,0,4,0.0589,0
S02789,11,morning,9.3,0.319,62.8,0,54.0,41.2,14.3,72.6,5.35,100.0,92.5,2,1,4,0.2019,0
S02790,15,afternoon,18.2,0.835,84.6,0,80.2,81.4,4.5,51.9,8.71,100.0,88.9,3,0,6,0.719,1
S02791,17,afternoon,11.8,0.361,44.2,3,68.5,41.8,11.7,55.5,5.78,100.0,71.7,1,2,4,0.3114,0
S02792,21,evening,4.6,0.484,50.9,1,52.0,50.0,14.7,45.0,6.65,100.0,57.0,1,1,1,0.0684,0
S02793,15,afternoon,3.9,0.818,72.8,1,52.3,47.0,8.8,42.2,6.91,100.0,43.8,1,0,1,0.0587,0
S02794,18,evening,16.4,0.749,73.9,3,67.9,66.7,6.7,94.0,6.34,100.0,45.0,1,0,3,0.2754,0
S02795,5,late_night,19.6,0.361,84.6,2,78.7,78.1,10.1,50.6,7.52,100.0,55.9,1,0,1,0.3404,0
S02796,8,morning,14.0,0.465,80.9,0,63.3,54.3,15.6,53.8,6.02,100.0,47.6,2,0,1,0.1253,0
S02797,7,morning,14.5,0.454,48.2,0,56.4,71.6,13.4,78.3,7.04,100.0,64.2,0,0,1,0.1012,0
S02798,1,late_night,17.8,0.566,89.8,0,69.7,76.0,8.6,67.1,6.0,100.0,60.7,0,1,5,0.3894,0
S02799,23,night,11.1,0.484,46.2,4,55.1,37.1,12.5,52.8,6.11,100.0,64.0,0,0,3,0.126,0
S02800,5,late_night,8.0,0.574,56.4,1,67.0,68.8,9.9,51.6,6.95,100.0,57.1,0,1,1,0.3955,0
S02801,10,morning,15.7,1.0,81.2,1,70.9,58.3,8.4,72.6,7.63,100.0,35.5,2,0,1,0.5248,1
S02802,8,morning,19.5,0.68,100.0,0,84.3,85.8,13.1,66.5,8.32,100.0,57.7,4,0,2,0.7243,0
S02803,1,late_night,11.2,0.172,47.1,3,45.7,48.2,6.3,42.4,5.71,100.0,54.9,0,0,5,0.032,0
S02804,21,evening,12.4,0.652,65.4,1,53.4,27.1,19.0,35.8,7.13,100.0,54.0,0,0,3,0.0728,0
S02805,5,late_night,10.5,0.819,73.2,2,59.5,44.0,20.5,63.7,5.52,100.0,47.3,2,0,4,0.138,0
S02806,2,late_night,16.4,0.855,93.7,0,100.0,77.3,9.2,73.8,8.01,100.0,58.0,3,4,3,0.9254,1
S02807,8,morning,5.8,0.213,72.4,0,33.5,41.6,12.5,35.3,2.47,100.0,33.5,2,0,5,0.0145,0
S02808,3,late_night,12.6,0.716,66.2,0,60.7,59.8,16.1,73.0,6.51,100.0,31.6,5,1,4,0.487,0
S02809,23,night,12.5,0.301,74.2,2,44.6,36.4,15.9,40.8,3.8,100.0,46.3,1,0,5,0.0163,0
S02810,4,late_night,1.0,0.044,84.9,4,49.7,49.6,11.2,53.7,4.42,94.2,62.9,2,0,1,0.0233,0
S02811,7,morning,11.0,0.608,93.8,1,58.8,29.0,8.8,78.1,4.54,100.0,45.7,2,0,3,0.0674,0
S02812,6,morning,10.4,0.665,74.2,3,67.2,62.0,11.2,62.0,5.56,100.0,33.8,2,0,2,0.1015,0
S02813,0,late_night,4.9,0.758,68.1,2,55.1,66.6,13.8,49.7,6.17,100.0,66.7,3,0,4,0.3397,0
S02814,0,late_night,14.7,0.405,62.9,2,61.9,67.6,15.6,48.9,6.99,100.0,75.5,1,3,3,0.8029,1
S02815,12,afternoon,7.5,0.515,43.8,1,51.3,45.4,14.2,54.5,6.91,100.0,45.2,1,0,2,0.1958,0
S02816,5,late_night,6.2,0.38,54.1,2,37.4,26.9,16.7,55.4,5.84,100.0,32.2,1,0,4,0.0579,0
S02817,2,late_night,21.7,0.684,77.9,0,70.3,55.9,9.1,63.5,6.23,100.0,57.5,1,1,1,0.49,1
S02818,6,morning,18.3,0.686,74.4,2,69.1,54.9,13.9,69.8,6.59,100.0,63.7,5,1,2,0.5906,0
S02819,6,morning,16.8,0.684,85.7,2,81.9,97.0,9.5,63.9,7.62,100.0,53.3,3,1,3,0.3926,0
S02820,10,morning,8.9,0.361,35.9,1,31.9,35.5,22.4,40.2,5.01,100.0,22.2,2,0,3,0.0423,0
S02821,23,night,12.2,0.743,69.7,3,78.1,73.0,8.8,50.0,8.21,100.0,71.2,0,0,3,0.2512,0
S02822,7,morning,22.0,0.895,100.0,0,66.6,77.7,12.2,72.0,6.96,100.0,62.7,2,0,5,0.489,0
S02823,16,afternoon,12.1,0.244,76.7,4,49.1,45.3,22.8,51.7,6.13,100.0,72.0,1,0,2,0.017,0
S02824,18,evening,9.0,0.517,79.3,0,49.5,46.9,16.1,79.1,6.37,100.0,55.7,1,0,4,0.0846,1
S02825,1,late_night,6.1,0.448,74.9,0,64.2,62.6,15.2,61.2,6.73,100.0,76.4,2,0,2,0.2391,0
S02826,12,afternoon,19.8,0.713,79.3,0,72.5,70.8,9.5,72.9,8.91,100.0,62.7,1,4,1,0.8802,1
S02827,10,morning,17.6,0.515,59.1,0,86.8,92.2,8.4,99.8,8.59,100.0,57.5,1,0,2,0.6229,1
S02828,12,afternoon,1.3,0.305,63.5,3,42.8,22.3,14.6,47.3,3.69,100.0,37.5,0,0,6,0.0083,0
S02829,4,late_night,21.2,1.0,53.2,0,86.7,87.7,4.8,90.9,9.52,100.0,97.3,3,1,4,0.9665,1
S02830,11,morning,8.2,0.382,57.8,0,28.4,39.9,7.7,51.0,6.14,100.0,46.7,2,0,8,0.2099,0
S02831,2,late_night,17.1,0.695,77.8,0,93.4,88.5,12.6,73.8,7.69,100.0,84.6,2,1,2,0.7681,0
S02832,22,night,16.7,0.779,71.1,1,61.1,42.4,3.9,61.5,4.8,100.0,53.9,1,0,3,0.2169,1
S02833,14,afternoon,6.6,0.683,94.6,3,50.8,72.0,16.6,49.2,5.23,100.0,28.3,1,2,4,0.1875,0
S02834,0,late_night,16.0,0.54,100.0,0,58.6,55.2,9.8,63.9,7.72,100.0,68.4,2,0,3,0.1762,1
S02835,12,afternoon,9.7,0.3,84.6,2,69.2,55.0,8.4,64.2,5.4,100.0,44.7,2,2,5,0.2241,0
S02836,22,night,11.9,0.615,60.6,0,62.9,70.7,16.5,80.6,8.18,100.0,62.9,5,0,2,0.5653,1
S02837,17,afternoon,10.6,0.961,100.0,1,55.2,65.2,5.7,75.3,6.14,100.0,59.4,2,0,2,0.577,1
S02838,6,morning,20.1,0.497,88.9,2,80.3,84.9,6.9,80.4,7.5,100.0,65.0,1,1,1,0.5882,1
S02839,21,evening,11.1,0.691,56.5,0,48.2,66.4,9.6,41.3,6.79,100.0,80.2,2,1,4,0.5454,1
S02840,4,late_night,17.0,0.756,69.1,3,53.9,80.1,12.9,54.1,5.39,100.0,57.8,1,1,2,0.1661,0
S02841,5,late_night,22.4,0.241,93.1,1,80.1,82.1,7.4,51.3,8.62,100.0,63.4,1,0,2,0.146,0
S02842,3,late_night,10.8,0.719,65.7,5,82.0,64.7,16.7,80.5,8.4,100.0,53.2,2,0,2,0.1498,0
S02843,22,night,2.5,0.78,78.0,1,59.2,61.6,5.1,67.8,6.2,100.0,67.5,6,1,4,0.633,0
S02844,17,afternoon,14.2,0.397,69.4,1,45.9,41.7,29.7,52.1,5.58,100.0,57.7,1,0,4,0.0966,0
S02845,12,afternoon,7.5,0.264,45.1,1,51.0,58.9,9.9,41.4,7.24,100.0,42.7,1,0,1,0.0602,0
S02846,16,afternoon,6.8,0.347,61.4,1,33.2,71.1,25.0,70.1,6.97,100.0,65.7,0,0,3,0.2714,0
S02847,6,morning,7.8,0.391,49.7,1,66.1,61.4,17.6,55.5,4.2,100.0,48.2,2,0,4,0.0582,0
S02848,1,late_night,12.7,0.608,89.3,1,59.4,31.0,10.0,68.4,8.53,100.0,68.4,1,1,2,0.698,1
S02849,20,evening,20.1,0.598,64.2,2,67.3,44.7,11.0,73.4,4.15,100.0,41.0,2,0,2,0.0504,0
S02850,23,night,12.2,0.458,73.1,0,60.7,55.7,10.8,61.9,6.94,100.0,67.8,3,2,2,0.5474,0
S02851,0,late_night,21.4,1.0,60.6,0,77.7,76.0,10.5,75.3,7.22,100.0,52.8,5,1,4,0.8343,1
S02852,1,late_night,18.1,0.512,63.9,0,66.8,77.4,6.3,91.4,8.47,100.0,73.3,1,1,2,0.58,1
S02853,13,afternoon,11.5,0.237,54.2,0,80.1,76.4,14.3,78.9,7.01,100.0,75.7,2,0,2,0.2917,0
S02854,1,late_night,8.0,0.668,59.1,1,24.4,60.9,14.4,53.2,5.73,100.0,56.2,1,0,3,0.0778,0
S02855,17,afternoon,19.0,0.748,85.3,1,67.7,82.2,4.9,69.1,8.82,100.0,81.7,5,0,3,0.8694,1
S02856,22,night,15.1,0.463,75.0,1,52.9,38.9,13.8,64.4,5.94,100.0,38.5,1,1,6,0.1015,0
S02857,6,morning,16.4,0.547,44.4,2,52.0,45.0,13.2,55.4,6.04,100.0,54.5,1,0,4,0.1388,0
S02858,7,morning,9.9,0.541,64.8,0,68.1,54.1,9.8,74.5,7.06,100.0,43.2,0,1,0,0.1721,1
S02859,20,evening,10.0,0.312,51.6,1,32.7,50.5,12.1,70.2,5.53,100.0,39.7,0,0,5,0.0559,0
S02860,8,morning,9.9,0.431,66.3,0,58.0,22.8,17.0,53.6,4.31,100.0,22.5,0,0,5,0.0156,0
S02861,5,late_night,12.4,0.452,71.0,2,64.8,74.8,15.1,54.2,7.02,100.0,60.0,1,2,0,0.5241,0
S02862,2,late_night,5.1,0.372,62.5,1,37.0,26.0,13.0,46.9,5.37,100.0,64.4,0,0,6,0.0208,0
S02863,20,evening,18.0,0.566,83.3,0,75.7,68.9,9.6,92.4,9.52,100.0,92.4,1,5,5,0.9767,1
S02864,22,night,7.8,0.622,87.2,0,44.8,32.3,18.8,39.1,5.75,100.0,32.6,0,1,3,0.173,0
S02865,1,late_night,10.9,0.326,40.7,1,37.9,56.9,19.7,43.7,4.25,100.0,40.3,0,0,0,0.0398,0
S02866,19,evening,18.6,0.761,68.1,1,68.5,83.4,12.6,69.6,8.58,100.0,46.9,1,1,1,0.3289,1
S02867,3,late_night,11.2,0.875,83.8,1,73.8,60.3,5.3,84.3,8.41,100.0,52.0,1,0,4,0.4326,1
S02868,3,late_night,9.8,0.67,66.7,1,70.3,40.7,15.4,77.3,4.73,100.0,50.9,0,1,2,0.0896,0
S02869,9,morning,12.3,0.634,63.1,2,65.4,75.1,10.1,67.2,7.4,100.0,58.7,0,2,2,0.2354,0
S02870,10,morning,9.6,0.351,28.1,2,33.6,26.9,17.7,37.3,3.54,100.0,39.6,1,0,7,0.0121,0
S02871,20,evening,7.9,0.256,54.2,3,61.6,64.9,10.8,38.3,5.73,100.0,30.0,1,1,3,0.0273,0
S02872,16,afternoon,7.1,0.155,47.0,2,49.4,51.9,11.7,53.5,5.17,99.1,63.1,0,0,6,0.0649,0
S02873,3,late_night,1.0,0.246,80.0,3,45.0,42.5,13.0,34.9,5.09,100.0,46.3,0,0,2,0.0258,0
S02874,14,afternoon,14.3,0.432,100.0,1,72.9,49.8,6.5,60.0,7.3,100.0,61.6,1,1,4,0.1905,0
S02875,21,evening,4.6,0.499,51.3,1,30.1,31.9,14.1,29.7,4.25,100.0,48.3,0,1,4,0.0216,0
S02876,15,afternoon,5.4,0.427,38.4,2,44.5,63.7,10.5,40.2,6.96,100.0,56.3,0,0,6,0.0569,0
S02877,5,late_night,9.4,0.326,76.8,2,62.0,52.2,15.3,63.9,5.18,100.0,54.1,0,0,5,0.0768,0
S02878,3,late_night,14.0,0.371,48.6,1,25.5,45.8,9.4,51.4,6.95,100.0,37.5,0,3,3,0.1122,0
S02879,10,morning,9.2,0.636,64.9,0,63.7,58.3,8.5,84.3,8.33,100.0,80.1,0,1,1,0.28,1
S02880,11,morning,9.6,0.582,63.0,1,61.4,43.1,11.4,51.1,7.17,100.0,66.4,3,0,4,0.4339,0
S02881,8,morning,19.7,0.738,69.6,2,74.5,57.3,17.5,86.0,7.94,100.0,46.9,1,1,2,0.5366,0
S02882,2,late_night,14.6,0.677,70.7,0,61.0,57.8,7.7,63.5,8.28,100.0,46.3,2,0,2,0.4316,0
S02883,2,late_night,18.1,0.443,59.4,1,84.6,54.2,4.2,73.1,7.44,100.0,91.7,4,1,1,0.3437,1
S02884,12,afternoon,13.6,0.12,59.5,4,52.6,39.5,6.8,67.1,5.99,100.0,52.6,1,0,2,0.0731,0
S02885,22,night,12.8,0.521,87.7,2,59.1,32.9,8.0,76.8,6.38,100.0,46.7,3,0,3,0.0662,0
S02886,14,afternoon,12.1,0.739,73.6,1,59.5,55.8,8.3,79.6,7.36,100.0,50.1,2,1,3,0.2452,0
S02887,10,morning,15.8,0.499,73.0,1,74.0,68.1,20.9,75.3,6.19,100.0,62.6,2,0,3,0.1938,1
S02888,22,night,15.5,0.738,33.3,2,34.4,48.6,16.7,54.3,5.34,100.0,45.5,0,0,1,0.0684,0
S02889,16,afternoon,15.3,0.491,81.6,1,73.9,49.6,11.4,79.3,5.1,100.0,55.0,0,0,3,0.0534,0
S02890,17,afternoon,4.8,0.699,53.2,1,64.9,55.8,21.0,59.6,4.62,100.0,84.7,0,0,6,0.2328,1
S02891,13,afternoon,18.5,0.844,90.2,2,59.4,84.2,8.7,30.5,6.32,100.0,34.0,1,0,1,0.2329,0
S02892,18,evening,10.3,0.746,71.6,3,69.1,84.0,10.5,60.9,5.78,100.0,48.3,0,2,2,0.2161,0
S02893,12,afternoon,7.0,0.21,56.3,2,53.3,50.4,11.4,49.6,5.88,100.0,51.9,0,0,0,0.0152,0
S02894,14,afternoon,9.3,0.454,39.5,1,68.6,45.3,17.4,50.5,5.0,100.0,24.6,0,1,1,0.0903,0
S02895,14,afternoon,11.7,0.613,92.9,1,55.0,36.1,14.1,55.8,5.66,100.0,55.5,1,0,4,0.0676,0
S02896,18,evening,17.1,0.751,89.9,4,93.7,78.8,16.1,76.0,9.54,100.0,74.3,3,2,2,0.6218,1
S02897,21,evening,11.2,0.673,83.6,3,45.3,57.2,13.6,54.3,7.84,100.0,34.6,3,1,5,0.2766,0
S02898,7,morning,12.8,0.143,90.4,0,51.6,44.1,17.4,70.1,4.49,100.0,48.6,2,1,3,0.1482,0
S02899,16,afternoon,15.0,1.0,79.8,0,52.5,68.3,3.1,55.0,7.09,100.0,62.6,1,0,6,0.5905,1
S02900,0,late_night,8.0,0.308,85.8,5,48.1,38.8,6.3,39.1,4.61,100.0,60.3,2,3,3,0.0779,0
S02901,12,afternoon,4.9,0.0,51.6,2,65.6,10.3,8.1,33.0,5.15,72.4,86.6,1,1,4,0.0245,0
S02902,21,evening,16.7,0.633,89.2,2,76.9,64.3,8.2,78.1,7.88,100.0,50.0,2,0,4,0.4703,1
S02903,15,afternoon,10.1,0.0,56.3,4,63.4,68.0,6.9,60.0,6.08,70.8,59.8,0,0,3,0.0171,0
S02904,6,morning,5.3,0.272,59.2,1,60.2,69.2,17.8,47.3,5.0,100.0,50.6,1,0,3,0.0867,0
S02905,14,afternoon,15.5,1.0,71.8,1,65.0,69.9,11.1,54.8,5.9,100.0,50.8,1,0,3,0.2009,0
S02906,8,morning,13.5,0.645,60.1,2,68.5,68.1,12.2,74.0,8.71,100.0,62.1,6,1,3,0.6253,0
S02907,10,morning,18.4,0.267,75.1,3,53.2,48.8,10.0,48.9,6.92,100.0,61.3,0,0,10,0.1216,0
S02908,5,late_night,2.8,0.375,55.7,1,40.1,60.7,17.7,57.9,4.31,100.0,47.9,0,0,3,0.0152,0
S02909,14,afternoon,12.9,0.452,44.5,1,39.2,52.6,3.1,86.3,5.81,100.0,62.4,3,0,0,0.1397,1
S02910,4,late_night,7.7,0.65,59.3,2,53.4,51.7,12.8,54.1,5.89,100.0,50.9,2,0,4,0.0405,0
S02911,10,morning,13.8,0.655,79.9,0,85.1,100.0,10.2,86.4,8.45,100.0,52.3,2,1,1,0.6794,0
S02912,22,night,10.0,0.604,82.8,2,53.8,59.5,14.3,62.8,5.21,100.0,67.4,2,1,0,0.0868,0
S02913,18,evening,12.4,0.0,56.4,2,31.9,23.2,15.2,53.3,3.73,93.9,57.0,0,0,2,0.0057,0
S02914,9,morning,13.6,1.0,94.6,0,69.5,76.9,4.4,88.7,6.41,100.0,71.9,2,0,3,0.4716,0
S02915,23,night,14.7,0.942,93.4,0,92.2,86.1,12.2,78.6,8.05,100.0,76.8,4,2,3,0.9361,1
S02916,0,late_night,9.4,0.757,74.3,0,66.9,82.4,7.3,79.2,7.81,100.0,52.8,1,0,6,0.7849,0
S02917,23,night,10.6,0.766,83.8,1,74.0,100.0,7.1,92.0,8.79,100.0,51.7,1,2,4,0.9092,1
S02918,8,morning,6.8,0.286,56.6,4,55.3,13.2,22.9,54.4,5.47,100.0,62.6,2,0,5,0.0273,0
S02919,19,evening,12.2,0.535,84.6,0,76.8,75.1,10.6,60.6,8.76,100.0,42.4,3,1,4,0.6709,0
S02920,22,night,8.9,0.284,65.1,1,64.8,38.7,11.4,31.9,5.9,100.0,40.4,0,1,5,0.0397,0
S02921,14,afternoon,3.6,0.919,62.4,1,75.7,58.7,9.2,56.8,7.55,100.0,88.5,1,0,4,0.4183,0
S02922,14,afternoon,7.8,0.249,59.9,1,68.9,41.5,17.1,51.5,3.78,100.0,55.0,0,1,4,0.0707,0
S02923,17,afternoon,14.2,0.027,71.8,2,49.3,40.9,10.0,49.7,5.94,73.8,53.5,0,0,1,0.0158,0
S02924,5,late_night,16.5,0.215,49.5,2,67.7,51.3,15.4,41.4,5.38,100.0,23.2,0,0,5,0.1025,0
S02925,4,late_night,7.1,0.87,81.9,2,61.6,75.2,14.6,64.4,8.21,100.0,50.3,2,2,3,0.3753,1
S02926,8,morning,11.2,0.62,52.7,1,93.5,71.7,10.0,92.3,7.63,100.0,72.3,2,1,1,0.5265,0
S02927,11,morning,9.4,0.565,88.8,0,67.9,63.2,15.4,51.0,8.38,100.0,34.4,3,0,2,0.2718,0
S02928,17,afternoon,8.5,0.581,67.1,3,49.2,37.7,14.4,42.9,4.08,100.0,52.9,0,0,5,0.0066,0
S02929,6,morning,6.2,0.348,91.9,0,66.2,52.5,9.9,51.9,5.45,100.0,32.4,0,1,6,0.1816,0
S02930,13,afternoon,16.5,0.565,47.3,0,37.5,48.5,6.8,76.8,6.02,100.0,41.2,0,0,1,0.0701,0
S02931,0,late_night,14.8,0.547,94.0,1,59.7,58.9,11.4,53.4,7.33,100.0,36.6,5,1,5,0.6551,1
S02932,0,late_night,15.0,0.842,93.5,4,75.3,89.7,10.8,65.1,6.85,100.0,63.5,1,2,1,0.3712,0
S02933,23,night,21.5,0.63,75.7,0,76.1,71.7,13.8,73.9,8.04,100.0,35.8,2,1,2,0.6376,0
S02934,20,evening,9.7,0.388,58.3,2,71.8,42.6,17.1,55.2,5.17,100.0,49.2,2,1,1,0.0535,0
S02935,20,evening,5.4,0.303,31.8,1,17.6,24.4,25.7,44.9,3.94,100.0,48.1,0,0,0,0.0115,0
S02936,7,morning,3.7,0.435,35.7,3,54.2,31.9,13.2,54.3,2.86,100.0,47.4,0,0,4,0.0073,0
S02937,12,afternoon,10.8,0.73,70.1,0,74.4,92.8,10.6,68.7,7.77,100.0,70.5,6,0,2,0.9052,1
S02938,16,afternoon,8.4,0.395,48.0,1,52.4,63.1,10.1,60.9,6.22,100.0,56.0,0,0,6,0.1596,0
S02939,6,morning,18.5,0.757,87.9,3,49.4,48.6,17.2,51.2,5.84,100.0,49.1,1,0,1,0.1498,0
S02940,17,afternoon,19.5,0.914,60.6,0,76.7,92.3,5.0,74.1,9.01,100.0,63.8,1,1,6,0.8842,1
S02941,16,afternoon,16.9,0.662,82.4,0,80.0,78.5,13.1,87.7,7.65,100.0,67.0,5,1,4,0.9017,0
S02942,9,morning,8.2,0.423,76.7,1,56.3,44.5,9.0,64.9,6.97,100.0,38.8,0,0,1,0.0965,0
S02943,10,morning,14.8,0.711,73.0,1,42.4,64.6,15.7,77.4,6.11,100.0,47.3,1,1,3,0.3206,1
S02944,7,morning,6.2,0.553,75.6,1,55.7,33.3,17.1,65.8,7.09,100.0,84.7,1,0,3,0.1937,0
S02945,19,evening,6.4,0.551,86.0,1,67.3,19.0,5.3,75.2,5.21,100.0,63.6,0,1,4,0.1089,0
S02946,23,night,14.6,0.813,76.1,1,65.2,88.8,3.4,46.6,5.66,100.0,83.3,1,1,3,0.7549,1
S02947,23,night,21.1,0.681,74.7,2,70.9,69.2,12.1,67.3,8.22,100.0,62.6,1,5,5,0.7952,1
S02948,18,evening,21.8,0.648,71.4,0,80.5,72.7,11.1,74.7,6.73,100.0,48.4,4,1,6,0.4276,1
S02949,8,morning,13.7,0.966,98.9,1,88.8,91.0,8.5,80.7,6.08,100.0,57.4,2,1,4,0.6835,1
S02950,18,evening,5.8,0.626,92.1,3,49.3,41.3,12.4,67.3,5.05,100.0,21.8,1,0,3,0.0655,0
S02951,5,late_night,7.7,0.77,58.1,2,51.0,64.0,7.1,77.3,6.81,100.0,80.1,1,2,2,0.4902,0
S02952,21,evening,11.4,0.781,37.2,3,62.9,63.4,13.9,43.8,6.55,100.0,66.7,0,1,1,0.1569,1
S02953,6,morning,5.1,0.174,58.4,1,39.5,14.2,13.2,40.4,4.22,100.0,27.4,0,0,4,0.005,0
S02954,9,morning,8.8,0.369,69.0,3,27.5,25.3,17.7,48.2,3.74,100.0,53.7,1,0,3,0.0081,0
S02955,2,late_night,12.6,0.598,91.2,1,47.1,46.8,11.7,43.1,6.31,100.0,59.0,2,1,3,0.1113,0
S02956,1,late_night,12.8,0.833,85.3,1,71.2,69.4,9.2,62.5,5.87,100.0,59.3,1,0,2,0.2308,0
S02957,9,morning,14.6,0.75,91.8,4,79.2,55.6,16.6,72.3,4.27,100.0,62.8,1,1,3,0.051,0
S02958,13,afternoon,9.8,0.704,96.4,1,59.7,54.7,15.4,63.7,6.85,100.0,64.7,1,1,5,0.1442,0
S02959,0,late_night,20.0,1.0,100.0,0,92.3,71.9,4.1,96.2,8.39,100.0,72.5,1,0,2,0.6994,0
S02960,20,evening,6.2,0.252,73.1,1,47.9,30.8,11.0,49.9,3.21,100.0,49.7,1,0,7,0.0431,0
S02961,2,late_night,13.8,0.515,50.5,0,61.7,79.4,15.2,35.2,7.08,100.0,56.1,3,0,9,0.3111,0
S02962,23,night,14.4,0.553,72.3,2,77.0,59.1,5.7,65.7,5.14,100.0,48.3,1,1,3,0.3976,1
S02963,6,morning,10.1,0.366,68.6,2,42.9,50.0,19.3,48.8,5.58,100.0,64.2,1,0,0,0.0854,0
S02964,9,morning,15.3,0.156,68.7,2,62.6,40.5,12.5,69.4,7.3,100.0,84.9,1,1,3,0.1965,0
S02965,3,late_night,1.0,0.585,56.6,2,41.1,66.4,12.9,49.2,5.0,100.0,28.6,1,0,6,0.1365,0
S02966,19,evening,12.0,0.556,100.0,1,61.8,67.4,9.2,65.9,8.25,100.0,64.0,5,0,2,0.6178,1
S02967,17,afternoon,8.9,0.482,53.2,4,64.1,34.4,18.8,56.6,5.28,100.0,41.1,1,0,0,0.0245,0
S02968,1,late_night,12.3,0.57,98.2,0,92.7,85.7,1.0,90.5,8.9,100.0,75.4,2,1,6,0.7021,1
S02969,2,late_night,10.3,0.669,74.5,5,59.9,46.8,16.2,66.7,6.97,100.0,61.2,1,1,4,0.1659,0
S02970,14,afternoon,13.6,0.547,65.4,1,69.7,76.8,14.7,84.7,6.99,100.0,63.2,3,5,4,0.8909,1
S02971,20,evening,17.1,0.315,53.4,4,59.4,39.1,10.8,48.8,5.31,100.0,45.8,2,0,9,0.076,0
S02972,2,late_night,12.5,0.584,44.2,1,66.7,71.2,11.8,59.5,7.25,100.0,47.7,2,0,1,0.2123,0
S02973,5,late_night,14.4,0.322,72.6,1,53.5,61.1,13.7,28.5,7.71,100.0,40.1,1,1,4,0.1049,1
S02974,13,afternoon,13.6,0.453,70.0,2,54.8,58.2,14.7,77.2,8.13,100.0,29.9,3,0,3,0.4427,1
S02975,2,late_night,10.8,0.632,60.2,1,58.6,42.6,8.4,66.7,4.22,100.0,75.3,0,0,3,0.0337,0
S02976,7,morning,10.2,0.592,35.6,3,50.5,37.3,13.5,52.0,6.89,100.0,60.3,2,1,2,0.2979,0
S02977,0,late_night,14.5,0.368,75.5,2,49.2,57.0,11.9,59.1,5.73,100.0,73.6,4,0,1,0.1201,0
S02978,11,morning,14.9,0.26,62.5,0,56.0,34.9,15.9,61.1,7.63,100.0,46.1,1,0,1,0.0337,0
S02979,17,afternoon,18.4,0.9,77.7,0,79.7,77.6,18.1,99.8,7.99,100.0,76.1,3,1,5,0.8765,1
S02980,9,morning,5.1,0.644,54.8,1,49.4,69.3,9.2,57.5,5.27,100.0,41.7,2,0,1,0.1258,1
S02981,6,morning,9.8,1.0,78.8,0,100.0,81.5,9.2,83.9,8.15,100.0,55.7,0,0,2,0.5975,1
S02982,10,morning,10.1,0.306,75.5,0,77.1,56.7,9.3,64.6,5.88,100.0,84.6,1,0,3,0.1152,0
S02983,12,afternoon,3.4,0.525,67.1,1,64.6,68.0,9.5,38.5,6.43,100.0,51.0,2,0,3,0.4415,0
S02984,3,late_night,15.2,0.587,41.6,1,52.7,37.5,10.3,39.0,5.99,100.0,61.3,0,0,3,0.0845,0
S02985,2,late_night,13.0,0.878,65.6,1,64.8,51.0,6.8,62.3,7.24,100.0,56.1,2,1,4,0.3727,1
S02986,4,late_night,10.1,0.383,87.4,2,61.8,66.4,16.3,79.1,5.79,100.0,35.3,0,1,2,0.0848,0
S02987,23,night,12.3,0.64,83.3,0,81.9,89.9,10.3,95.8,9.88,100.0,62.5,3,0,2,0.9493,1
S02988,17,afternoon,16.8,0.66,72.8,1,60.0,67.1,11.9,49.7,5.51,100.0,62.0,0,0,2,0.123,1
S02989,3,late_night,11.7,0.642,76.2,0,89.2,94.9,5.7,89.2,7.42,100.0,73.9,4,1,2,0.7887,1
S02990,7,morning,9.8,0.494,61.8,0,80.4,67.3,10.4,81.4,9.74,100.0,32.0,1,0,4,0.3791,0
S02991,9,morning,13.8,0.843,69.2,1,95.1,64.6,4.1,84.9,8.66,100.0,50.3,2,0,4,0.7764,0
S02992,4,late_night,12.3,0.851,44.6,1,62.0,70.2,12.0,37.1,5.78,100.0,59.3,1,1,6,0.3689,0
S02993,20,evening,21.7,0.647,100.0,0,100.0,88.5,8.6,81.8,9.39,100.0,55.2,4,1,6,0.8775,0
S02994,22,night,15.3,0.777,73.1,0,53.4,42.0,10.8,58.0,6.67,100.0,70.4,0,0,2,0.1965,0
S02995,5,late_night,13.9,0.32,65.1,2,71.3,55.8,10.5,50.7,5.99,100.0,49.5,0,0,4,0.0835,0
S02996,0,late_night,8.4,0.438,64.8,3,40.8,45.5,12.5,22.7,6.45,100.0,55.0,1,0,5,0.0467,0
S02997,6,morning,23.1,1.0,93.7,0,75.0,75.3,10.6,84.5,8.2,100.0,88.4,2,3,1,0.9419,0
S02998,13,afternoon,11.8,0.738,65.5,0,90.1,77.5,11.2,59.8,6.75,100.0,41.7,1,1,3,0.7373,1
S02999,19,evening,3.7,0.44,62.4,1,62.6,75.8,6.2,65.4,5.24,100.0,59.9,1,0,3,0.2716,1
S03000,8,morning,13.1,0.881,72.9,0,80.2,79.4,12.4,81.5,7.04,100.0,64.5,3,3,2,0.9094,1
S03001,6,morning,10.8,0.619,100.0,0,64.6,64.6,12.8,75.8,7.3,100.0,61.6,4,1,2,0.6211,0
S03002,5,late_night,15.4,0.949,100.0,0,75.1,65.5,8.8,79.2,7.6,100.0,63.4,2,1,4,0.7793,1
S03003,0,late_night,3.5,0.277,60.1,4,33.9,60.9,21.7,45.2,5.09,100.0,48.1,0,0,1,0.033,0
S03004,0,late_night,9.4,0.682,88.4,1,58.2,48.1,12.6,58.1,6.84,100.0,9.5,1,0,5,0.0475,0
S03005,10,morning,13.1,0.202,84.9,4,52.9,34.6,14.6,67.9,4.77,100.0,70.9,3,0,5,0.0556,0
S03006,14,afternoon,12.9,0.051,33.5,4,16.9,31.7,17.8,33.9,3.7,93.5,23.1,0,0,4,0.003,0
S03007,0,late_night,8.3,0.427,75.1,1,89.7,84.9,13.4,64.6,7.16,100.0,88.0,1,2,4,0.5393,1
S03008,4,late_night,6.0,0.498,67.6,1,52.6,69.0,11.6,70.6,5.98,100.0,39.1,2,0,6,0.2349,0
S03009,21,evening,11.1,0.355,85.1,0,81.3,60.3,7.9,80.0,7.15,100.0,44.5,2,2,1,0.4691,0
S03010,23,night,22.1,0.766,85.5,0,81.3,89.9,11.2,93.5,10.0,100.0,75.2,4,3,2,0.9475,1
S03011,15,afternoon,10.1,0.276,65.7,5,57.3,53.1,16.4,77.1,7.09,100.0,57.0,1,1,5,0.0421,0
S03012,12,afternoon,7.8,0.783,59.7,4,64.7,63.8,17.9,82.4,5.23,100.0,59.2,2,0,3,0.2009,1
S03013,13,afternoon,15.2,0.37,86.7,2,69.8,66.8,13.4,78.1,7.32,100.0,61.1,1,1,3,0.2768,0
S03014,8,morning,18.8,0.441,56.2,1,69.2,75.1,3.4,63.9,8.96,100.0,58.8,1,0,6,0.4852,0
S03015,4,late_night,10.2,0.515,59.1,1,58.3,61.0,13.8,65.7,7.09,100.0,46.1,1,1,1,0.0993,0
S03016,9,morning,6.8,0.793,37.3,0,59.2,32.8,13.4,56.4,6.01,100.0,59.9,1,2,3,0.2752,0
S03017,16,afternoon,16.3,0.685,63.0,0,71.2,77.9,14.8,66.9,7.61,100.0,51.0,1,3,0,0.516,0
S03018,15,afternoon,12.2,0.599,77.8,0,53.4,66.0,15.5,57.3,5.51,100.0,59.1,2,1,6,0.327,0
S03019,16,afternoon,4.9,0.501,58.7,2,29.2,28.8,18.5,42.7,3.84,100.0,17.3,0,0,4,0.017,0
S03020,14,afternoon,6.3,0.542,55.5,1,41.5,37.8,6.2,58.3,3.66,100.0,51.5,1,0,6,0.0626,0
S03021,1,late_night,20.2,0.86,98.9,0,78.3,80.6,5.7,95.1,9.29,100.0,65.5,2,2,7,0.9284,1
S03022,15,afternoon,14.2,0.494,93.5,0,80.7,56.8,9.7,74.5,6.68,100.0,56.8,5,3,2,0.7898,0
S03023,21,evening,13.9,0.527,62.9,0,59.9,80.1,12.2,60.5,5.58,100.0,76.0,0,2,4,0.1693,0
S03024,15,afternoon,16.8,0.252,72.4,0,49.8,71.9,13.0,57.7,5.7,100.0,76.4,2,0,2,0.2841,0
S03025,13,afternoon,13.9,0.427,63.3,1,78.5,71.3,17.9,64.7,5.1,100.0,68.8,1,3,2,0.4273,1
S03026,5,late_night,12.2,0.947,85.3,1,68.0,61.9,13.6,52.2,8.02,100.0,72.8,1,0,4,0.6812,1
S03027,19,evening,12.1,0.607,41.2,2,50.4,27.5,11.0,53.8,5.51,100.0,48.4,0,0,1,0.0333,0
S03028,10,morning,11.3,0.511,90.2,2,40.5,43.7,10.4,57.9,6.51,100.0,54.6,0,0,4,0.0749,0
S03029,6,morning,23.2,0.205,89.3,2,58.8,63.2,7.8,88.0,5.05,100.0,63.1,2,1,5,0.2382,0
S03030,11,morning,12.9,0.293,51.2,2,69.2,39.2,11.7,60.4,7.71,100.0,63.4,2,1,2,0.3179,1
S03031,2,late_night,16.5,0.5,62.7,2,58.1,71.8,14.1,82.6,7.0,100.0,59.5,3,0,1,0.3025,0
S03032,22,night,9.5,0.331,66.5,2,45.8,53.8,18.3,42.8,5.92,100.0,55.8,0,0,5,0.0898,0
S03033,16,afternoon,12.7,0.353,67.8,1,69.0,36.2,9.8,86.3,4.26,100.0,58.1,1,4,3,0.0404,0
S03034,7,morning,14.2,0.664,86.9,1,62.9,62.5,9.7,91.4,8.11,100.0,67.9,1,2,3,0.3568,1
S03035,19,evening,14.6,0.976,68.5,1,48.1,79.5,17.7,80.9,6.96,100.0,71.7,1,0,2,0.5773,1
S03036,1,late_night,14.5,0.651,94.0,1,70.7,64.4,5.8,64.3,6.43,100.0,46.0,2,2,1,0.3824,0
S03037,9,morning,16.3,0.579,69.4,1,87.5,46.3,14.7,58.3,6.3,100.0,56.4,4,1,6,0.4611,0
S03038,15,afternoon,10.7,0.221,99.6,2,54.6,55.1,15.8,48.4,4.99,100.0,51.1,3,0,1,0.0452,0
S03039,0,late_night,9.9,0.211,78.5,1,65.6,49.9,11.0,49.5,5.01,100.0,39.3,1,0,6,0.0289,0
S03040,17,afternoon,14.5,0.493,59.8,0,66.3,72.8,9.4,81.5,6.62,100.0,83.4,3,1,4,0.7959,1
S03041,19,evening,6.4,0.196,100.0,1,73.3,42.7,13.9,57.7,6.4,100.0,41.9,1,1,1,0.1298,0
S03042,14,afternoon,16.0,0.432,79.4,2,45.6,45.7,12.6,56.8,6.83,100.0,71.2,1,0,6,0.2409,0
S03043,4,late_night,8.4,0.553,71.8,1,65.7,63.3,10.4,58.6,7.07,100.0,31.9,0,1,4,0.0534,0
S03044,17,afternoon,16.5,0.387,81.3,2,68.5,55.1,8.7,51.3,6.95,100.0,33.8,0,0,9,0.2568,0
S03045,8,morning,12.0,0.524,49.2,2,61.8,60.5,20.2,70.6,5.6,100.0,47.7,1,1,3,0.2035,0
S03046,17,afternoon,14.7,0.917,46.8,1,71.8,64.2,9.3,68.5,9.1,100.0,63.9,1,0,3,0.5964,1
S03047,15,afternoon,13.1,1.0,73.6,3,71.9,78.3,11.8,78.1,7.76,100.0,64.0,1,1,2,0.4792,0
S03048,2,late_night,11.5,0.837,97.8,2,73.5,64.9,13.4,57.8,8.07,100.0,79.7,2,1,1,0.4657,1
S03049,2,late_night,12.4,0.729,87.3,0,86.8,96.6,8.3,68.5,6.73,100.0,52.0,0,1,4,0.6451,1
S03050,0,late_night,21.9,0.847,100.0,0,64.7,80.1,10.2,68.2,7.85,100.0,74.9,2,0,5,0.6366,0
S03051,1,late_night,9.7,0.68,82.3,0,46.4,47.8,15.9,54.6,4.23,100.0,24.5,0,2,1,0.1004,0
S03052,7,morning,13.8,0.013,63.1,2,63.8,48.7,10.4,50.8,7.59,71.6,35.1,1,0,0,0.0309,0
S03053,0,late_night,17.3,0.835,87.2,0,60.8,51.4,6.0,77.5,5.58,100.0,50.6,1,1,4,0.2257,0
S03054,22,night,9.0,0.373,89.2,1,51.3,45.3,10.0,69.5,5.4,100.0,35.8,1,1,3,0.0514,0
S03055,21,evening,10.3,0.272,59.7,3,56.7,45.2,21.2,40.7,4.6,100.0,56.4,0,0,8,0.0354,0
S03056,4,late_night,10.9,0.413,63.3,0,63.1,37.4,10.6,92.5,5.64,100.0,42.6,0,0,1,0.0514,0
S03057,7,morning,5.9,0.543,68.3,2,41.3,44.1,13.5,55.8,6.65,100.0,67.2,1,1,0,0.2307,0
S03058,17,afternoon,9.2,0.227,28.4,1,59.2,37.3,8.0,70.1,5.76,100.0,64.0,0,0,2,0.0486,0
S03059,15,afternoon,13.4,0.446,71.7,0,57.6,60.4,18.0,55.1,6.19,100.0,43.0,1,0,1,0.0228,0
S03060,13,afternoon,13.5,0.832,90.2,0,81.3,81.5,8.4,82.5,8.52,100.0,56.8,2,0,1,0.8796,1
S03061,23,night,11.3,0.624,73.8,1,62.5,76.0,9.8,75.6,5.2,100.0,54.9,2,0,7,0.2257,0
S03062,15,afternoon,18.7,0.997,94.9,0,94.3,88.6,6.5,71.1,9.97,100.0,90.1,4,0,2,0.8601,1
S03063,16,afternoon,21.0,0.511,70.7,0,43.7,50.7,21.7,84.8,6.82,100.0,41.9,1,0,4,0.3103,1
S03064,12,afternoon,3.8,0.645,37.7,1,47.6,36.3,14.3,49.4,5.48,100.0,17.7,1,0,4,0.1123,0
S03065,12,afternoon,14.0,0.762,95.0,1,67.5,61.3,11.4,57.9,6.64,100.0,48.7,2,0,9,0.3399,0
S03066,6,morning,11.8,0.788,66.5,4,89.3,78.4,1.0,57.6,6.9,100.0,42.7,0,0,5,0.0969,1
S03067,12,afternoon,10.7,0.701,64.2,1,68.9,63.2,16.5,60.0,4.35,100.0,34.6,2,1,2,0.2033,1
S03068,22,night,17.1,1.0,100.0,0,78.0,87.4,5.1,78.6,10.0,100.0,66.9,1,0,3,0.8115,1
S03069,9,morning,12.1,0.597,77.9,2,51.2,46.1,10.3,38.4,6.78,100.0,32.3,2,2,3,0.185,0
S03070,3,late_night,17.5,1.0,81.0,2,61.4,73.1,7.2,80.6,6.14,100.0,65.2,2,1,4,0.5348,0
S03071,14,afternoon,13.4,0.825,83.2,1,75.0,72.9,17.4,65.7,5.97,100.0,38.2,1,0,9,0.1358,0
S03072,18,evening,11.7,0.297,40.1,1,41.6,59.0,15.0,43.1,6.13,100.0,89.9,1,0,2,0.0619,0
S03073,23,night,19.4,0.483,75.0,1,79.8,74.8,4.4,82.7,8.01,100.0,75.5,1,0,3,0.3435,1
S03074,13,afternoon,19.1,0.688,99.6,0,73.7,82.5,8.6,97.1,8.28,100.0,51.6,4,1,2,0.7569,0
S03075,18,evening,7.2,0.355,53.0,1,61.1,43.1,10.4,33.9,5.99,100.0,38.3,1,0,2,0.0536,0
S03076,6,morning,14.0,0.651,55.0,1,43.7,56.6,13.5,81.4,6.86,100.0,52.1,2,0,2,0.095,0
S03077,10,morning,8.8,0.151,57.4,4,39.5,32.4,13.9,42.7,3.54,100.0,55.7,2,0,2,0.0076,0
S03078,10,morning,5.0,0.6,61.5,0,50.3,36.0,8.2,31.9,4.55,100.0,40.7,0,0,6,0.0425,0
S03079,7,morning,8.9,0.429,88.1,2,69.9,74.2,9.6,78.5,8.65,100.0,43.9,1,0,2,0.2818,0
S03080,17,afternoon,2.5,0.154,45.6,0,58.0,59.0,12.7,55.5,6.64,100.0,30.4,2,0,3,0.189,0
S03081,21,evening,9.0,0.357,22.9,1,50.1,43.2,9.2,60.1,5.56,100.0,48.1,1,0,2,0.0703,0
S03082,7,morning,13.9,0.416,85.7,2,73.2,57.8,3.7,66.3,6.1,100.0,45.5,1,0,3,0.4021,0
S03083,3,late_night,5.7,0.22,49.6,1,59.9,52.2,14.2,60.5,6.91,100.0,56.1,1,0,4,0.0622,0
S03084,19,evening,14.8,0.352,57.1,2,58.3,39.9,11.8,51.6,5.02,100.0,20.3,2,0,3,0.0723,0
S03085,20,evening,14.8,0.509,43.2,1,77.7,78.0,9.7,57.8,8.79,100.0,66.5,3,2,3,0.7726,1
S03086,22,night,13.9,0.378,76.0,2,32.5,36.8,17.3,58.1,4.5,100.0,43.2,1,0,3,0.023,0
S03087,6,morning,10.8,0.29,68.0,3,41.6,31.5,6.1,45.7,4.63,100.0,23.3,0,0,3,0.0172,0
S03088,17,afternoon,8.2,0.465,75.9,1,48.0,65.7,11.9,68.5,6.7,100.0,61.4,3,0,4,0.4844,1
S03089,17,afternoon,16.7,0.694,82.3,0,77.1,77.7,12.7,90.5,7.78,100.0,68.3,0,0,3,0.405,0
S03090,18,evening,18.4,0.939,49.0,1,79.0,65.0,8.8,73.7,7.96,100.0,50.3,4,1,4,0.8505,1
S03091,19,evening,7.8,0.744,49.9,3,65.9,56.2,7.7,63.1,4.45,100.0,60.7,1,0,7,0.1181,0
S03092,22,night,9.0,0.72,70.7,0,74.8,78.7,7.5,71.9,7.95,100.0,40.1,2,1,3,0.6064,1
S03093,11,morning,10.0,0.477,52.5,0,44.3,70.7,11.8,49.0,6.62,100.0,15.9,1,0,1,0.2945,0
S03094,1,late_night,13.5,0.787,80.5,0,83.3,80.7,2.0,63.3,8.43,100.0,63.4,3,0,5,0.7065,1
S03095,4,late_night,13.1,0.476,64.6,0,27.6,41.5,15.8,49.1,3.71,100.0,34.9,0,0,2,0.0368,0
S03096,21,evening,14.4,0.827,95.7,0,71.9,69.3,9.4,74.6,7.75,100.0,44.3,5,1,3,0.876,1
S03097,20,evening,16.9,0.717,42.5,2,28.7,54.7,10.7,44.3,4.64,100.0,59.6,1,0,5,0.1257,0
S03098,0,late_night,9.5,0.474,86.0,0,87.4,86.1,11.9,59.7,6.78,100.0,70.3,4,2,2,0.7825,1
S03099,8,morning,14.3,0.592,85.4,1,64.3,78.1,8.7,48.5,6.6,100.0,83.2,4,0,1,0.5241,0
S03100,5,late_night,14.7,0.465,48.0,2,46.5,38.6,20.0,72.2,7.01,100.0,55.2,0,0,1,0.0234,0
S03101,7,morning,6.9,0.466,62.9,2,44.4,56.4,12.0,56.7,5.84,100.0,60.2,0,1,5,0.0769,0
S03102,15,afternoon,13.7,0.479,83.2,2,62.7,66.1,6.6,53.4,7.09,100.0,46.6,0,1,3,0.3338,1
S03103,12,afternoon,13.5,0.448,78.6,0,79.6,50.6,6.2,66.4,8.37,100.0,29.2,2,0,2,0.2492,0
S03104,11,morning,9.1,0.701,79.5,4,44.8,64.5,12.5,61.3,7.03,100.0,84.2,3,1,2,0.2189,0
S03105,10,morning,13.1,0.405,71.8,0,65.6,37.6,7.6,67.9,5.08,100.0,62.7,0,2,4,0.1943,0
S03106,15,afternoon,9.1,0.313,71.4,2,61.0,66.7,11.1,67.5,9.2,100.0,83.6,1,2,7,0.5941,0
S03107,16,afternoon,12.0,0.741,53.5,2,44.8,58.1,10.1,87.7,6.84,100.0,38.1,0,0,4,0.1934,0
S03108,1,late_night,10.2,0.448,63.4,1,56.7,39.8,12.9,72.6,5.98,100.0,62.3,3,0,2,0.2495,0
S03109,3,late_night,8.7,0.405,65.0,1,63.5,47.2,13.5,57.7,5.01,100.0,54.5,1,0,3,0.0566,0
S03110,8,morning,8.7,0.402,57.0,1,57.4,61.7,15.5,60.2,4.8,100.0,72.3,4,0,3,0.196,0
S03111,10,morning,19.8,0.71,88.5,0,69.1,79.4,7.4,80.0,7.72,100.0,71.0,1,0,2,0.374,1
S03112,23,night,19.8,1.0,100.0,0,76.9,79.3,9.5,63.8,7.18,100.0,61.3,3,0,6,0.6859,0
S03113,21,evening,10.2,0.344,66.3,4,61.3,100.0,12.2,82.6,8.53,100.0,63.9,4,2,5,0.6735,1
S03114,15,afternoon,7.7,0.28,61.4,1,57.1,57.9,6.6,67.2,5.4,100.0,51.4,1,2,2,0.0794,0
S03115,0,late_night,10.4,0.537,64.5,0,73.5,53.8,12.6,55.8,7.35,100.0,72.0,2,0,2,0.5101,1
S03116,2,late_night,12.2,0.445,39.5,3,72.7,31.7,16.6,47.7,6.37,100.0,39.1,1,1,2,0.0505,0
S03117,10,morning,12.6,0.428,98.8,2,54.6,63.8,16.2,67.2,6.76,100.0,43.5,2,0,0,0.1573,0
S03118,14,afternoon,12.7,0.555,56.7,1,60.3,27.4,9.2,33.0,5.09,100.0,47.6,2,0,3,0.0814,0
S03119,15,afternoon,6.9,0.58,47.1,0,48.5,26.0,10.3,37.5,3.35,100.0,56.7,1,0,5,0.0549,0
S03120,3,late_night,9.3,0.656,55.8,1,47.3,46.4,11.1,60.1,5.36,100.0,57.8,0,2,3,0.185,0
S03121,21,evening,16.2,0.69,65.7,0,62.0,66.1,11.2,75.7,5.95,100.0,51.2,3,0,1,0.3958,1
S03122,11,morning,11.8,0.708,65.1,1,66.8,83.6,10.7,90.1,5.85,100.0,75.0,1,2,3,0.6508,1
S03123,14,afternoon,14.4,0.634,95.9,1,81.2,54.3,9.5,72.6,7.03,100.0,67.1,4,0,2,0.4506,1
S03124,0,late_night,6.5,0.328,53.2,0,78.0,66.5,12.3,26.7,6.0,100.0,49.6,1,2,1,0.1331,0
S03125,19,evening,11.4,0.428,51.4,1,70.4,34.1,1.0,54.7,5.82,100.0,42.7,0,1,1,0.1772,1
S03126,13,afternoon,15.9,0.273,77.9,1,71.6,48.5,14.7,100.0,5.03,100.0,52.1,2,0,3,0.0663,0
S03127,5,late_night,10.4,0.582,71.7,1,63.5,71.0,17.1,68.4,5.36,100.0,48.1,2,0,3,0.3218,0
S03128,7,morning,13.1,0.488,60.8,0,62.5,44.1,11.2,22.7,5.64,100.0,39.1,0,1,5,0.1309,0
S03129,8,morning,3.8,0.316,81.4,3,65.4,75.1,12.1,94.5,6.17,100.0,68.5,1,1,8,0.1928,0
S03130,0,late_night,11.8,0.665,77.4,1,79.0,40.6,17.4,53.3,7.26,100.0,75.9,3,1,3,0.5347,0
S03131,22,night,9.3,0.275,63.9,3,64.0,39.8,13.5,61.5,5.69,100.0,50.1,0,0,5,0.0293,0
S03132,19,evening,19.1,0.344,49.3,0,67.8,64.2,13.1,48.8,6.35,100.0,55.2,1,1,4,0.1904,0
S03133,21,evening,5.5,0.331,40.0,2,45.1,54.6,20.6,81.6,6.46,100.0,40.2,3,0,3,0.2262,0
S03134,8,morning,13.1,0.247,55.3,2,49.5,56.8,21.2,39.2,4.45,100.0,35.9,1,1,4,0.0288,0
S03135,13,afternoon,12.9,0.503,44.7,2,54.0,44.7,10.0,42.6,5.92,100.0,60.2,0,0,4,0.0613,0
S03136,10,morning,12.9,0.706,84.2,0,84.1,62.0,7.8,88.5,8.28,100.0,43.5,0,0,5,0.5846,0
S03137,11,morning,13.7,0.873,51.5,1,74.4,63.6,13.4,67.1,7.47,100.0,52.1,0,1,4,0.4684,1
S03138,14,afternoon,14.2,0.542,67.6,3,63.3,93.3,12.9,73.7,6.28,100.0,48.5,1,1,4,0.1993,0
S03139,10,morning,12.0,0.765,83.2,0,85.6,70.5,10.9,93.7,8.71,100.0,73.2,3,0,0,0.7944,1
S03140,18,evening,9.6,0.896,67.9,2,54.9,38.4,1.9,62.0,6.74,100.0,50.9,1,1,1,0.1347,0
S03141,1,late_night,26.2,0.68,100.0,0,93.7,100.0,1.0,82.0,8.43,100.0,64.6,2,2,1,0.8792,1
S03142,4,late_night,13.4,0.773,63.3,3,76.9,42.1,19.6,50.1,6.86,100.0,74.0,1,1,2,0.0651,0
S03143,21,evening,12.1,0.919,62.0,1,58.3,83.1,14.6,60.2,8.52,100.0,81.0,0,0,3,0.6475,1
S03144,21,evening,11.3,0.643,85.5,1,60.3,85.2,14.2,64.7,6.0,100.0,58.5,2,0,6,0.3964,1
S03145,19,evening,15.4,0.54,68.2,0,66.0,60.3,6.3,75.8,8.21,100.0,59.4,3,0,4,0.5869,1
S03146,8,morning,17.6,0.961,98.0,0,57.8,73.4,8.7,73.7,7.89,100.0,52.5,1,1,5,0.519,0
S03147,10,morning,9.4,0.469,64.2,0,46.0,34.5,14.5,69.2,6.64,100.0,54.0,2,0,4,0.0999,0
S03148,0,late_night,23.5,0.675,84.0,0,80.5,95.3,2.9,62.4,7.75,100.0,47.6,2,1,2,0.7649,1
S03149,6,morning,18.0,0.508,69.8,2,43.3,34.5,8.7,68.2,6.42,100.0,71.3,0,2,3,0.2093,0
S03150,17,afternoon,15.5,0.477,75.6,0,81.5,45.7,13.0,64.2,5.82,100.0,54.6,0,0,5,0.3404,0
S03151,8,morning,5.9,0.224,56.4,2,45.5,46.7,16.2,57.9,6.44,100.0,39.2,1,0,4,0.0784,0
S03152,11,morning,9.2,0.835,74.8,0,60.6,70.4,9.1,75.6,6.22,100.0,52.5,2,0,4,0.2709,0
S03153,2,late_night,10.3,0.375,91.9,1,70.6,38.3,16.2,47.9,8.11,100.0,64.8,2,1,1,0.1505,0
S03154,11,morning,10.4,0.453,80.9,0,51.3,43.0,17.0,54.0,6.27,100.0,47.5,2,0,5,0.1731,0
S03155,17,afternoon,2.6,0.145,79.6,1,57.2,27.2,6.4,69.5,6.04,97.6,38.5,0,0,7,0.0652,0
S03156,13,afternoon,22.0,0.957,71.2,0,86.3,91.6,13.2,95.0,8.12,100.0,39.7,5,3,4,0.9804,1
S03157,13,afternoon,16.4,0.279,50.2,0,57.3,44.7,17.2,57.9,6.88,100.0,52.3,2,1,3,0.2419,1
S03158,21,evening,9.9,0.095,61.6,2,52.2,30.0,15.7,31.4,4.68,90.2,51.9,0,0,4,0.011,0
S03159,5,late_night,7.2,0.423,76.0,2,43.0,56.0,12.8,60.8,5.17,100.0,43.5,1,0,4,0.0492,0
S03160,7,morning,8.7,0.754,61.8,0,64.7,60.7,15.3,44.7,5.79,100.0,42.8,0,0,3,0.0767,0
S03161,14,afternoon,14.8,0.72,63.9,0,42.4,72.4,13.0,65.9,5.86,100.0,41.4,7,0,4,0.7737,1
S03162,11,morning,13.1,0.735,95.3,2,79.3,64.2,9.8,62.2,7.12,100.0,52.7,2,1,2,0.3746,0
S03163,23,night,15.8,0.626,85.7,2,62.6,76.1,17.1,74.2,7.08,100.0,42.3,2,2,3,0.1196,0
S03164,1,late_night,12.5,0.386,80.7,5,51.4,48.6,4.9,47.7,4.48,100.0,34.3,5,0,1,0.0664,0
S03165,2,late_night,17.4,0.759,66.1,0,63.1,56.9,8.7,61.8,7.39,100.0,49.9,1,0,8,0.4157,1
S03166,8,morning,4.8,0.306,55.2,2,39.7,52.6,15.5,41.4,7.66,100.0,78.0,1,0,2,0.0888,0
S03167,11,morning,11.0,0.624,79.3,0,42.0,44.2,13.0,52.2,4.39,100.0,86.3,1,1,1,0.147,0
S03168,21,evening,7.8,0.66,58.7,1,54.2,41.2,16.6,54.5,5.38,100.0,67.2,0,0,3,0.0818,0
S03169,11,morning,8.0,0.203,51.3,3,51.4,54.2,8.8,44.8,6.85,100.0,57.5,1,0,2,0.0756,0
S03170,10,morning,18.7,0.571,64.8,0,63.9,84.6,8.9,69.9,6.89,100.0,32.3,0,3,4,0.6194,0
S03171,4,late_night,18.0,0.544,67.8,1,73.7,64.1,15.2,71.5,7.7,100.0,99.3,0,0,2,0.3865,0
S03172,10,morning,20.5,0.403,90.9,1,77.3,82.1,4.1,84.8,7.97,100.0,66.7,4,2,3,0.6965,0
S03173,12,afternoon,13.8,0.462,47.7,0,56.7,43.2,11.0,71.4,7.2,100.0,38.7,1,0,5,0.2825,0
S03174,14,afternoon,13.9,0.927,85.7,0,56.4,65.4,8.3,55.0,9.19,100.0,100.0,1,0,3,0.4099,0
S03175,14,afternoon,5.7,0.077,45.3,3,38.5,24.3,17.0,51.8,2.77,97.6,43.0,2,0,5,0.0114,0
S03176,10,morning,7.7,0.945,73.8,0,74.0,70.1,11.8,87.9,7.64,100.0,72.7,2,0,2,0.415,0
S03177,3,late_night,17.9,0.49,69.2,1,61.5,69.3,12.0,72.4,6.19,100.0,51.3,3,0,4,0.251,0
S03178,3,late_night,12.6,1.0,71.7,3,61.6,73.4,9.6,39.9,7.15,100.0,67.3,2,1,2,0.5707,0
S03179,3,late_night,15.2,0.471,68.7,4,69.2,68.4,11.5,69.4,6.96,100.0,67.6,2,1,3,0.2275,1
S03180,14,afternoon,11.8,0.373,55.4,0,60.8,45.8,13.3,67.7,5.12,100.0,62.0,1,0,4,0.0684,0
S03181,20,evening,2.5,0.143,49.4,1,34.3,35.1,14.9,40.1,3.76,100.0,65.3,0,0,5,0.0339,0
S03182,21,evening,6.2,0.306,84.1,1,48.5,62.4,19.3,89.0,4.7,100.0,53.1,4,1,8,0.1343,0
S03183,7,morning,19.9,0.902,74.9,2,94.2,47.4,6.1,42.1,9.25,100.0,61.5,0,0,2,0.4381,0
S03184,1,late_night,15.2,0.748,73.6,0,71.2,59.7,12.0,71.3,5.88,100.0,58.4,6,0,3,0.5362,1
S03185,15,afternoon,5.6,0.551,49.4,1,30.9,43.8,11.0,55.6,6.22,100.0,31.1,0,0,3,0.0978,0
S03186,0,late_night,8.6,0.14,56.0,1,43.5,62.6,21.8,53.3,4.39,100.0,35.5,0,1,1,0.0198,0
S03187,15,afternoon,14.2,0.572,54.6,1,43.8,43.7,13.8,55.9,5.8,100.0,46.0,0,0,3,0.0874,0
S03188,9,morning,14.7,0.302,78.6,4,59.5,49.9,7.6,45.6,8.08,100.0,71.8,2,0,3,0.1798,0
S03189,20,evening,2.0,0.078,47.8,3,46.7,23.5,13.8,40.1,5.8,88.3,53.9,1,0,4,0.0076,0
S03190,15,afternoon,14.3,0.384,24.9,1,36.6,31.6,9.0,53.2,3.5,100.0,45.1,1,0,5,0.0304,0
S03191,17,afternoon,13.4,0.472,64.3,3,68.7,55.0,11.1,27.6,5.26,100.0,46.1,1,0,0,0.0543,0
S03192,9,morning,11.6,0.574,66.5,1,61.9,78.2,14.3,73.8,6.57,100.0,38.0,1,1,3,0.2037,0
S03193,20,evening,3.7,0.516,51.8,2,41.3,38.0,19.8,47.6,6.23,100.0,34.4,0,1,3,0.1122,0
S03194,12,afternoon,15.9,0.707,82.7,1,46.4,46.8,16.6,67.4,6.42,100.0,56.6,3,0,1,0.1105,0
S03195,15,afternoon,17.1,1.0,37.5,0,63.8,73.7,9.5,83.8,7.51,100.0,61.5,2,0,1,0.3912,0
S03196,8,morning,2.3,0.117,83.2,0,31.9,20.4,16.9,92.4,6.79,94.5,58.9,2,0,6,0.0594,0
S03197,10,morning,10.5,0.819,84.2,0,55.6,69.9,15.6,76.5,7.85,100.0,50.5,0,1,4,0.2787,1
S03198,20,evening,27.6,1.0,68.8,0,63.4,57.6,18.9,58.9,8.33,100.0,69.7,4,1,2,0.8178,0
S03199,9,morning,10.8,0.414,59.9,1,62.8,55.9,10.4,83.3,5.41,100.0,29.5,1,0,1,0.0865,0
S03200,0,late_night,7.3,0.13,73.0,2,47.3,53.6,19.2,23.1,3.22,100.0,37.3,0,0,2,0.0076,0
S03201,9,morning,11.5,0.448,87.3,0,82.4,81.8,5.3,69.5,6.5,100.0,65.9,3,0,2,0.3922,0
S03202,9,morning,18.2,0.412,58.0,0,61.2,56.8,17.3,60.7,4.62,100.0,53.4,1,1,4,0.1121,0
S03203,10,morning,18.7,1.0,54.6,2,79.7,73.5,7.3,70.3,7.65,100.0,72.7,2,0,3,0.6361,1
S03204,1,late_night,18.9,0.618,100.0,0,74.1,69.1,8.4,70.1,7.91,100.0,75.2,2,3,3,0.5655,1
S03205,3,late_night,12.0,0.375,81.6,0,75.8,63.2,11.5,56.2,8.1,100.0,71.3,2,0,6,0.2206,0
S03206,7,morning,18.5,0.485,76.2,1,57.3,86.3,7.9,82.7,8.3,100.0,81.7,7,0,2,0.7716,1
S03207,10,morning,9.6,0.334,75.2,1,72.3,49.3,13.1,59.7,6.14,100.0,84.2,1,3,4,0.4269,1
S03208,0,late_night,15.7,0.878,87.5,1,76.2,50.2,14.9,71.8,7.88,100.0,55.8,5,1,3,0.8054,0
S03209,9,morning,11.5,0.449,76.7,1,64.1,31.8,4.7,77.2,6.3,100.0,86.2,0,2,2,0.4467,0
S03210,7,morning,17.7,0.976,39.0,2,61.6,36.8,11.2,74.1,4.99,100.0,98.6,4,0,1,0.2108,1
S03211,0,late_night,13.1,0.666,64.2,0,71.0,42.7,7.8,59.3,5.56,100.0,35.1,3,1,1,0.1338,0
S03212,6,morning,11.6,0.822,68.8,2,55.5,51.9,14.2,75.4,6.84,100.0,50.4,0,1,1,0.2692,0
S03213,6,morning,9.2,0.348,59.4,3,37.7,38.7,19.7,73.2,7.5,100.0,54.3,0,0,5,0.0688,0
S03214,3,late_night,8.3,0.484,89.7,0,66.5,82.5,9.3,56.6,8.01,100.0,64.6,2,1,2,0.735,0
S03215,18,evening,4.1,0.445,46.9,3,64.8,72.0,8.3,54.1,5.7,100.0,32.5,2,2,3,0.1896,0
S03216,1,late_night,11.4,0.079,39.2,1,44.7,32.1,8.2,40.6,4.63,100.0,32.9,1,0,6,0.0153,0
S03217,13,afternoon,14.1,0.913,69.4,1,67.1,68.5,17.4,77.9,8.28,100.0,65.5,3,0,1,0.7258,0
S03218,15,afternoon,17.7,0.808,90.2,0,76.9,100.0,12.8,98.2,8.71,100.0,65.1,3,1,2,0.8919,1
S03219,19,evening,18.3,0.891,90.5,0,65.5,79.2,2.1,63.8,7.25,100.0,70.3,2,1,4,0.8194,1
S03220,13,afternoon,21.9,0.791,100.0,0,60.0,80.1,11.8,66.4,8.8,100.0,92.9,2,0,3,0.7818,1
S03221,13,afternoon,14.4,0.504,66.4,0,58.1,60.7,7.4,47.2,8.0,100.0,36.8,3,2,2,0.5079,0
S03222,18,evening,14.7,0.067,69.2,6,39.5,31.3,13.3,32.4,5.89,96.8,79.7,0,0,7,0.0071,0
S03223,20,evening,8.5,0.334,65.9,2,42.3,56.2,10.7,33.8,4.17,100.0,72.2,1,0,5,0.0256,0
S03224,5,late_night,14.0,0.545,80.2,2,64.7,59.3,3.5,38.8,6.62,100.0,30.6,1,5,2,0.5622,1
S03225,19,evening,11.2,0.642,64.9,1,70.8,51.5,13.0,48.8,5.54,100.0,33.5,2,1,0,0.3057,0
S03226,11,morning,4.1,0.27,56.7,2,57.1,25.4,21.4,39.3,6.55,100.0,43.5,2,0,3,0.1193,0
S03227,2,late_night,15.6,0.664,53.5,1,66.6,49.5,8.4,59.3,6.04,100.0,40.3,1,0,3,0.2936,0
S03228,14,afternoon,4.1,0.971,58.0,1,71.0,60.0,14.3,89.1,5.25,100.0,67.4,3,1,5,0.4867,0
S03229,23,night,5.3,0.387,63.6,7,47.9,43.5,19.1,26.9,5.38,100.0,55.8,1,0,6,0.0298,0
S03230,3,late_night,10.7,0.64,65.6,1,52.4,42.4,15.8,69.2,6.54,100.0,54.4,3,0,3,0.23,0
S03231,0,late_night,13.4,0.891,75.8,0,79.1,79.7,17.0,98.6,7.76,100.0,69.7,3,0,4,0.7021,1
S03232,21,evening,7.0,0.768,71.4,0,66.3,35.7,18.0,61.8,7.17,100.0,46.5,1,1,5,0.2154,1
S03233,14,afternoon,22.0,0.755,74.0,1,69.7,57.0,17.5,75.7,6.91,100.0,66.2,2,2,3,0.5968,0
S03234,5,late_night,15.0,0.617,52.4,1,40.9,37.5,8.4,72.4,7.38,100.0,80.8,1,0,1,0.1027,1
S03235,19,evening,10.9,0.625,70.4,0,73.5,63.6,13.9,75.6,5.76,100.0,22.5,4,2,0,0.4511,1
S03236,9,morning,13.4,0.56,91.1,1,81.9,74.6,15.8,87.4,7.98,100.0,61.9,1,3,3,0.7393,0
S03237,7,morning,9.1,0.42,60.6,0,70.4,66.1,7.4,71.6,6.51,100.0,66.4,0,2,2,0.2469,0
S03238,6,morning,17.5,0.94,80.4,1,52.1,60.7,1.0,59.3,7.43,100.0,59.0,0,1,3,0.3191,1
S03239,14,afternoon,7.5,0.176,60.0,1,59.0,40.2,9.2,63.3,5.99,100.0,52.8,1,0,3,0.0464,0
S03240,3,late_night,7.5,0.866,67.5,0,75.7,69.7,6.9,100.0,7.16,100.0,79.7,0,2,3,0.6687,1
S03241,8,morning,9.8,0.505,58.8,0,46.7,33.6,16.0,48.5,4.86,100.0,42.1,3,0,1,0.0509,0
S03242,7,morning,14.5,0.772,48.5,0,75.0,62.6,9.2,65.1,6.56,100.0,89.7,2,1,3,0.7159,0
S03243,1,late_night,16.6,0.486,73.7,2,42.9,83.3,11.5,66.2,10.0,100.0,34.3,3,3,3,0.9346,1
S03244,18,evening,13.2,0.465,53.4,2,66.9,63.0,8.6,49.7,7.24,100.0,67.2,2,1,2,0.801,1
S03245,0,late_night,11.5,0.676,88.8,1,58.6,45.2,10.8,55.5,7.01,100.0,56.8,4,2,2,0.4518,1
S03246,23,night,17.4,0.365,61.9,2,64.8,63.8,13.4,56.4,6.01,100.0,53.8,0,1,2,0.0609,0
S03247,2,late_night,8.0,0.101,50.6,1,46.2,54.2,12.2,46.0,3.3,99.1,58.3,0,0,4,0.0129,1
S03248,8,morning,17.5,1.0,94.4,0,61.8,87.4,13.5,71.8,8.38,100.0,51.0,1,0,2,0.7147,1
S03249,2,late_night,10.4,0.42,56.0,2,73.6,60.1,17.1,64.4,7.42,100.0,72.6,1,0,2,0.1265,1
S03250,8,morning,18.2,0.524,68.0,0,49.2,64.7,5.1,73.2,5.98,100.0,91.5,2,4,3,0.8127,1
S03251,14,afternoon,6.0,0.495,42.2,0,64.5,46.7,13.0,52.3,8.86,100.0,50.4,1,0,1,0.296,1
S03252,2,late_night,5.9,0.59,78.4,4,30.5,52.0,9.1,51.8,4.96,100.0,38.8,0,0,5,0.0571,0
S03253,12,afternoon,10.1,0.262,100.0,2,67.0,90.8,3.1,76.6,6.45,100.0,79.8,1,1,1,0.4473,1
S03254,18,evening,8.5,0.728,41.9,3,53.1,41.8,16.9,47.4,6.41,100.0,67.5,0,1,4,0.1677,0
S03255,10,morning,18.0,0.419,60.5,0,73.2,32.5,19.3,70.7,5.97,100.0,33.6,0,2,1,0.1051,1
S03256,2,late_night,7.6,0.506,65.9,3,74.3,48.7,12.0,47.4,4.18,100.0,59.4,2,0,1,0.0759,0
S03257,16,afternoon,19.8,0.661,75.4,0,61.9,70.2,16.0,87.9,8.04,100.0,76.5,4,0,5,0.9031,1
S03258,4,late_night,15.4,0.817,62.5,2,53.9,37.2,11.2,51.8,5.31,100.0,48.9,1,1,1,0.0918,0
S03259,0,late_night,10.9,0.524,65.5,3,78.0,50.4,11.7,63.0,4.55,100.0,75.5,2,0,5,0.1253,0
S03260,10,morning,16.3,0.424,77.0,2,55.6,64.4,18.5,65.3,5.84,100.0,31.6,3,1,7,0.1393,1
S03261,6,morning,10.8,0.326,46.8,2,40.5,33.3,10.5,49.3,4.27,100.0,16.2,0,0,2,0.008,0
S03262,0,late_night,13.5,0.618,75.5,0,66.3,64.3,15.0,69.6,6.51,100.0,73.0,4,0,4,0.3966,0
S03263,18,evening,19.8,0.827,66.2,0,87.6,79.1,7.4,89.8,8.92,100.0,52.5,2,1,5,0.7621,1
S03264,14,afternoon,17.9,0.564,59.9,4,60.7,23.5,10.1,58.1,6.1,100.0,51.5,2,0,1,0.1255,0
S03265,21,evening,10.6,0.609,47.1,1,61.2,70.1,9.2,67.6,6.9,100.0,40.4,0,1,3,0.2043,0
S03266,11,morning,1.0,0.0,41.9,4,19.0,14.1,8.8,27.5,1.65,55.4,51.3,0,0,1,0.0015,0
S03267,10,morning,7.8,0.476,61.1,0,72.7,42.3,17.1,39.7,6.43,100.0,59.9,1,1,5,0.2313,0
S03268,20,evening,15.0,0.624,81.6,2,48.5,44.9,13.5,59.0,5.07,100.0,51.1,0,0,0,0.0648,0
S03269,1,late_night,14.1,0.293,62.6,3,31.0,49.0,13.0,37.8,3.88,100.0,31.6,1,0,4,0.0175,0
S03270,8,morning,13.1,0.847,80.5,0,58.4,73.7,7.1,67.1,8.57,100.0,59.1,2,3,5,0.725,1
S03271,19,evening,2.5,0.507,67.1,0,50.3,61.2,13.9,48.0,4.81,100.0,58.0,1,0,3,0.1995,0
S03272,7,morning,8.8,0.48,36.6,3,72.8,60.8,15.9,51.4,6.4,100.0,46.0,0,0,3,0.0954,0
S03273,21,evening,13.1,0.732,37.0,1,43.6,38.7,11.7,50.0,5.6,100.0,45.3,2,0,3,0.2015,0
S03274,6,morning,6.0,0.0,49.9,3,52.2,0.0,19.7,46.7,3.44,72.1,43.7,0,0,1,0.0056,0
S03275,9,morning,9.3,0.245,65.1,0,59.5,43.6,15.4,53.5,6.47,100.0,58.3,0,0,1,0.0326,0
S03276,21,evening,12.8,0.941,74.2,1,73.8,79.0,9.7,73.9,6.96,100.0,67.1,3,2,3,0.7822,1
S03277,5,late_night,9.7,0.6,40.2,2,9.2,26.0,19.9,53.3,3.65,100.0,60.0,0,0,6,0.013,0
S03278,23,night,11.1,0.892,60.3,2,39.0,55.2,11.5,90.3,4.92,100.0,49.1,0,0,2,0.0182,0
S03279,1,late_night,13.1,0.5,61.9,2,48.9,40.4,7.8,63.7,6.24,100.0,67.8,0,0,2,0.0534,0
S03280,6,morning,17.9,0.903,95.6,0,98.2,78.3,8.3,92.1,8.26,100.0,48.0,7,0,1,0.8043,1
S03281,14,afternoon,16.4,0.829,87.0,0,63.5,57.7,10.6,73.8,6.64,100.0,65.6,1,0,3,0.474,1
S03282,14,afternoon,12.2,0.721,57.2,2,45.6,58.6,12.2,63.6,4.96,100.0,56.8,1,0,4,0.0931,0
S03283,21,evening,12.2,0.808,79.7,1,77.5,65.3,14.2,56.9,7.89,100.0,98.2,2,2,3,0.8455,1
S03284,23,night,11.3,0.624,68.2,2,37.0,72.4,15.5,21.4,5.04,100.0,40.5,0,0,5,0.1111,0
S03285,16,afternoon,18.2,0.793,84.4,0,71.9,66.1,9.5,47.7,9.33,100.0,43.0,2,1,4,0.5398,1
S03286,15,afternoon,12.5,0.451,83.9,2,35.7,48.6,14.7,39.6,4.48,100.0,35.3,1,0,6,0.0215,0
S03287,7,morning,16.9,0.527,78.2,0,99.8,67.2,10.2,90.2,8.01,100.0,52.0,1,1,2,0.5291,1
S03288,19,evening,6.9,0.423,84.3,2,46.0,68.4,14.9,60.6,5.96,100.0,58.7,1,0,4,0.061,0
S03289,15,afternoon,5.7,0.291,44.4,1,67.0,59.2,14.3,46.0,5.08,100.0,29.9,0,0,2,0.0203,0
S03290,0,late_night,9.6,0.28,58.7,0,46.0,51.1,11.8,66.4,7.16,100.0,58.9,1,0,3,0.2637,0
S03291,19,evening,13.6,0.261,40.2,0,66.0,65.2,6.1,69.3,7.39,100.0,57.2,1,1,2,0.255,1
S03292,8,morning,10.0,0.391,68.3,0,59.1,66.4,10.2,40.3,6.52,100.0,65.7,2,0,5,0.0905,0
S03293,11,morning,9.2,0.58,84.1,1,68.1,69.4,12.0,73.7,7.66,100.0,67.6,5,1,2,0.4418,1
S03294,11,morning,5.7,0.484,27.0,0,53.8,38.8,13.9,65.6,4.24,100.0,63.9,0,2,5,0.2258,0
S03295,19,evening,5.5,0.754,77.8,0,76.1,67.5,4.8,94.0,7.62,100.0,66.1,2,0,2,0.5676,1
S03296,6,morning,1.0,0.654,82.6,1,69.5,55.2,8.9,65.9,6.74,100.0,75.2,2,1,3,0.3287,0
S03297,9,morning,11.3,0.489,77.7,2,57.5,59.0,8.4,81.7,5.92,100.0,32.3,3,0,1,0.1338,0
S03298,0,late_night,20.0,0.301,48.5,1,48.0,42.4,18.3,52.3,9.47,100.0,30.5,0,1,2,0.2364,0
S03299,8,morning,19.6,0.748,82.8,1,60.2,64.6,12.7,91.6,5.19,100.0,55.6,4,0,5,0.2371,0
S03300,2,late_night,9.7,0.612,74.5,2,64.8,44.2,12.6,60.9,7.01,100.0,59.6,2,3,4,0.5592,1
S03301,13,afternoon,18.8,0.773,95.4,0,82.8,73.4,7.6,92.4,8.6,100.0,52.0,1,2,4,0.7093,1
S03302,21,evening,9.0,0.654,75.6,0,72.0,61.6,7.6,75.8,7.45,100.0,69.0,4,1,4,0.752,0
S03303,11,morning,9.7,0.55,83.5,0,57.6,69.7,8.3,90.6,6.56,100.0,41.3,2,0,3,0.4882,1
S03304,21,evening,16.5,0.907,100.0,0,86.8,83.1,7.8,100.0,10.0,100.0,69.5,5,0,4,0.9788,1
S03305,23,night,12.6,0.515,71.1,1,74.5,54.6,9.9,55.2,5.94,100.0,57.8,2,0,7,0.2586,0
S03306,1,late_night,12.7,0.565,78.1,0,43.3,74.1,13.0,63.3,7.32,100.0,66.5,1,1,2,0.5357,0
S03307,12,afternoon,15.1,0.787,94.4,0,80.4,78.6,11.2,95.3,7.43,100.0,51.7,5,2,2,0.8361,1
S03308,12,afternoon,11.6,0.48,59.9,3,42.3,13.5,15.2,52.1,5.15,100.0,67.2,0,0,3,0.018,0
S03309,9,morning,9.3,0.793,49.6,1,71.4,44.7,14.3,66.9,5.94,100.0,77.5,2,0,2,0.0979,0
S03310,19,evening,10.6,0.716,76.1,2,66.2,66.2,10.9,43.6,7.53,100.0,75.0,1,0,5,0.4622,1
S03311,9,morning,9.6,1.0,96.7,2,64.5,71.7,9.5,66.2,7.79,100.0,86.0,2,1,1,0.6019,1
S03312,1,late_night,6.1,0.636,87.9,0,55.7,60.4,16.0,51.6,6.48,100.0,69.9,0,0,4,0.188,0
S03313,13,afternoon,6.4,0.679,81.8,0,77.6,66.7,19.0,74.6,7.08,100.0,65.1,2,1,4,0.5618,1
S03314,4,late_night,17.9,0.616,43.5,0,85.8,61.7,13.5,82.8,7.74,100.0,50.3,2,0,7,0.8105,1
S03315,8,morning,13.2,0.845,67.4,1,80.1,72.7,1.0,86.2,8.0,100.0,51.7,0,2,0,0.2128,0
S03316,12,afternoon,4.0,0.395,59.9,2,69.5,61.4,9.3,47.2,5.72,100.0,68.3,2,0,1,0.2966,1
S03317,17,afternoon,9.7,0.155,65.3,0,41.1,49.9,13.8,61.2,7.97,100.0,24.3,2,1,3,0.1534,0
S03318,6,morning,10.4,1.0,100.0,0,75.7,69.2,5.3,74.7,7.94,100.0,81.7,0,1,4,0.6948,1
S03319,9,morning,21.0,0.416,60.0,1,61.6,68.3,5.9,41.2,10.0,100.0,50.6,1,3,7,0.6487,1
S03320,1,late_night,4.9,0.397,90.8,7,29.6,21.8,13.5,49.9,6.95,100.0,37.4,2,0,6,0.01,0
S03321,9,morning,13.8,0.327,61.8,0,57.9,61.0,14.0,74.1,5.65,100.0,64.8,1,0,0,0.1263,1
S03322,13,afternoon,16.9,0.8,59.8,1,57.8,43.1,14.1,82.7,6.92,100.0,60.2,1,0,1,0.1601,0
S03323,14,afternoon,10.5,0.919,88.9,2,67.7,59.1,9.0,70.1,7.72,100.0,53.4,0,1,1,0.2556,1
S03324,7,morning,15.0,0.792,91.1,0,65.9,78.9,8.4,82.0,8.43,100.0,46.8,5,0,3,0.637,1
S03325,1,late_night,15.1,0.842,82.0,0,50.9,65.5,8.1,71.7,6.94,100.0,34.2,4,0,5,0.2523,0
S03326,13,afternoon,14.2,0.639,63.1,1,84.0,60.4,12.9,59.3,8.35,100.0,26.1,1,1,4,0.3516,0
S03327,15,afternoon,13.6,1.0,78.0,1,62.3,38.3,13.6,51.9,4.81,100.0,77.3,1,0,4,0.2016,0
S03328,2,late_night,4.7,0.598,49.1,1,37.5,48.0,17.0,54.0,5.15,100.0,47.7,2,1,3,0.1889,0
S03329,12,afternoon,13.4,0.331,56.0,0,58.7,46.8,13.0,56.3,6.02,100.0,40.1,3,0,1,0.1366,0
S03330,2,late_night,10.1,0.567,68.7,0,75.4,64.0,6.7,63.3,5.85,100.0,66.4,1,1,2,0.2543,1
S03331,10,morning,13.3,0.514,57.4,1,69.2,51.3,10.7,56.6,4.73,100.0,43.1,0,2,3,0.0674,0
S03332,15,afternoon,10.0,0.217,70.7,0,32.2,10.6,19.2,43.8,5.31,100.0,32.3,1,0,3,0.0309,0
S03333,17,afternoon,13.5,0.159,58.1,2,50.3,35.8,5.9,44.8,4.96,100.0,70.5,0,0,4,0.0325,0
S03334,17,afternoon,13.6,0.636,67.1,1,51.1,53.7,11.5,80.9,5.89,100.0,66.5,3,0,4,0.2985,1
S03335,18,evening,13.7,0.231,54.5,4,49.2,55.4,13.7,37.1,6.95,100.0,56.1,2,0,6,0.0816,0
S03336,5,late_night,14.0,0.008,83.6,2,50.4,40.6,20.5,58.3,7.45,86.9,45.2,0,2,4,0.1752,0
S03337,20,evening,19.4,0.554,63.9,0,51.2,55.7,8.6,64.9,6.47,100.0,61.4,0,2,6,0.5813,1
S03338,8,morning,8.6,0.237,78.5,2,42.6,52.4,13.7,48.5,4.28,100.0,57.2,2,0,7,0.0449,0
S03339,8,morning,7.8,0.133,73.0,4,43.9,48.5,22.0,34.0,3.9,100.0,49.1,0,0,2,0.0232,0
S03340,18,evening,14.7,0.0,60.5,4,51.7,56.4,10.3,40.0,7.23,60.1,71.1,2,0,6,0.1965,1
S03341,7,morning,12.3,0.494,76.6,0,71.3,65.3,14.8,73.3,8.51,100.0,44.6,2,1,3,0.7838,1
S03342,1,late_night,11.7,0.768,76.4,0,96.5,74.2,10.2,78.1,8.69,100.0,61.3,0,1,1,0.7859,1
S03343,17,afternoon,16.3,0.54,84.4,1,87.7,75.4,9.6,75.2,7.61,100.0,68.0,2,2,2,0.5913,1
S03344,15,afternoon,6.8,0.407,55.3,2,41.7,33.6,16.7,26.0,3.57,100.0,37.6,0,0,4,0.0071,0
S03345,13,afternoon,6.5,0.794,61.9,0,66.0,65.8,11.9,80.0,6.71,100.0,67.9,1,0,1,0.3065,1
S03346,3,late_night,14.8,0.692,72.7,0,61.4,73.3,20.5,63.9,7.57,100.0,76.7,3,1,1,0.3501,0
S03347,15,afternoon,18.3,0.782,47.7,0,57.3,65.4,3.4,27.5,6.86,100.0,57.0,2,0,3,0.5152,1
S03348,4,late_night,7.1,0.853,73.2,1,55.3,59.6,9.8,70.2,7.3,100.0,64.0,0,1,0,0.3421,0
S03349,13,afternoon,13.3,0.209,72.4,3,49.9,40.1,12.8,46.2,4.46,100.0,46.4,0,0,4,0.0145,0
S03350,12,afternoon,2.0,0.648,72.6,0,71.6,39.2,11.3,49.1,7.74,100.0,51.0,0,1,3,0.2234,0
S03351,18,evening,11.7,0.812,87.6,0,52.3,63.3,15.5,81.4,5.6,100.0,76.8,3,0,3,0.6173,0
S03352,23,night,21.8,0.587,70.9,2,67.0,68.6,8.6,82.2,7.39,100.0,47.4,1,1,1,0.353,0
S03353,4,late_night,8.3,0.271,56.7,2,47.0,30.2,15.6,57.2,6.07,100.0,62.6,3,0,1,0.0671,0
S03354,2,late_night,11.3,0.604,50.5,0,58.3,81.5,13.6,59.1,7.26,100.0,45.5,3,0,1,0.2811,0
S03355,13,afternoon,6.9,0.0,42.3,3,30.2,26.8,20.8,38.3,4.58,55.4,26.1,0,0,1,0.0039,0
S03356,22,night,3.3,0.239,94.5,0,57.9,39.2,12.7,36.2,6.96,100.0,66.4,1,0,0,0.1341,0
S03357,3,late_night,10.7,0.338,69.9,1,72.7,75.3,14.3,58.5,5.62,100.0,62.3,1,2,2,0.255,0
S03358,11,morning,9.2,0.487,53.1,2,39.1,37.8,13.5,65.6,7.7,100.0,39.1,1,0,3,0.0459,0
S03359,9,morning,19.9,0.619,56.2,0,52.7,70.3,7.7,76.3,7.77,100.0,53.5,2,0,5,0.5171,1
S03360,7,morning,6.9,0.748,45.6,0,61.8,58.3,18.5,48.8,6.09,100.0,52.8,2,1,10,0.3611,1
S03361,15,afternoon,3.7,0.027,39.5,4,47.4,20.8,13.5,39.4,3.73,88.1,45.0,0,0,2,0.0037,0
S03362,7,morning,8.9,0.387,83.1,2,48.0,57.0,9.7,50.9,7.5,100.0,49.0,0,1,2,0.0562,0
S03363,11,morning,5.1,0.516,56.2,1,52.2,62.2,10.4,53.7,5.01,100.0,75.5,1,0,3,0.0859,0
S03364,20,evening,18.0,0.463,59.5,1,63.8,75.3,12.6,58.3,5.76,100.0,41.3,4,0,1,0.1979,0
S03365,9,morning,8.3,0.237,47.0,4,53.2,38.6,12.7,37.5,5.17,100.0,24.6,1,0,1,0.0066,0
S03366,0,late_night,9.9,0.183,80.0,3,66.6,33.8,18.0,66.6,4.26,100.0,53.4,1,2,4,0.0559,0
S03367,21,evening,9.1,0.566,66.5,2,57.1,57.7,14.7,50.2,6.55,100.0,23.5,0,0,1,0.107,1
S03368,6,morning,10.7,0.904,63.0,0,68.5,47.3,10.3,55.8,7.47,100.0,45.2,2,0,5,0.3106,0
S03369,18,evening,10.5,0.363,66.4,0,54.9,66.2,8.1,67.6,6.37,100.0,46.3,4,0,6,0.2012,0
S03370,18,evening,6.2,0.716,100.0,3,64.9,45.9,12.1,41.4,7.37,100.0,53.7,1,0,2,0.2788,0
S03371,12,afternoon,6.4,0.308,76.0,2,55.4,29.2,17.2,41.2,5.66,100.0,42.8,1,1,2,0.0282,0
S03372,2,late_night,6.1,0.0,80.2,3,43.3,29.7,14.8,27.3,3.86,67.2,49.7,3,0,5,0.0441,0
S03373,22,night,7.2,0.283,39.0,1,48.9,62.1,12.6,39.3,5.9,100.0,39.8,1,0,3,0.0453,0
S03374,16,afternoon,12.6,0.357,67.7,3,58.4,36.7,7.9,76.0,5.97,100.0,49.3,0,0,1,0.0743,0
S03375,10,morning,11.1,0.395,55.5,0,60.6,58.3,22.2,50.3,5.51,100.0,60.0,0,1,1,0.1585,0
S03376,20,evening,11.6,0.728,83.2,0,67.1,70.9,9.9,60.3,8.33,100.0,24.7,3,1,2,0.6766,1
S03377,18,evening,10.6,0.878,83.7,2,44.7,53.2,7.1,69.1,6.82,100.0,59.6,1,0,2,0.2397,0
S03378,18,evening,17.7,0.119,67.2,2,57.9,39.1,9.6,70.8,4.72,97.6,17.0,0,0,4,0.0295,0
S03379,4,late_night,19.6,0.411,54.7,0,46.8,59.9,11.2,62.0,6.42,100.0,53.5,1,1,3,0.1953,1
S03380,15,afternoon,8.5,0.405,61.9,2,67.0,55.9,19.3,76.7,5.99,100.0,64.2,1,0,1,0.0981,0
S03381,6,morning,9.3,0.345,81.9,0,45.2,57.2,10.7,59.0,6.37,100.0,61.6,2,2,3,0.4856,1
S03382,1,late_night,13.4,0.851,95.8,0,83.6,85.1,6.7,83.3,10.0,100.0,57.0,6,0,1,0.9671,1
S03383,8,morning,14.2,0.45,66.8,1,51.3,69.3,16.7,54.7,8.31,100.0,54.8,1,1,3,0.6988,1
S03384,2,late_night,10.2,0.176,71.4,1,39.4,38.8,15.8,65.1,8.2,100.0,40.4,0,0,6,0.1374,0
S03385,2,late_night,14.2,0.618,74.2,2,68.4,70.0,13.8,78.3,7.25,100.0,78.3,3,0,2,0.3021,0
S03386,17,afternoon,19.9,0.305,73.8,3,48.7,56.0,12.8,44.1,6.66,100.0,67.3,0,0,2,0.0774,0
S03387,12,afternoon,10.5,0.477,76.7,1,54.8,48.3,8.6,45.8,6.97,100.0,37.8,2,0,4,0.102,0
S03388,9,morning,10.2,0.572,67.1,3,37.3,18.0,12.1,39.1,4.9,100.0,66.4,0,0,3,0.0216,0
S03389,4,late_night,12.5,0.566,66.3,1,39.1,29.8,6.7,44.7,4.51,100.0,54.9,1,0,4,0.0623,0
S03390,18,evening,6.4,0.424,60.7,1,36.7,47.0,13.3,52.9,7.14,100.0,31.6,2,0,2,0.1067,0
S03391,15,afternoon,11.1,0.185,54.9,1,29.6,18.6,13.8,45.6,3.41,100.0,62.2,0,1,6,0.0272,0
S03392,14,afternoon,6.2,0.444,51.9,1,60.3,59.1,11.5,54.0,6.83,100.0,74.9,0,1,4,0.2137,0
S03393,4,late_night,14.2,0.506,49.7,3,55.8,31.2,15.2,45.6,6.11,100.0,44.9,1,0,0,0.0142,0
S03394,2,late_night,11.4,0.73,82.8,3,89.0,72.8,8.2,84.6,9.0,100.0,64.0,0,0,3,0.2564,0
S03395,2,late_night,11.9,0.62,64.1,2,62.1,59.5,9.4,71.2,8.02,100.0,58.4,3,3,5,0.5654,1
S03396,0,late_night,4.9,0.458,75.0,1,43.7,37.9,11.9,50.3,4.92,100.0,58.3,0,1,2,0.0811,0
S03397,23,night,7.5,0.248,67.1,3,58.2,43.4,12.4,59.9,7.3,100.0,65.4,2,1,4,0.062,0
S03398,8,morning,4.7,0.124,67.4,4,34.1,37.2,17.2,50.5,4.09,89.6,58.6,0,0,4,0.0214,0
S03399,15,afternoon,1.0,0.617,75.6,5,48.2,59.7,7.6,59.1,4.98,100.0,24.3,1,1,6,0.0998,0
S03400,23,night,12.3,0.778,85.8,0,65.3,59.8,13.0,56.0,5.11,100.0,49.6,5,0,3,0.4376,1
S03401,22,night,12.4,0.692,69.5,0,76.9,76.6,11.4,92.2,7.28,100.0,74.4,2,0,0,0.3094,0
S03402,7,morning,13.0,0.739,70.4,3,30.3,48.2,15.1,59.7,4.03,100.0,40.2,1,0,3,0.0425,0
S03403,11,morning,16.8,0.809,89.5,1,66.9,56.7,10.4,59.7,9.09,100.0,66.5,0,0,3,0.2617,0
S03404,11,morning,4.6,0.276,34.6,3,27.8,41.3,16.5,23.5,3.26,100.0,32.2,1,0,4,0.0216,0
S03405,0,late_night,6.4,0.119,85.5,2,43.5,36.9,12.8,56.5,4.75,86.8,57.7,1,0,1,0.0214,0
S03406,18,evening,13.2,0.944,100.0,2,72.8,36.6,12.4,85.3,6.94,100.0,59.8,1,1,2,0.5287,1
S03407,13,afternoon,23.0,0.955,97.6,1,91.2,76.7,13.2,85.8,8.51,100.0,74.1,1,2,2,0.9072,1
S03408,8,morning,10.2,0.984,86.0,0,61.6,44.6,9.0,74.8,6.18,100.0,63.9,4,1,4,0.6259,1
S03409,13,afternoon,9.0,0.977,78.5,1,60.6,42.7,10.2,69.2,7.59,100.0,33.7,3,0,5,0.4925,1
S03410,17,afternoon,1.0,0.0,47.6,1,16.8,24.3,18.9,37.9,4.25,94.7,73.3,0,0,2,0.0284,0
S03411,0,late_night,1.0,0.0,52.2,4,27.1,28.8,13.8,19.6,4.26,78.8,23.2,0,0,6,0.0024,0
S03412,15,afternoon,13.6,0.0,85.5,3,63.6,49.8,8.9,55.0,5.99,94.7,93.1,1,0,2,0.0691,0
S03413,20,evening,11.7,0.68,52.5,2,42.1,59.3,14.4,67.6,6.66,100.0,20.4,3,0,2,0.1458,1
S03414,17,afternoon,13.8,0.515,45.2,1,59.1,41.1,12.5,56.9,6.68,100.0,49.4,1,0,1,0.1103,0
S03415,14,afternoon,16.4,0.579,64.6,2,66.0,53.8,16.8,60.4,9.27,100.0,34.3,2,0,7,0.4104,0
S03416,2,late_night,21.9,0.322,80.8,0,52.3,60.1,9.9,56.7,5.69,100.0,79.9,4,1,4,0.4471,0
S03417,17,afternoon,14.5,0.674,64.6,0,56.5,85.7,6.8,74.5,7.4,100.0,45.5,0,0,4,0.2313,0
S03418,18,evening,11.4,0.607,67.7,2,54.4,34.1,11.7,59.4,4.74,100.0,39.4,1,0,4,0.0463,0
S03419,11,morning,10.5,0.891,78.2,2,65.7,90.8,11.3,74.6,8.53,100.0,62.9,0,2,3,0.7767,0
S03420,13,afternoon,14.8,0.606,54.9,1,47.9,50.7,13.3,63.7,5.14,100.0,76.5,5,2,0,0.4088,0
S03421,14,afternoon,12.1,0.665,32.5,0,44.5,47.0,14.4,51.4,6.65,100.0,72.8,4,0,4,0.3576,1
S03422,2,late_night,17.8,0.685,63.1,2,70.5,68.1,7.7,83.3,8.91,100.0,58.0,5,0,2,0.6355,0
S03423,6,morning,4.5,0.64,66.1,1,55.6,33.7,18.5,49.3,5.01,100.0,44.3,2,0,1,0.0961,0
S03424,19,evening,21.8,1.0,99.8,0,86.7,84.9,1.0,98.8,8.66,100.0,79.7,8,2,1,0.9867,1
S03425,23,night,13.9,0.369,80.4,0,69.0,73.4,8.1,66.9,8.23,100.0,56.4,1,1,7,0.4292,1
S03426,6,morning,13.7,0.885,82.2,1,61.3,65.2,11.4,84.7,7.63,100.0,58.5,1,0,2,0.6384,1
S03427,9,morning,10.8,0.874,64.8,2,72.4,42.3,8.2,74.3,5.95,100.0,56.0,4,0,4,0.3426,1
S03428,21,evening,22.4,0.925,72.4,1,74.7,92.4,7.0,87.5,8.7,100.0,75.4,0,0,2,0.5939,0
S03429,3,late_night,22.6,0.725,82.0,0,72.3,75.4,6.5,75.2,6.52,100.0,66.5,5,1,3,0.6178,1
S03430,6,morning,2.7,0.641,54.0,4,41.9,17.7,14.4,69.4,5.8,100.0,68.2,0,1,3,0.0493,0
S03431,1,late_night,19.1,0.434,94.8,0,90.5,79.8,11.0,76.9,8.17,100.0,53.9,5,0,4,0.8316,0
S03432,5,late_night,1.0,0.747,73.0,3,61.5,60.7,10.5,60.2,7.65,100.0,43.3,0,1,3,0.3299,1
S03433,15,afternoon,15.0,0.471,90.1,0,63.8,40.2,8.3,64.4,5.69,100.0,54.3,1,0,4,0.2059,0
S03434,8,morning,1.0,0.577,52.8,0,30.0,43.5,12.7,24.3,5.32,100.0,44.3,0,0,0,0.0505,0
S03435,23,night,11.5,0.653,90.2,1,61.1,57.3,15.4,68.9,7.07,100.0,71.1,0,2,2,0.2448,0
S03436,21,evening,4.8,0.204,95.3,1,44.2,55.4,17.7,67.0,6.04,100.0,35.3,0,1,1,0.0985,0
S03437,21,evening,11.4,0.466,71.6,0,53.0,48.2,9.9,69.3,6.04,100.0,74.7,1,0,2,0.1944,0
S03438,17,afternoon,14.5,0.712,75.2,0,56.7,66.5,14.6,77.0,3.94,100.0,49.0,1,0,4,0.1892,0
S03439,16,afternoon,10.3,0.797,71.4,0,85.5,82.0,8.1,92.6,9.3,100.0,84.3,3,0,3,0.8782,1
S03440,12,afternoon,16.5,0.723,99.3,0,86.6,78.4,13.2,89.8,8.73,100.0,100.0,3,1,1,0.8566,1
S03441,23,night,10.1,0.431,87.3,2,73.2,50.0,12.7,73.2,5.72,100.0,70.7,2,0,2,0.1265,0
S03442,2,late_night,18.5,0.688,63.1,1,65.6,69.4,11.1,67.1,6.07,100.0,64.8,0,0,4,0.2352,0
S03443,17,afternoon,12.6,0.844,75.8,4,43.2,44.1,19.1,54.5,4.92,100.0,69.5,3,1,1,0.135,0
S03444,3,late_night,10.6,0.288,83.1,0,75.3,86.2,6.1,72.6,5.86,100.0,57.2,2,1,6,0.2856,0
S03445,8,morning,9.1,1.0,73.2,1,61.9,56.0,13.9,29.8,7.18,100.0,57.0,1,0,5,0.6009,0
S03446,6,morning,17.0,0.528,78.8,0,67.6,35.5,18.3,76.5,6.61,100.0,42.4,3,0,3,0.1107,1
S03447,14,afternoon,17.8,0.813,85.6,0,70.2,72.0,12.7,70.4,6.23,100.0,51.7,1,1,1,0.1833,1
S03448,18,evening,6.7,0.382,63.6,2,52.1,51.0,10.0,43.6,8.43,100.0,56.4,0,1,1,0.1088,0
S03449,1,late_night,10.8,0.544,82.2,2,70.3,40.5,8.8,57.2,5.33,100.0,56.2,2,1,4,0.0868,0
S03450,14,afternoon,6.3,0.351,74.0,5,42.8,36.0,9.5,65.7,5.48,100.0,52.0,0,0,1,0.0676,0
S03451,5,late_night,12.0,0.446,67.3,1,52.5,74.4,16.5,70.6,7.28,100.0,61.2,3,1,4,0.5025,1
S03452,1,late_night,11.0,0.68,85.5,0,65.2,98.7,3.6,86.4,7.37,100.0,62.4,5,1,3,0.9246,1
S03453,10,morning,11.5,0.895,49.2,3,87.1,81.1,13.4,95.0,7.64,100.0,73.2,7,1,6,0.8739,1
S03454,13,afternoon,21.9,0.459,90.4,0,60.4,100.0,3.4,88.1,7.92,100.0,54.5,1,2,1,0.3492,0
S03455,4,late_night,7.9,0.511,81.6,0,48.2,46.2,23.9,49.2,4.93,100.0,53.7,1,0,2,0.1219,0
S03456,9,morning,12.3,0.511,68.0,1,71.7,68.0,6.1,44.2,8.08,100.0,73.6,2,1,1,0.2718,0
S03457,22,night,9.7,0.216,64.5,3,31.0,37.5,14.1,59.3,6.09,100.0,60.0,3,1,3,0.1183,0
S03458,8,morning,20.2,0.91,64.9,0,46.5,77.4,17.3,51.4,6.97,100.0,53.2,0,0,0,0.1092,0
S03459,23,night,14.4,0.475,70.4,0,56.8,58.1,7.6,78.4,7.13,100.0,32.7,0,1,5,0.3087,0
S03460,20,evening,16.7,0.339,74.3,0,79.2,81.5,14.1,62.5,6.96,100.0,50.5,1,0,2,0.204,0
S03461,8,morning,5.4,0.301,46.9,2,63.2,58.8,13.7,51.4,4.92,100.0,78.4,0,0,5,0.0445,0
S03462,13,afternoon,7.0,0.199,56.0,1,36.9,30.2,16.2,58.3,5.55,100.0,43.4,0,0,3,0.0239,0
S03463,17,afternoon,7.9,0.344,45.4,4,49.2,51.1,19.1,26.1,4.01,100.0,46.6,1,0,4,0.0147,0
S03464,11,morning,10.4,0.655,82.8,1,69.0,70.4,9.3,69.0,4.67,100.0,60.5,1,1,4,0.0765,0
S03465,9,morning,17.4,0.907,90.1,0,82.0,82.0,13.9,84.5,10.0,100.0,73.8,6,0,4,0.9672,0
S03466,7,morning,19.6,0.73,74.4,1,60.1,75.4,10.7,80.4,7.98,100.0,53.3,0,0,0,0.5148,1
S03467,3,late_night,3.1,0.125,55.4,1,60.3,34.6,23.6,47.2,4.99,100.0,55.0,1,0,2,0.0247,0
S03468,0,late_night,16.3,0.892,78.1,0,58.9,82.2,5.8,79.5,7.38,100.0,69.7,2,1,2,0.5136,0
S03469,8,morning,17.6,0.668,94.6,1,73.4,89.0,7.6,64.5,7.31,100.0,34.8,2,0,2,0.3389,0
S03470,19,evening,4.1,0.219,51.0,3,35.0,43.2,14.2,31.4,6.32,100.0,7.6,0,0,2,0.0163,0
S03471,5,late_night,15.5,0.801,77.1,0,66.4,44.5,7.8,39.6,6.53,100.0,45.1,1,0,7,0.1452,1
S03472,4,late_night,15.6,0.69,68.2,0,81.6,82.3,13.5,75.5,9.91,100.0,43.4,3,1,2,0.8326,1
S03473,7,morning,13.0,0.851,86.6,0,56.8,44.7,10.6,74.4,8.0,100.0,62.9,1,0,3,0.523,0
S03474,14,afternoon,1.0,0.599,75.1,3,36.4,35.0,10.0,43.5,4.39,100.0,41.5,0,0,4,0.0147,0
S03475,5,late_night,12.3,0.899,91.2,1,51.8,63.1,7.5,78.7,7.61,100.0,65.7,2,2,1,0.7534,1
S03476,5,late_night,7.1,0.368,75.0,1,36.3,36.0,12.8,37.1,5.83,100.0,49.4,0,0,2,0.0171,0
S03477,2,late_night,18.3,0.516,72.6,0,64.4,76.1,16.1,58.5,6.48,100.0,38.6,2,1,5,0.3121,0
S03478,7,morning,17.7,0.708,97.7,1,69.2,76.5,11.6,57.3,8.4,100.0,56.4,2,0,2,0.5288,1
S03479,5,late_night,16.6,0.504,94.5,2,57.8,53.9,11.4,56.9,7.93,100.0,46.8,1,0,5,0.3452,0
S03480,19,evening,5.7,0.042,49.2,0,73.1,42.6,11.5,67.6,3.61,97.4,66.0,1,1,4,0.0526,0
S03481,21,evening,14.2,0.827,68.1,0,80.0,80.5,9.3,88.6,8.18,100.0,57.7,1,3,5,0.9052,1
S03482,8,morning,19.8,0.745,55.4,1,85.2,69.3,17.2,70.4,8.92,100.0,79.6,3,1,2,0.6253,0
S03483,2,late_night,12.4,0.912,96.4,0,53.3,70.3,8.4,86.8,7.17,100.0,82.5,6,1,4,0.9681,1
S03484,2,late_night,18.5,0.658,54.4,0,76.0,81.7,13.7,88.6,8.51,100.0,58.2,2,1,1,0.4214,1
S03485,7,morning,18.2,0.845,52.0,1,75.5,87.2,8.5,62.6,7.68,100.0,52.6,3,1,3,0.7696,1
S03486,11,morning,15.3,0.384,59.4,0,56.3,56.7,17.3,73.9,5.61,100.0,46.3,2,2,1,0.2388,0
S03487,12,afternoon,11.5,0.356,46.0,1,52.7,43.8,6.6,67.2,7.58,100.0,67.2,3,0,1,0.0734,0
S03488,7,morning,8.3,0.068,74.8,0,58.9,58.1,15.0,75.9,6.59,75.3,54.0,2,0,6,0.2458,0
S03489,8,morning,18.4,0.488,51.8,1,43.7,41.0,9.4,49.4,6.16,100.0,42.6,1,1,4,0.1876,1
S03490,6,morning,10.9,0.214,34.9,2,37.5,25.7,23.3,52.5,5.81,100.0,61.2,0,0,3,0.0488,0
S03491,12,afternoon,10.5,0.226,61.7,1,43.9,32.1,16.7,48.4,4.5,100.0,63.0,0,0,2,0.019,0
S03492,16,afternoon,9.5,0.575,68.0,1,62.4,66.6,5.7,64.0,6.96,100.0,39.1,1,0,4,0.1924,0
S03493,1,late_night,12.9,0.501,43.9,1,55.8,69.2,7.8,79.3,5.85,100.0,61.9,2,2,2,0.461,0
S03494,11,morning,17.0,0.48,70.8,0,72.8,100.0,11.9,95.6,9.6,100.0,72.5,1,0,1,0.6484,1
S03495,15,afternoon,13.5,1.0,68.5,0,69.7,49.7,14.7,76.3,7.59,100.0,80.3,1,2,3,0.4992,1
S03496,16,afternoon,17.9,0.693,72.7,1,54.4,88.0,12.3,61.2,9.14,100.0,58.5,4,0,3,0.7644,1
S03497,13,afternoon,12.1,0.495,73.7,1,75.2,79.0,10.5,68.2,8.15,100.0,61.5,3,2,7,0.9061,1
S03498,12,afternoon,5.4,0.381,85.8,1,61.1,48.1,11.2,71.5,5.82,100.0,63.5,0,0,10,0.1173,1
S03499,16,afternoon,14.1,0.605,100.0,0,71.3,64.6,15.2,75.8,6.43,100.0,77.6,1,2,3,0.462,0
S03500,9,morning,4.3,0.478,63.4,1,52.1,47.9,9.0,56.2,5.45,100.0,59.5,3,0,3,0.0912,0
S03501,13,afternoon,14.7,1.0,60.7,0,65.2,79.6,9.6,65.5,7.78,100.0,66.3,1,2,3,0.794,1
S03502,7,morning,11.9,0.629,71.6,0,82.8,78.7,8.2,22.1,6.51,100.0,50.4,1,3,6,0.769,1
S03503,10,morning,10.4,0.742,63.4,3,37.1,36.9,11.6,29.8,5.52,100.0,43.0,0,0,4,0.0161,0
S03504,2,late_night,20.4,0.488,70.5,0,50.8,70.4,9.8,60.1,5.87,100.0,53.7,2,1,2,0.2518,0
S03505,8,morning,9.2,0.883,92.3,0,80.0,96.3,5.8,76.6,7.69,100.0,75.4,3,3,0,0.9408,1
S03506,3,late_night,20.6,0.727,100.0,1,50.4,73.4,14.6,64.9,5.92,100.0,60.6,1,0,3,0.1643,0
S03507,5,late_night,12.4,0.856,47.9,0,75.9,50.2,5.2,74.1,6.22,100.0,47.3,3,0,6,0.3282,0
S03508,10,morning,15.0,0.894,66.8,0,63.9,65.1,12.6,95.1,6.76,100.0,71.0,2,1,1,0.4201,0
S03509,12,afternoon,3.2,0.34,84.8,0,59.4,52.0,11.5,41.4,5.94,100.0,46.2,0,0,2,0.0794,0
S03510,22,night,17.5,0.626,66.3,0,70.6,52.1,11.1,44.2,6.18,100.0,55.7,2,0,2,0.263,0
S03511,0,late_night,8.0,0.0,70.7,2,39.4,22.8,14.1,35.5,3.76,60.7,58.2,1,0,2,0.0219,0
S03512,21,evening,9.9,0.417,74.5,1,63.6,48.9,11.3,75.2,5.63,100.0,64.6,0,0,2,0.0513,0
S03513,7,morning,7.5,0.93,97.2,0,66.4,68.1,14.7,74.0,6.54,100.0,66.6,1,0,2,0.448,0
S03514,17,afternoon,13.4,0.783,100.0,1,61.1,60.9,9.8,78.1,8.23,100.0,85.2,2,1,3,0.581,0
S03515,16,afternoon,14.5,0.487,72.6,2,61.6,48.1,15.4,51.9,5.47,100.0,25.1,1,1,1,0.0838,0
S03516,23,night,12.4,0.957,47.4,0,67.6,90.2,14.0,60.9,7.04,100.0,72.2,3,1,7,0.6077,0
S03517,2,late_night,16.5,0.464,59.0,0,52.5,51.6,11.0,40.8,6.89,100.0,39.6,2,1,2,0.2355,0
S03518,23,night,16.6,0.409,100.0,1,44.8,65.2,6.9,58.2,5.25,100.0,54.8,2,0,8,0.2691,0
S03519,1,late_night,11.4,0.555,54.0,1,67.7,73.4,7.2,69.4,6.38,100.0,59.3,2,0,0,0.0465,0
S03520,21,evening,16.2,0.216,71.6,1,44.0,27.6,18.6,64.4,5.07,100.0,49.9,2,0,1,0.0282,0
S03521,15,afternoon,12.3,0.681,32.6,2,60.8,76.2,13.9,69.2,7.33,100.0,41.7,2,0,2,0.2511,1
S03522,11,morning,11.3,0.561,47.2,0,52.0,61.1,13.2,82.4,7.99,100.0,32.9,0,0,3,0.221,0
S03523,9,morning,7.6,0.434,70.6,3,33.8,37.7,12.9,42.7,6.61,100.0,16.8,1,1,2,0.0772,0
S03524,2,late_night,9.5,0.329,63.2,1,46.3,57.8,20.8,54.8,6.76,100.0,46.5,0,0,3,0.2337,1
S03525,19,evening,6.2,0.774,76.9,2,78.1,79.4,5.4,79.1,6.99,100.0,66.6,4,1,5,0.7715,0
S03526,17,afternoon,12.4,0.172,60.9,2,71.6,74.0,11.8,57.9,6.05,100.0,66.4,0,3,4,0.3736,0
S03527,22,night,2.6,0.427,29.5,0,48.3,17.0,16.7,52.4,6.43,100.0,64.6,2,0,3,0.0737,0
S03528,17,afternoon,13.9,0.339,68.1,2,62.5,46.2,9.9,41.7,6.33,100.0,58.5,1,0,2,0.0731,0
S03529,22,night,18.0,0.313,64.9,5,60.1,58.6,9.2,80.7,7.17,100.0,69.3,2,0,3,0.1117,0
S03530,21,evening,20.1,0.763,59.7,0,72.0,82.2,7.0,69.7,9.02,100.0,49.5,1,2,5,0.9375,0
S03531,10,morning,10.5,0.47,69.0,2,56.1,45.3,15.8,55.9,5.87,100.0,70.6,2,1,2,0.32,1
S03532,16,afternoon,11.9,1.0,89.2,2,81.4,73.7,7.6,61.5,9.65,100.0,68.6,2,1,2,0.7883,1
S03533,6,morning,10.4,0.391,69.8,2,74.3,59.9,5.6,69.9,6.16,100.0,37.8,1,1,1,0.1061,0
S03534,19,evening,21.2,0.687,75.5,2,79.1,50.9,4.9,51.3,5.41,100.0,74.0,0,0,4,0.1651,1
S03535,14,afternoon,5.2,0.131,59.9,2,33.8,43.6,11.6,47.2,5.83,100.0,33.9,0,0,6,0.0233,0
S03536,10,morning,5.4,0.579,66.9,4,84.1,90.0,4.2,58.3,6.95,100.0,45.2,3,2,0,0.4644,1
S03537,15,afternoon,15.1,0.555,68.1,0,55.5,36.3,15.7,46.5,4.83,100.0,76.3,1,0,5,0.0685,0
S03538,6,morning,20.6,0.637,87.9,1,61.1,76.0,13.5,62.3,8.33,100.0,63.9,3,0,5,0.8019,1
S03539,14,afternoon,16.2,0.427,79.0,1,48.2,41.6,13.7,61.8,3.78,100.0,34.6,0,2,4,0.0394,0
S03540,11,morning,16.7,0.643,83.3,2,74.2,54.0,10.6,62.8,7.15,100.0,48.1,0,1,4,0.2855,0
S03541,7,morning,17.9,0.504,62.7,2,68.8,63.8,14.3,64.4,6.44,100.0,73.1,3,0,2,0.0891,0
S03542,23,night,11.7,0.704,78.3,2,46.0,56.9,15.1,67.1,7.93,100.0,36.2,1,2,1,0.1909,0
S03543,1,late_night,4.9,0.55,80.2,3,52.8,65.9,7.2,58.5,7.4,100.0,55.4,0,1,2,0.4294,1
S03544,18,evening,11.3,0.491,57.2,1,44.5,40.7,9.1,35.5,7.28,100.0,51.4,3,0,3,0.2508,0
S03545,5,late_night,12.5,0.525,57.8,1,44.9,62.0,16.1,41.7,4.7,100.0,92.1,0,1,2,0.2815,0
S03546,5,late_night,16.3,0.836,93.0,0,80.0,81.5,9.9,76.2,6.57,100.0,42.9,0,1,4,0.5192,0
S03547,3,late_night,14.4,0.836,99.0,0,61.3,79.8,12.3,73.0,7.29,100.0,40.2,2,2,1,0.5906,1
S03548,2,late_night,5.9,0.499,36.7,3,46.6,61.9,9.9,60.3,6.27,100.0,42.0,0,0,5,0.1232,0
S03549,2,late_night,9.7,0.729,99.1,1,80.8,42.9,7.9,66.5,7.2,100.0,48.9,1,0,2,0.2325,1
S03550,19,evening,17.1,0.374,81.5,0,67.3,55.2,15.3,66.0,6.83,100.0,51.2,0,0,3,0.0947,0
S03551,22,night,15.9,0.159,63.5,3,61.3,39.4,11.6,53.3,5.74,100.0,40.9,0,0,2,0.0514,0
S03552,14,afternoon,15.1,0.42,74.7,1,54.5,84.7,3.9,56.5,6.59,100.0,74.0,4,1,5,0.8464,1
S03553,0,late_night,8.0,0.0,62.2,3,56.3,24.5,12.7,12.7,5.09,92.3,46.2,1,1,3,0.04,0
S03554,20,evening,10.9,1.0,67.8,0,72.0,82.2,9.3,60.1,7.69,100.0,46.2,3,3,1,0.7813,1
S03555,14,afternoon,13.8,0.07,65.3,1,57.7,41.8,19.3,60.9,7.49,96.5,50.0,1,0,1,0.012,1
S03556,12,afternoon,18.4,0.757,46.2,0,67.8,59.9,9.1,64.1,5.34,100.0,49.8,3,1,6,0.2943,0
S03557,22,night,7.1,0.447,47.2,1,72.0,67.1,10.9,65.2,6.29,100.0,74.7,0,0,2,0.1585,0
S03558,9,morning,15.6,0.874,100.0,1,48.3,64.3,19.0,69.8,7.54,100.0,71.6,3,1,6,0.5811,1
S03559,8,morning,11.7,0.0,64.3,2,44.0,34.0,9.3,68.8,7.0,67.1,60.9,2,0,2,0.044,0
S03560,18,evening,16.3,0.611,78.8,1,65.0,63.6,13.2,70.1,7.09,100.0,48.5,3,1,2,0.5557,1
S03561,12,afternoon,18.9,0.858,70.4,1,48.1,70.7,8.9,67.4,7.22,100.0,60.5,0,2,4,0.295,1
S03562,17,afternoon,16.4,0.504,47.5,2,54.9,58.3,16.1,67.3,5.15,100.0,30.3,0,0,2,0.0175,0
S03563,16,afternoon,10.6,0.457,64.0,0,72.4,79.1,21.7,38.4,6.27,100.0,63.9,2,0,4,0.2461,0
S03564,20,evening,18.8,0.369,82.4,1,76.5,83.7,12.4,97.7,9.17,100.0,81.7,3,1,6,0.8103,1
S03565,7,morning,17.4,0.537,80.5,1,83.1,84.5,9.3,49.7,8.45,100.0,33.9,3,1,5,0.8881,1
S03566,1,late_night,11.6,0.935,64.5,3,68.5,73.4,6.8,60.0,6.85,100.0,58.2,5,3,2,0.7112,1
S03567,11,morning,9.5,0.302,67.7,1,46.7,64.5,13.7,42.2,4.69,100.0,46.7,1,0,2,0.0979,0
S03568,15,afternoon,16.2,0.609,76.8,1,77.1,71.1,8.8,47.8,6.73,100.0,71.8,1,1,3,0.3823,0
S03569,19,evening,15.4,0.734,82.7,0,52.6,71.0,4.5,69.4,6.74,100.0,51.5,2,1,2,0.5615,1
S03570,6,morning,10.7,0.398,86.4,0,73.6,64.9,2.0,69.4,7.06,100.0,50.5,1,0,8,0.5073,0
S03571,17,afternoon,12.5,0.749,73.7,1,69.5,67.1,7.1,79.5,7.42,100.0,62.4,0,0,2,0.6482,1
S03572,19,evening,11.3,0.521,70.4,1,57.2,67.7,11.1,74.5,7.19,100.0,66.6,2,0,8,0.3369,1
S03573,19,evening,8.4,0.598,91.7,3,54.1,48.0,16.6,63.3,5.44,100.0,57.9,2,0,1,0.1154,0
S03574,19,evening,11.4,0.343,51.0,0,71.0,42.0,10.3,68.7,5.41,100.0,64.9,1,0,5,0.1542,0
S03575,23,night,8.0,0.0,26.7,1,23.9,30.7,16.6,48.9,4.04,60.3,54.2,1,0,3,0.0066,0
S03576,15,afternoon,16.9,0.515,81.1,1,62.4,57.3,4.5,61.8,6.11,100.0,49.6,1,2,1,0.1071,0
S03577,8,morning,9.1,0.706,62.0,1,78.5,67.8,8.4,65.5,6.13,100.0,56.8,3,0,4,0.153,1
S03578,10,morning,11.4,0.712,58.3,0,54.0,73.9,1.1,60.5,8.01,100.0,66.9,0,1,2,0.2063,0
S03579,17,afternoon,14.2,0.356,72.6,3,39.4,42.4,23.6,32.6,6.39,100.0,35.4,0,0,5,0.0229,0
S03580,5,late_night,13.3,0.826,73.0,2,68.2,72.9,11.5,74.2,6.9,100.0,49.0,3,1,1,0.5526,0
S03581,14,afternoon,18.3,0.817,67.5,0,88.8,88.2,8.6,66.6,8.05,100.0,45.8,2,2,3,0.777,0
S03582,13,afternoon,11.5,0.573,99.7,3,60.1,13.6,14.0,60.6,6.51,100.0,73.5,1,1,0,0.0815,0
S03583,15,afternoon,16.3,0.445,45.3,2,50.3,46.6,22.3,33.7,6.52,100.0,87.5,1,1,2,0.1559,0
S03584,10,morning,17.6,0.788,71.2,1,68.2,70.8,9.6,66.3,7.53,100.0,47.0,1,1,2,0.5058,0
S03585,17,afternoon,22.5,0.913,57.9,0,83.4,76.4,4.0,75.6,8.34,100.0,76.2,1,2,3,0.8944,1
S03586,1,late_night,9.0,0.285,65.9,4,54.0,53.9,22.0,57.6,4.83,100.0,67.9,1,0,4,0.0472,0
S03587,17,afternoon,9.1,0.283,62.0,0,71.7,71.8,6.7,61.6,9.18,100.0,39.1,3,1,6,0.7767,0
S03588,19,evening,17.3,0.651,75.9,1,35.5,43.6,18.8,51.7,4.33,100.0,55.8,2,1,5,0.1157,0
S03589,21,evening,13.8,0.319,65.4,2,63.8,43.3,12.8,56.6,6.8,100.0,72.0,1,0,3,0.1348,1
S03590,22,night,10.0,0.557,89.9,0,56.9,57.4,13.8,54.1,7.94,100.0,51.2,4,0,4,0.3911,0
S03591,8,morning,21.7,1.0,74.3,0,84.4,76.3,3.6,70.0,7.73,100.0,62.3,1,0,3,0.4491,0
S03592,1,late_night,15.3,0.98,60.3,0,86.6,90.7,18.8,75.0,8.92,100.0,87.0,1,2,0,0.9034,1
S03593,15,afternoon,19.0,0.939,77.1,1,83.9,36.2,9.6,65.4,5.32,100.0,51.8,0,2,2,0.2182,0
S03594,2,late_night,16.8,0.386,63.2,5,55.5,43.9,9.9,51.2,6.11,100.0,44.6,5,0,2,0.0871,0
S03595,6,morning,15.8,1.0,62.7,0,85.9,80.7,9.2,94.8,10.0,100.0,67.7,2,2,2,0.9435,1
S03596,16,afternoon,13.0,0.491,50.7,1,49.7,21.8,10.3,36.1,6.15,100.0,80.3,1,0,7,0.1569,0
S03597,14,afternoon,13.4,0.538,54.4,2,42.8,44.1,14.8,37.7,5.91,100.0,64.1,2,0,5,0.1239,0
S03598,14,afternoon,17.1,0.688,79.1,0,46.8,15.2,10.5,65.1,6.28,100.0,53.0,0,0,3,0.0149,0
S03599,18,evening,13.2,0.704,91.8,0,65.7,72.9,9.8,72.1,8.85,100.0,71.9,3,0,2,0.6145,0
S03600,3,late_night,20.6,0.699,72.5,1,79.6,65.7,7.7,60.5,8.27,100.0,44.7,1,1,2,0.4299,0
S03601,18,evening,19.3,0.732,96.4,0,86.8,97.3,4.0,88.3,8.35,100.0,78.6,1,2,5,0.9141,1
S03602,14,afternoon,2.9,0.519,28.3,1,25.7,35.5,11.0,55.9,2.53,100.0,41.0,0,0,2,0.0154,0
S03603,10,morning,15.9,0.657,73.2,0,92.4,58.1,12.6,85.7,8.48,100.0,61.6,2,2,5,0.6448,1
S03604,11,morning,12.2,0.765,76.6,1,27.1,63.1,10.5,53.8,6.58,100.0,52.6,2,0,2,0.22,0
S03605,12,afternoon,10.2,0.341,78.9,2,68.9,98.3,9.7,64.7,8.15,100.0,74.9,1,0,1,0.0825,0
S03606,13,afternoon,8.3,0.413,48.7,2,42.6,47.8,17.0,39.9,4.81,100.0,73.5,0,0,0,0.0307,0
S03607,8,morning,20.2,0.641,81.2,0,54.6,86.7,13.6,81.9,8.16,100.0,51.1,3,0,2,0.7672,1
S03608,5,late_night,15.3,0.814,81.4,0,73.9,66.7,6.7,71.2,7.4,100.0,76.8,0,1,8,0.7839,1
S03609,4,late_night,9.7,0.541,69.5,1,52.8,51.6,13.0,50.6,5.35,100.0,53.6,3,0,5,0.1132,1
S03610,8,morning,13.3,0.54,88.1,0,65.3,60.3,7.1,63.0,5.36,100.0,71.8,0,1,1,0.121,0
S03611,6,morning,9.7,0.358,68.7,2,64.2,50.2,12.7,50.4,4.77,100.0,56.5,3,0,3,0.136,0
S03612,12,afternoon,11.1,0.293,73.0,1,54.5,36.3,17.4,73.4,4.76,100.0,43.9,1,3,4,0.2185,0
S03613,21,evening,15.0,0.648,92.0,2,50.9,54.2,3.5,54.8,5.94,100.0,44.3,3,1,2,0.1624,0
S03614,2,late_night,7.5,0.062,67.6,2,36.1,24.1,12.0,81.3,2.83,93.8,42.3,0,0,3,0.006,0
S03615,7,morning,9.0,0.626,100.0,1,88.1,49.5,9.4,68.2,6.97,100.0,67.2,1,0,3,0.3534,0
S03616,1,late_night,13.3,0.798,69.5,0,78.3,66.5,11.1,54.9,9.74,100.0,71.2,2,0,4,0.5731,0
S03617,23,night,10.6,0.767,40.5,1,42.7,63.2,18.3,58.5,5.65,100.0,97.0,0,0,2,0.2104,0
S03618,16,afternoon,17.5,0.6,70.7,1,59.3,64.5,4.5,78.4,6.93,100.0,66.9,1,0,4,0.4235,1
S03619,5,late_night,16.4,0.462,64.5,4,44.9,11.7,18.2,64.8,6.22,100.0,35.6,2,0,1,0.0307,0
S03620,9,morning,20.1,0.654,94.5,3,59.4,54.5,13.4,68.0,7.07,100.0,77.5,3,0,1,0.5138,0
S03621,17,afternoon,10.6,0.041,48.0,3,68.5,60.1,12.3,50.5,5.28,77.2,61.9,3,0,6,0.0768,0
S03622,22,night,12.4,0.178,61.7,0,47.7,42.1,7.9,48.9,5.36,100.0,49.0,0,0,2,0.0138,0
S03623,13,afternoon,9.3,0.633,84.5,0,59.3,79.0,7.6,45.6,7.12,100.0,46.4,1,1,0,0.3897,1
S03624,6,morning,13.5,0.398,71.0,1,63.5,52.4,16.2,71.6,4.94,100.0,52.2,1,2,5,0.0909,0
S03625,16,afternoon,13.8,0.533,83.6,0,80.3,88.5,8.1,79.7,9.9,100.0,86.4,4,1,5,0.9483,1
S03626,16,afternoon,11.9,0.729,75.7,1,66.2,59.1,11.2,76.3,5.67,100.0,64.5,2,3,3,0.6156,1
S03627,15,afternoon,21.3,0.463,78.8,0,46.5,37.3,10.0,45.4,7.08,100.0,71.6,0,1,2,0.0716,0
S03628,1,late_night,16.9,0.762,100.0,1,89.2,82.0,12.5,74.9,7.08,100.0,83.7,1,0,5,0.6827,0
S03629,16,afternoon,10.4,0.506,75.5,2,58.5,85.2,10.1,83.9,5.84,100.0,63.6,3,0,6,0.4862,1
S03630,0,late_night,15.8,0.675,63.6,2,57.1,72.8,9.6,86.0,9.24,100.0,13.9,3,0,5,0.3811,0
S03631,21,evening,13.5,0.831,100.0,0,83.7,75.9,9.2,85.2,6.33,100.0,50.4,1,1,2,0.4412,1
S03632,21,evening,6.2,0.399,48.6,6,32.1,38.7,10.7,32.4,3.52,100.0,29.7,2,1,4,0.0249,0
S03633,13,afternoon,20.0,0.62,95.8,0,56.8,67.5,9.0,45.3,4.91,100.0,77.2,1,0,2,0.1878,0
S03634,15,afternoon,15.8,0.365,88.8,0,65.9,49.5,6.3,68.5,6.17,100.0,63.4,1,1,3,0.1529,0
S03635,1,late_night,9.5,0.376,82.0,1,22.6,46.7,12.1,39.4,3.74,100.0,45.7,0,0,3,0.0157,0
S03636,20,evening,9.6,0.739,78.2,2,57.5,63.5,5.3,60.0,5.65,100.0,47.3,0,0,4,0.0569,0
S03637,6,morning,14.8,0.997,49.0,2,61.1,88.6,11.3,79.2,5.94,100.0,81.0,1,0,2,0.3325,0
S03638,6,morning,18.9,0.851,56.3,0,44.4,73.4,8.9,67.7,7.85,100.0,44.7,2,0,3,0.3689,1
S03639,16,afternoon,9.2,0.405,63.8,3,33.2,50.8,13.1,34.5,5.44,100.0,29.3,0,0,2,0.0352,0
S03640,22,night,1.0,0.323,47.4,3,39.5,21.1,15.0,57.2,3.52,100.0,26.7,0,1,4,0.0038,0
S03641,11,morning,26.7,0.71,78.6,0,72.9,71.0,5.5,74.0,6.02,100.0,68.3,1,2,4,0.617,1
S03642,12,afternoon,12.5,0.175,78.5,0,70.0,40.3,7.5,68.1,5.5,100.0,43.9,1,0,2,0.1362,0
S03643,13,afternoon,11.4,0.184,62.3,1,53.1,31.7,14.2,52.4,6.44,100.0,67.8,0,0,5,0.0169,0
S03644,6,morning,15.5,0.475,49.5,2,51.8,72.5,20.1,82.0,7.28,100.0,54.8,0,0,5,0.1988,1
S03645,14,afternoon,9.4,0.307,71.5,1,29.2,25.5,18.6,63.1,4.64,100.0,26.7,0,0,5,0.0145,0
S03646,23,night,19.3,1.0,89.1,0,79.3,64.4,14.3,100.0,7.56,100.0,61.3,2,4,1,0.8484,1
S03647,9,morning,9.1,0.754,63.1,2,75.9,51.8,7.6,77.5,5.49,100.0,39.3,1,0,3,0.0881,1
S03648,18,evening,11.2,0.618,91.6,0,69.4,68.2,8.5,75.4,8.31,100.0,62.6,3,1,4,0.8536,1
S03649,18,evening,13.3,0.721,71.8,3,54.8,85.9,11.1,56.2,7.44,100.0,72.9,0,1,2,0.2553,0
S03650,20,evening,22.0,0.669,100.0,0,66.5,74.7,14.9,64.1,7.93,100.0,62.4,4,0,5,0.7163,1
S03651,17,afternoon,10.2,0.725,74.3,1,74.9,66.9,15.2,68.0,6.41,100.0,47.6,1,0,1,0.1568,0
S03652,22,night,11.6,0.839,96.7,1,79.5,60.6,9.6,71.7,8.22,100.0,67.9,1,1,5,0.6637,1
S03653,17,afternoon,19.0,0.906,47.6,1,64.2,48.1,1.4,69.4,8.79,100.0,54.0,1,0,2,0.3506,1
S03654,23,night,12.0,0.545,81.9,1,61.5,58.0,6.1,58.9,6.9,100.0,67.8,4,0,1,0.4149,1
S03655,17,afternoon,11.4,0.805,66.8,1,54.7,54.3,13.8,70.2,6.97,100.0,63.0,2,0,5,0.4967,0
S03656,20,evening,9.8,0.141,55.3,1,54.3,46.0,11.2,54.9,5.49,100.0,38.8,1,0,2,0.0457,0
S03657,21,evening,17.5,1.0,100.0,0,93.2,65.6,7.7,77.3,8.69,100.0,47.8,1,2,7,0.781,1
S03658,23,night,3.0,0.409,76.1,2,49.5,46.9,16.3,54.0,4.58,100.0,45.0,1,1,3,0.0134,0
S03659,14,afternoon,9.9,0.55,39.9,2,72.9,54.0,16.5,61.1,7.93,100.0,62.2,1,2,4,0.5689,1
S03660,17,afternoon,13.0,0.145,80.9,3,53.0,39.7,8.9,45.0,7.4,100.0,82.0,2,0,3,0.1874,0
S03661,23,night,14.1,0.533,82.1,1,41.7,64.9,13.6,57.0,8.68,100.0,41.4,3,0,1,0.247,0
S03662,9,morning,15.3,0.757,55.7,2,80.9,61.1,19.3,63.7,5.47,100.0,38.2,0,0,5,0.0853,0
S03663,2,late_night,20.3,0.512,60.0,0,65.9,76.8,17.1,64.9,8.92,100.0,72.3,2,0,6,0.8337,1
S03664,21,evening,17.5,0.667,44.8,0,65.8,26.6,10.2,36.8,6.56,100.0,57.6,2,1,2,0.1427,0
S03665,15,afternoon,10.9,0.32,52.3,3,33.1,27.1,16.3,53.0,4.63,100.0,43.5,0,0,5,0.0284,0
S03666,10,morning,11.4,0.764,67.4,0,46.5,41.7,15.0,61.5,7.77,100.0,65.8,5,1,0,0.7617,1
S03667,17,afternoon,6.2,0.423,73.2,0,48.3,34.8,14.3,37.2,4.27,100.0,67.7,0,0,2,0.0301,0
S03668,0,late_night,6.9,0.103,60.2,1,19.3,50.4,14.5,34.9,4.63,98.2,60.8,1,0,2,0.0138,0
S03669,11,morning,14.8,0.582,55.2,3,59.0,51.2,4.8,65.5,6.49,100.0,46.0,0,1,1,0.1168,0
S03670,6,morning,16.8,0.943,77.5,1,76.1,59.1,7.6,40.9,7.45,100.0,65.2,2,0,2,0.3829,1
S03671,6,morning,16.1,0.729,70.4,1,70.8,55.4,8.2,72.8,6.64,100.0,75.8,1,1,6,0.4786,1
S03672,23,night,13.2,0.612,60.5,0,69.4,85.5,5.8,80.1,6.58,100.0,54.7,2,3,3,0.5736,1
S03673,13,afternoon,9.3,0.711,30.7,1,54.2,3.3,16.3,51.4,3.99,100.0,49.7,1,0,5,0.017,0
S03674,3,late_night,13.0,0.578,68.5,2,47.4,32.3,18.2,60.9,4.71,100.0,38.7,0,0,3,0.0333,0
S03675,8,morning,21.4,1.0,92.5,0,64.6,75.2,6.4,74.3,8.75,100.0,53.2,3,1,1,0.5957,1
S03676,5,late_night,8.7,0.456,70.0,2,45.9,22.7,5.3,62.9,6.64,100.0,55.6,0,0,1,0.0422,0
S03677,21,evening,10.5,0.788,64.0,0,86.6,79.8,10.3,72.0,5.02,100.0,73.2,0,0,2,0.1869,0
S03678,6,morning,6.5,0.6,67.1,0,48.7,26.7,14.5,44.4,6.51,100.0,63.1,2,1,2,0.1833,0
S03679,8,morning,9.5,0.125,50.0,2,79.6,53.6,12.7,68.5,6.12,100.0,36.2,2,0,3,0.0323,0
S03680,8,morning,11.1,0.534,50.1,1,62.6,48.2,10.4,60.3,5.62,100.0,71.7,0,0,5,0.2681,0
S03681,4,late_night,15.8,0.602,75.0,1,62.7,56.9,6.1,86.7,6.03,100.0,67.9,0,0,2,0.1798,0
S03682,18,evening,6.8,0.471,75.0,1,50.8,39.1,15.3,77.9,6.7,100.0,73.5,3,1,2,0.4311,0
S03683,13,afternoon,8.6,0.444,42.0,0,58.0,49.7,14.3,48.8,5.62,100.0,39.2,2,0,5,0.0746,0
S03684,10,morning,9.8,0.081,45.7,0,60.1,34.2,11.4,54.5,5.12,100.0,62.2,2,0,2,0.0332,0
S03685,9,morning,9.2,0.229,66.7,0,47.4,71.5,5.5,68.9,7.38,100.0,67.1,0,2,3,0.3614,0
S03686,16,afternoon,10.1,0.617,74.7,3,46.7,47.2,15.3,51.7,5.8,100.0,29.7,0,0,5,0.0415,0
S03687,2,late_night,12.1,0.707,61.2,1,44.7,87.3,7.6,63.0,8.39,100.0,65.1,3,0,1,0.6078,0
S03688,22,night,17.0,0.461,93.1,0,88.1,96.1,8.3,100.0,8.8,100.0,56.2,4,1,0,0.8445,1
S03689,13,afternoon,16.3,0.637,84.5,0,59.7,84.0,9.9,69.4,8.67,100.0,64.3,1,1,4,0.6996,1
S03690,5,late_night,15.7,0.834,72.0,0,74.2,63.7,18.9,89.9,7.92,100.0,95.0,1,2,0,0.6692,1
S03691,12,afternoon,8.3,0.481,73.3,0,52.1,77.3,11.9,44.0,6.49,100.0,59.8,2,1,3,0.3403,0
S03692,20,evening,5.2,0.508,34.3,1,48.3,31.0,23.9,36.1,6.05,100.0,42.6,1,0,6,0.0424,0
S03693,4,late_night,9.9,0.562,49.6,2,38.7,38.3,15.0,56.6,4.41,100.0,25.8,2,0,3,0.0238,0
S03694,12,afternoon,12.8,0.471,100.0,0,69.1,82.4,6.8,63.5,8.06,100.0,68.0,0,1,0,0.6014,0
S03695,14,afternoon,3.0,0.403,86.3,1,34.4,39.2,9.4,44.5,5.94,100.0,49.0,0,0,2,0.028,0
S03696,19,evening,3.8,0.355,77.0,1,55.5,42.2,9.9,60.7,4.53,100.0,21.6,2,0,5,0.025,0
S03697,13,afternoon,9.8,0.247,85.2,0,62.9,62.2,14.0,39.4,7.58,100.0,38.6,2,0,2,0.1809,0
S03698,17,afternoon,3.5,0.1,34.1,2,56.7,51.9,14.6,63.6,5.23,94.5,63.0,0,0,1,0.0353,0
S03699,18,evening,6.9,0.205,46.0,3,51.8,48.0,7.1,66.2,5.59,100.0,68.0,1,0,4,0.2725,0
S03700,21,evening,18.5,0.414,64.9,0,63.4,56.3,16.2,79.7,8.02,100.0,56.8,2,1,2,0.2609,1
S03701,8,morning,3.8,0.473,99.1,2,55.3,48.8,19.7,56.1,5.73,100.0,65.8,1,0,5,0.0965,0
S03702,16,afternoon,8.6,0.648,59.4,3,58.1,59.2,6.1,48.7,5.73,100.0,52.1,4,0,5,0.1539,0
S03703,5,late_night,18.2,0.536,74.9,4,59.7,33.9,17.6,49.1,5.71,100.0,40.0,2,2,2,0.0831,0
S03704,20,evening,15.2,0.778,79.9,1,51.0,65.3,17.7,71.2,6.07,100.0,92.2,1,1,2,0.4902,1
S03705,22,night,9.8,0.462,73.5,2,52.6,19.8,5.3,61.0,5.86,100.0,33.4,2,1,1,0.0439,0
S03706,7,morning,10.8,0.644,68.2,1,41.6,64.4,10.5,55.5,6.15,100.0,61.3,2,0,2,0.2451,1
S03707,13,afternoon,15.5,0.61,56.8,2,70.5,57.0,7.4,87.6,7.25,100.0,49.8,0,0,2,0.1071,0
S03708,19,evening,18.4,0.44,28.3,2,74.6,46.9,16.2,57.5,7.72,100.0,52.0,0,0,2,0.0823,0
S03709,0,late_night,9.0,0.888,87.0,1,65.6,52.6,10.9,76.2,7.12,100.0,78.2,3,0,5,0.5666,1
S03710,16,afternoon,10.4,0.154,64.5,1,59.6,72.0,9.2,68.4,6.43,100.0,59.5,2,1,1,0.193,0
S03711,19,evening,8.5,0.276,47.3,2,73.1,96.1,12.3,69.8,7.21,100.0,55.2,1,0,2,0.232,0
S03712,20,evening,12.0,0.604,75.4,0,61.7,37.3,18.5,66.6,7.74,100.0,46.9,1,1,3,0.3873,1
S03713,4,late_night,6.6,0.509,76.9,0,63.3,48.9,11.6,68.9,4.86,100.0,64.9,0,0,3,0.2905,0
S03714,18,evening,7.8,0.145,75.3,0,37.6,49.8,11.7,51.7,5.41,100.0,37.1,0,1,3,0.1014,0
S03715,18,evening,5.8,0.21,79.9,0,62.8,37.2,12.6,59.3,4.25,100.0,52.3,1,0,2,0.0353,0
S03716,0,late_night,18.6,0.48,62.4,0,57.4,78.8,13.1,78.7,9.79,100.0,58.6,2,1,3,0.5753,0
S03717,16,afternoon,11.3,0.795,60.4,3,61.7,62.2,5.8,86.7,7.76,100.0,46.9,5,0,4,0.3862,0
S03718,15,afternoon,15.0,0.861,68.9,2,75.1,75.0,11.0,67.9,6.5,100.0,37.3,1,1,3,0.1935,1
S03719,23,night,6.4,0.92,84.6,3,59.6,59.0,7.7,55.7,6.77,100.0,58.2,0,1,1,0.1471,0
S03720,1,late_night,12.7,0.239,38.8,2,61.3,65.2,7.1,54.4,5.73,100.0,50.7,2,0,4,0.1224,0
S03721,23,night,9.3,0.381,77.5,0,69.6,56.3,2.8,98.1,9.26,100.0,63.5,0,2,3,0.4804,0
S03722,13,afternoon,13.1,0.403,91.5,0,71.9,94.3,8.1,49.7,5.24,100.0,29.1,0,1,2,0.1878,0
S03723,6,morning,23.6,0.944,90.7,0,72.1,50.4,14.5,57.7,7.83,100.0,54.6,4,1,4,0.7725,1
S03724,9,morning,15.4,0.618,79.8,0,60.9,48.1,4.3,61.2,6.32,100.0,68.2,1,1,0,0.2557,0
S03725,18,evening,15.6,0.774,97.0,0,77.4,60.4,11.4,69.9,7.0,100.0,39.6,0,1,2,0.4031,0
S03726,23,night,25.5,0.63,30.6,5,53.8,70.8,8.9,74.3,6.5,100.0,85.5,1,1,2,0.2744,0
S03727,7,morning,10.2,0.634,99.3,1,52.1,73.3,6.5,77.7,5.57,100.0,65.2,4,0,3,0.7959,1
S03728,23,night,17.5,0.368,77.2,0,73.4,47.3,12.8,58.7,8.38,100.0,55.6,0,0,1,0.2314,0
S03729,15,afternoon,6.6,0.69,92.0,1,73.4,73.4,16.7,82.8,6.8,100.0,59.1,1,1,3,0.5119,1
S03730,4,late_night,8.8,0.402,46.5,1,54.5,39.3,19.5,40.7,6.61,100.0,38.8,4,1,3,0.2774,0
S03731,14,afternoon,8.7,0.415,49.3,0,71.7,72.5,11.7,60.9,6.79,100.0,81.5,4,0,3,0.4845,0
S03732,19,evening,21.6,1.0,100.0,0,85.0,100.0,6.0,100.0,10.0,100.0,75.7,4,0,0,0.9661,1
S03733,1,late_night,11.1,0.409,53.1,0,31.1,49.8,14.3,42.2,6.12,100.0,54.7,0,2,0,0.0959,0
S03734,1,late_night,11.0,0.606,65.9,2,58.4,69.9,21.8,66.9,7.65,100.0,71.4,3,1,2,0.289,1
S03735,0,late_night,15.0,0.458,74.3,2,35.7,50.0,11.7,75.9,6.58,100.0,59.1,0,0,3,0.1524,0
S03736,13,afternoon,8.3,0.655,77.7,1,56.0,55.2,17.5,25.4,5.93,100.0,42.9,1,0,4,0.3386,0
S03737,1,late_night,17.9,0.826,98.5,0,91.6,76.3,6.5,74.9,9.2,100.0,64.7,2,0,2,0.6714,0
S03738,22,night,13.3,0.272,68.0,1,45.8,26.2,10.0,66.0,9.95,100.0,60.5,1,0,3,0.225,0
S03739,3,late_night,4.6,0.543,50.4,2,48.7,49.9,20.0,53.5,4.85,100.0,54.0,2,0,4,0.0432,0
S03740,1,late_night,4.2,0.383,67.9,2,30.9,25.3,15.2,45.2,4.63,100.0,26.2,1,0,5,0.0598,0
S03741,6,morning,9.9,0.539,74.8,1,51.4,64.1,14.4,55.9,4.37,100.0,72.4,1,0,1,0.0665,0
S03742,18,evening,9.4,0.501,29.1,4,39.2,17.7,17.6,47.0,5.04,100.0,48.1,1,0,4,0.0212,0
S03743,21,evening,19.6,0.522,96.3,1,57.4,81.5,7.2,59.3,7.42,100.0,53.8,1,1,2,0.3491,0
S03744,6,morning,19.5,1.0,55.1,0,100.0,95.1,4.6,100.0,10.0,100.0,82.5,6,2,1,0.9824,1
S03745,12,afternoon,9.6,0.15,82.6,2,82.6,57.7,10.2,61.0,5.84,96.8,46.3,2,2,5,0.077,1
S03746,18,evening,3.5,0.276,47.2,4,51.9,18.1,16.7,29.9,5.62,100.0,23.0,0,0,4,0.006,0
S03747,19,evening,16.0,0.63,87.8,2,69.7,66.9,11.7,66.3,5.41,100.0,61.3,3,1,0,0.3042,0
S03748,3,late_night,8.6,0.731,71.8,3,50.1,39.8,11.1,37.0,5.85,100.0,61.6,0,0,3,0.0781,0
S03749,20,evening,14.8,0.714,79.8,0,70.5,100.0,17.5,78.9,7.06,100.0,59.7,0,1,2,0.7016,0
S03750,20,evening,10.8,0.629,74.5,4,51.3,45.8,12.5,64.8,6.78,100.0,50.8,1,1,2,0.1172,0
S03751,17,afternoon,12.3,0.103,63.6,2,62.0,63.0,13.7,57.6,6.96,100.0,49.3,1,0,3,0.2641,0
S03752,12,afternoon,9.2,0.453,79.3,0,67.9,69.5,17.7,66.6,5.7,100.0,53.3,2,1,6,0.3859,0
S03753,9,morning,11.2,0.494,100.0,1,57.4,82.3,7.0,71.9,7.87,100.0,62.6,3,0,1,0.5658,1
S03754,21,evening,13.0,1.0,48.1,0,60.9,47.7,10.4,68.6,5.89,100.0,66.5,0,0,2,0.1253,0
S03755,20,evening,1.0,0.342,18.2,0,65.2,72.7,14.1,55.0,6.0,100.0,64.0,1,0,1,0.2224,0
S03756,12,afternoon,9.0,0.535,62.2,0,54.1,79.4,6.5,68.2,6.69,100.0,85.2,1,1,3,0.4765,1
S03757,17,afternoon,3.6,0.385,52.6,1,42.6,44.6,13.6,32.6,4.1,100.0,74.4,1,0,2,0.0964,1
S03758,9,morning,18.0,0.292,67.5,3,71.7,58.0,19.4,49.6,5.94,100.0,45.3,6,1,5,0.2009,1
S03759,17,afternoon,4.9,0.177,41.8,2,45.8,22.7,22.9,43.4,5.4,100.0,41.7,1,0,2,0.0038,0
S03760,2,late_night,8.4,0.564,79.5,2,59.0,57.4,16.5,65.3,5.33,100.0,64.0,1,1,1,0.1196,0
S03761,21,evening,14.1,0.681,55.4,1,71.7,69.4,15.2,67.0,8.62,100.0,33.6,2,1,2,0.5962,0
S03762,12,afternoon,10.5,0.135,79.2,1,67.5,64.4,13.4,73.0,5.06,93.2,62.4,2,0,7,0.2737,1
S03763,14,afternoon,12.2,0.525,84.3,1,64.3,50.1,9.1,72.2,8.08,100.0,46.6,2,0,2,0.2886,0
S03764,4,late_night,12.2,0.744,74.2,2,48.0,57.5,18.7,36.7,6.44,100.0,54.7,2,0,2,0.4661,0
S03765,12,afternoon,13.8,0.843,86.7,1,58.5,88.1,5.9,100.0,7.69,100.0,63.1,2,2,2,0.7244,1
S03766,0,late_night,13.1,0.932,91.6,3,77.1,80.7,14.0,57.1,7.66,100.0,34.9,0,1,3,0.3667,1
S03767,21,evening,9.3,0.42,74.4,1,66.4,59.3,9.1,55.6,5.54,100.0,94.8,1,1,5,0.3608,1
S03768,17,afternoon,10.2,0.945,72.2,2,75.7,69.7,8.3,86.0,8.64,100.0,53.3,7,0,2,0.673,0
S03769,10,morning,14.5,0.654,83.3,1,60.7,50.9,12.7,70.5,6.9,100.0,81.9,4,2,3,0.6613,1
S03770,20,evening,11.9,0.803,75.5,0,55.8,43.9,21.0,48.0,5.18,100.0,28.7,1,2,6,0.1702,0
S03771,19,evening,2.3,0.349,72.6,0,44.7,35.1,20.4,41.6,7.19,100.0,37.9,1,0,2,0.0886,0
S03772,2,late_night,16.3,0.204,47.7,2,77.8,71.5,12.5,56.1,6.61,100.0,70.1,4,1,6,0.425,1
S03773,1,late_night,16.7,0.802,71.6,1,75.1,57.2,11.2,58.4,6.24,100.0,55.3,3,0,3,0.3323,1
S03774,6,morning,19.2,0.625,62.7,0,65.7,60.8,12.9,83.5,8.51,100.0,74.1,5,1,2,0.7518,1
S03775,0,late_night,10.4,0.334,70.9,0,53.8,54.0,19.3,45.7,5.73,100.0,59.5,0,0,2,0.0807,0
S03776,13,afternoon,11.8,0.123,73.6,0,41.7,40.2,6.8,39.2,6.51,93.4,37.7,1,1,6,0.21,1
S03777,12,afternoon,22.1,0.943,69.6,3,39.4,54.4,10.6,57.9,7.09,100.0,76.7,0,0,0,0.1287,0
S03778,12,afternoon,10.6,0.435,58.5,2,76.4,66.8,7.9,59.4,7.38,100.0,63.8,0,1,3,0.2117,0
S03779,1,late_night,2.2,0.582,63.9,4,33.6,37.1,14.9,32.3,6.48,100.0,22.5,0,0,1,0.026,0
S03780,22,night,7.0,0.52,71.0,0,74.9,60.8,6.2,62.4,6.15,100.0,59.3,3,1,7,0.551,1
S03781,23,night,13.5,0.087,76.6,1,31.2,27.9,8.5,45.8,4.0,94.9,54.2,0,0,3,0.028,0
S03782,14,afternoon,16.2,0.672,89.0,1,40.6,49.3,8.6,45.8,3.86,100.0,48.3,2,0,5,0.0265,0
S03783,0,late_night,12.4,0.738,95.8,1,70.8,83.4,7.1,66.6,8.37,100.0,64.3,4,0,1,0.6172,1
S03784,9,morning,14.6,0.811,88.1,1,84.4,86.1,10.7,73.7,8.63,100.0,73.7,2,1,3,0.7994,0
S03785,17,afternoon,7.1,0.111,87.7,0,47.2,42.4,11.2,65.3,6.43,100.0,23.7,0,0,2,0.0413,0
S03786,17,afternoon,15.9,0.409,71.0,1,61.0,46.1,9.2,84.5,6.11,100.0,50.5,0,1,1,0.0769,0
S03787,5,late_night,7.0,0.642,63.2,1,55.5,52.0,13.5,63.0,6.46,100.0,50.1,2,0,2,0.1619,0
S03788,19,evening,9.5,0.557,74.1,0,81.8,80.9,9.6,90.3,8.66,100.0,77.5,6,1,2,0.8902,1
S03789,23,night,19.2,0.368,55.5,0,45.7,39.6,19.8,45.3,5.72,100.0,44.1,3,0,9,0.1714,0
S03790,12,afternoon,11.8,0.394,66.1,0,69.0,38.4,16.7,49.7,6.34,100.0,81.8,3,1,4,0.4738,0
S03791,9,morning,18.5,0.796,89.3,2,65.4,78.6,4.8,84.4,8.43,100.0,56.0,6,1,6,0.905,1
S03792,12,afternoon,10.1,0.79,45.8,2,47.3,64.6,10.1,29.5,6.63,100.0,36.3,0,1,5,0.179,1
S03793,0,late_night,16.0,0.598,69.0,1,64.4,43.2,13.5,79.2,7.07,100.0,78.2,3,0,4,0.4563,0
S03794,12,afternoon,1.5,0.19,61.4,2,66.2,32.6,11.4,39.0,5.43,100.0,55.5,1,0,3,0.0131,0
S03795,0,late_night,8.1,1.0,78.3,2,65.6,58.9,11.0,47.2,6.93,100.0,60.2,0,0,2,0.1436,0
S03796,0,late_night,7.4,0.214,56.3,3,31.5,47.6,8.5,48.4,4.35,100.0,41.8,1,0,2,0.0112,0
S03797,13,afternoon,1.0,0.354,65.2,2,55.6,64.8,8.9,67.7,5.26,100.0,43.7,1,0,1,0.0828,0
S03798,12,afternoon,13.3,0.604,58.1,1,75.2,66.7,15.4,67.5,7.25,100.0,67.3,5,0,4,0.7849,1
S03799,23,night,10.4,0.487,55.9,1,62.1,81.0,12.8,65.0,5.22,100.0,46.5,0,0,4,0.0857,0
S03800,12,afternoon,9.8,0.518,66.5,1,63.1,59.0,10.1,63.9,5.66,100.0,80.1,2,0,4,0.3511,1
S03801,23,night,7.5,0.622,71.7,1,51.6,57.3,11.5,56.6,6.44,100.0,54.4,2,0,2,0.1707,0
S03802,19,evening,7.4,0.598,71.7,1,59.1,42.1,19.3,47.6,7.1,100.0,50.0,0,0,4,0.1164,0
S03803,8,morning,5.6,0.811,59.7,1,48.1,67.7,8.8,68.0,7.17,100.0,50.9,2,0,4,0.3102,0
S03804,22,night,15.5,0.906,74.3,1,86.2,82.6,11.9,75.0,6.57,100.0,43.0,0,0,0,0.2371,0
S03805,11,morning,2.9,0.198,71.7,2,24.0,13.0,20.7,0.4,4.59,100.0,50.2,0,0,3,0.0066,0
S03806,14,afternoon,4.0,0.5,71.5,0,37.6,15.1,19.4,63.1,7.44,100.0,38.5,0,0,7,0.0436,0
S03807,2,late_night,12.7,0.796,68.8,1,56.9,62.0,8.3,45.7,7.27,100.0,54.0,4,1,5,0.5571,0
S03808,5,late_night,10.5,0.313,53.8,2,54.2,54.0,6.6,62.5,6.39,100.0,92.6,1,3,5,0.3859,1
S03809,12,afternoon,11.4,1.0,62.5,0,56.8,79.8,6.8,84.7,6.08,100.0,30.4,2,1,0,0.2254,0
S03810,6,morning,4.2,0.488,72.2,0,71.0,55.3,14.4,62.0,6.78,100.0,55.1,2,0,6,0.2591,0
S03811,14,afternoon,13.8,0.434,71.7,4,66.1,45.3,20.6,46.1,5.67,100.0,32.6,1,1,2,0.0424,0
S03812,1,late_night,5.5,0.229,74.3,4,34.1,36.6,16.1,62.9,5.72,100.0,43.8,2,0,2,0.0164,0
S03813,6,morning,11.5,0.277,73.9,2,51.9,47.0,9.9,76.1,7.52,100.0,51.4,2,0,3,0.2431,0
S03814,15,afternoon,12.2,0.917,73.6,0,69.4,100.0,14.5,61.3,8.65,100.0,42.3,3,0,4,0.7823,1
S03815,14,afternoon,8.2,0.894,56.5,2,49.5,28.7,11.6,25.6,5.35,100.0,56.7,1,0,3,0.0307,1
S03816,23,night,16.4,0.427,100.0,4,76.3,41.1,8.8,75.5,6.52,100.0,76.6,2,3,2,0.3275,1
S03817,21,evening,14.7,0.647,63.1,0,54.1,59.9,10.3,74.3,6.7,100.0,61.1,1,0,4,0.2023,0
S03818,19,evening,21.2,0.828,63.1,0,94.3,100.0,6.6,83.8,7.78,100.0,77.0,8,1,4,0.9094,1
S03819,0,late_night,12.4,0.705,43.0,2,54.9,62.7,9.8,37.1,4.83,100.0,77.6,2,1,3,0.2082,1
S03820,14,afternoon,16.5,1.0,72.4,0,87.2,90.1,15.0,79.7,8.38,100.0,69.9,1,2,1,0.9114,1
S03821,5,late_night,8.6,1.0,94.0,1,71.7,70.6,7.5,88.0,9.04,100.0,27.1,7,2,4,0.9172,1
S03822,6,morning,10.5,0.493,60.9,3,55.0,40.4,5.8,87.2,5.82,100.0,57.3,2,0,2,0.0625,0
S03823,5,late_night,10.5,0.624,90.5,3,57.2,49.7,14.8,56.3,5.62,100.0,16.2,2,1,4,0.1553,0
S03824,10,morning,15.9,0.626,67.3,1,69.0,51.9,8.8,60.3,7.05,100.0,42.2,1,1,5,0.1612,1
S03825,2,late_night,9.2,0.508,84.6,0,58.5,54.5,8.8,33.4,5.55,100.0,31.0,2,0,4,0.2837,1
S03826,12,afternoon,15.6,0.459,65.5,1,72.3,67.4,13.1,83.0,6.05,100.0,64.2,5,1,9,0.6686,1
S03827,3,late_night,13.6,0.425,60.7,2,69.1,68.3,8.6,75.9,6.31,100.0,42.9,0,0,1,0.1287,0
S03828,12,afternoon,17.3,0.815,73.2,3,54.0,52.8,9.7,69.4,8.11,100.0,60.9,1,3,2,0.2456,0
S03829,15,afternoon,8.1,0.631,68.2,1,49.9,31.1,14.4,63.9,4.74,100.0,60.0,1,0,3,0.0546,0
S03830,4,late_night,12.4,0.363,59.6,1,42.1,30.0,12.8,42.0,4.79,100.0,34.8,0,1,3,0.0183,0
S03831,2,late_night,11.6,0.924,91.5,0,100.0,90.5,6.0,83.0,8.39,100.0,71.6,5,0,4,0.898,1
S03832,19,evening,5.0,0.763,77.4,1,62.1,56.8,3.0,57.9,5.15,100.0,14.6,2,0,3,0.1251,0
S03833,17,afternoon,1.0,0.093,42.5,3,57.6,60.3,12.9,66.7,4.33,100.0,28.0,1,1,1,0.0196,0
S03834,6,morning,19.4,0.675,76.3,1,56.8,96.6,15.6,91.2,7.81,100.0,82.6,1,1,4,0.6614,0
S03835,21,evening,15.5,0.996,64.5,2,70.4,47.5,14.0,68.9,5.41,100.0,43.5,4,3,4,0.732,1
S03836,5,late_night,17.3,0.697,67.6,0,65.2,66.4,9.3,71.5,6.74,100.0,50.6,2,1,3,0.1695,0
S03837,22,night,8.9,0.303,75.0,5,44.0,53.6,14.2,67.1,6.61,100.0,41.9,0,0,2,0.06,0
S03838,2,late_night,8.8,0.526,59.9,2,57.1,35.1,15.1,54.5,6.53,100.0,27.1,1,1,5,0.0996,0
S03839,15,afternoon,11.0,0.729,38.6,1,42.8,49.3,9.0,76.5,6.17,100.0,38.5,3,0,0,0.1109,0
S03840,0,late_night,13.6,0.0,55.4,4,49.5,57.4,19.8,41.4,3.78,57.1,46.6,1,0,4,0.0103,0
S03841,4,late_night,18.5,0.572,53.3,0,73.3,49.2,12.8,66.2,5.99,100.0,48.7,2,1,1,0.2261,0
S03842,9,morning,16.1,0.52,79.8,1,45.6,52.6,10.2,58.1,7.17,100.0,72.9,1,2,2,0.4357,1
S03843,2,late_night,18.9,0.499,96.9,0,81.9,83.3,14.7,93.7,9.16,100.0,56.8,2,3,3,0.8152,1
S03844,10,morning,17.6,0.579,38.1,2,59.4,70.1,3.6,61.8,6.32,100.0,55.3,0,2,2,0.2585,0
S03845,5,late_night,4.0,0.173,39.7,2,12.1,21.7,12.0,61.1,3.23,100.0,32.8,0,0,5,0.0018,0
S03846,2,late_night,10.2,0.531,74.5,1,68.0,58.2,14.8,59.4,6.48,100.0,68.4,2,1,3,0.4207,1
S03847,23,night,19.7,0.891,70.8,0,99.1,68.9,9.2,100.0,9.16,100.0,49.9,3,0,2,0.8405,1
S03848,23,night,10.7,0.476,88.7,1,90.7,77.0,16.9,64.0,6.43,100.0,67.4,5,1,6,0.475,0
S03849,23,night,8.9,0.137,79.3,2,55.2,49.3,4.6,49.4,5.91,100.0,56.2,0,0,1,0.0629,0
S03850,3,late_night,9.3,0.501,72.3,2,58.3,76.9,14.3,68.0,7.17,100.0,46.2,4,0,3,0.4449,0
S03851,9,morning,13.9,0.611,52.5,1,56.2,25.2,8.5,58.1,4.58,100.0,49.1,1,0,4,0.059,0
S03852,7,morning,10.1,0.394,24.5,1,56.6,35.4,16.4,38.2,4.38,100.0,52.7,1,0,7,0.0294,0
S03853,7,morning,16.7,0.484,79.4,2,51.2,64.7,12.4,51.3,5.93,100.0,42.5,2,1,2,0.08,0
S03854,9,morning,5.8,0.356,100.0,1,69.6,52.6,15.2,64.1,5.08,100.0,44.9,3,0,0,0.0631,0
S03855,12,afternoon,14.0,0.194,82.0,0,14.0,32.4,14.8,46.2,3.71,100.0,25.3,0,0,5,0.0677,1
S03856,11,morning,2.3,0.525,57.9,2,61.0,37.0,18.3,48.9,5.87,100.0,78.4,0,1,4,0.071,0
S03857,7,morning,7.2,0.653,53.7,0,68.1,53.5,8.7,60.0,6.02,100.0,48.1,1,0,2,0.2181,0
S03858,23,night,8.3,0.393,79.3,0,29.7,66.3,12.5,41.6,5.25,100.0,34.2,0,0,1,0.0927,1
S03859,23,night,18.4,0.087,71.3,1,68.6,46.4,12.0,72.3,8.02,89.7,30.8,2,1,2,0.399,1
S03860,7,morning,9.3,0.233,67.5,2,25.6,40.4,21.1,58.8,5.51,100.0,35.7,2,0,2,0.0453,0
S03861,5,late_night,13.2,0.561,80.3,0,62.5,71.0,13.9,81.4,7.98,100.0,63.3,4,3,2,0.6501,1
S03862,12,afternoon,5.3,0.191,61.9,1,52.6,52.7,15.2,50.8,4.41,100.0,44.1,0,1,2,0.0259,0
S03863,8,morning,11.4,0.714,98.6,0,78.4,79.5,11.3,72.8,8.02,100.0,70.1,2,0,1,0.5194,1
S03864,23,night,11.4,0.456,72.3,2,52.0,45.6,19.8,39.3,4.6,100.0,55.4,0,0,7,0.0478,0
S03865,10,morning,11.9,0.379,53.4,5,47.5,42.0,15.7,51.8,5.53,100.0,46.2,0,0,2,0.0289,1
S03866,0,late_night,18.7,0.811,59.5,1,64.6,65.3,7.1,66.4,9.24,100.0,55.6,3,0,2,0.6767,1
S03867,3,late_night,18.6,0.498,45.8,0,91.0,82.3,11.2,70.2,8.41,100.0,88.5,2,1,2,0.8356,0
S03868,1,late_night,2.4,0.536,67.3,2,60.4,70.3,11.3,45.3,7.93,100.0,67.9,1,2,2,0.7408,0
S03869,9,morning,8.7,0.247,58.1,2,66.5,72.4,9.5,61.5,9.41,100.0,64.1,2,3,3,0.7733,1
S03870,7,morning,13.9,0.467,76.4,1,61.3,44.9,8.8,58.9,8.24,100.0,50.0,4,0,2,0.1624,0
S03871,20,evening,7.4,0.187,56.8,2,47.0,46.2,16.4,54.4,5.53,100.0,59.0,2,0,1,0.0311,0
S03872,21,evening,8.3,0.733,62.7,2,65.7,57.6,15.0,51.7,7.11,100.0,57.3,0,0,3,0.3152,0
S03873,3,late_night,4.0,0.45,72.5,2,38.8,58.6,10.6,45.7,5.29,100.0,52.4,1,0,3,0.044,0
S03874,22,night,12.0,0.561,65.7,1,36.4,28.0,10.1,49.3,5.05,100.0,58.1,0,1,3,0.0607,0
S03875,14,afternoon,15.0,0.524,71.5,0,54.2,70.1,18.8,85.2,7.78,100.0,62.3,1,1,3,0.3575,0
S03876,7,morning,10.6,0.178,86.3,1,25.1,38.1,17.7,47.6,6.15,100.0,25.5,0,1,2,0.0166,0
S03877,9,morning,10.4,0.388,83.6,1,78.7,64.8,11.7,46.9,7.36,100.0,57.7,1,1,5,0.3777,1
S03878,10,morning,8.8,0.408,53.3,2,35.4,26.9,17.0,39.5,4.9,100.0,30.5,0,0,3,0.0357,0
S03879,4,late_night,7.5,0.956,66.8,1,61.2,62.0,9.5,87.0,6.34,100.0,66.3,1,2,3,0.4394,0
S03880,20,evening,10.0,0.559,77.9,1,69.7,55.0,12.3,73.8,4.76,100.0,28.5,1,0,5,0.0218,0
S03881,0,late_night,6.1,0.686,84.3,0,75.5,66.1,9.3,88.7,8.21,100.0,63.0,3,2,2,0.7526,0
S03882,1,late_night,6.7,0.561,55.8,1,69.0,79.9,15.2,74.0,7.09,100.0,57.8,1,0,2,0.243,0
S03883,6,morning,14.4,0.729,93.3,1,60.6,56.8,3.9,84.1,8.69,100.0,45.2,3,0,6,0.6217,0
S03884,3,late_night,19.2,0.842,82.8,1,64.9,53.9,9.4,50.8,4.21,100.0,49.2,0,1,4,0.0734,0
S03885,1,late_night,5.0,0.805,88.2,1,59.5,29.6,7.0,73.0,6.67,100.0,66.9,0,0,4,0.0709,0
S03886,9,morning,4.1,0.455,85.3,0,38.0,41.2,17.4,62.1,5.22,100.0,40.8,0,0,3,0.0292,0
S03887,9,morning,11.6,0.51,97.7,1,44.8,58.0,12.4,67.6,5.99,100.0,56.9,2,0,3,0.0926,0
S03888,3,late_night,18.3,0.571,93.9,1,73.8,62.9,8.9,51.9,7.46,100.0,61.0,0,1,3,0.3387,0
S03889,19,evening,10.6,0.54,69.3,0,45.4,46.6,12.6,50.1,6.98,100.0,34.6,0,0,4,0.1044,0
S03890,21,evening,11.2,0.285,57.1,1,35.4,38.1,11.9,40.9,6.18,100.0,48.3,0,0,5,0.0736,0
S03891,17,afternoon,6.4,0.169,31.2,3,38.7,45.0,9.1,58.4,5.04,100.0,43.4,0,0,2,0.0125,0
S03892,12,afternoon,2.9,0.405,51.4,2,32.4,36.7,21.7,39.9,3.74,100.0,40.7,0,0,7,0.0109,0
S03893,22,night,9.2,0.396,69.3,0,48.8,59.8,13.5,55.1,6.54,100.0,24.6,1,2,4,0.1402,0
S03894,8,morning,11.2,0.834,75.7,1,72.0,51.3,15.9,75.8,8.9,100.0,37.7,3,1,4,0.4767,0
S03895,10,morning,10.1,0.639,28.9,1,43.2,33.2,9.4,27.5,6.34,100.0,63.7,1,0,3,0.1023,0
S03896,0,late_night,1.5,0.449,54.8,0,50.1,12.5,16.8,57.5,5.48,100.0,58.1,0,0,4,0.0128,0
S03897,16,afternoon,20.9,0.89,94.0,0,78.8,66.7,2.6,75.2,8.51,100.0,69.0,6,2,4,0.9291,1
S03898,2,late_night,10.2,1.0,49.5,2,73.1,40.6,23.1,49.6,6.49,100.0,64.7,2,0,4,0.1761,0
S03899,15,afternoon,12.1,0.64,75.1,1,59.0,72.9,4.4,55.5,7.61,100.0,37.0,2,1,3,0.3624,0
S03900,18,evening,7.4,0.428,81.6,0,81.2,61.2,17.9,70.0,6.81,100.0,55.4,1,0,2,0.2746,0
S03901,5,late_night,10.1,0.593,92.1,2,62.0,63.8,10.6,68.5,7.04,100.0,54.2,3,0,1,0.1266,0
S03902,14,afternoon,12.2,0.632,83.5,0,27.5,40.3,14.3,28.6,7.87,100.0,34.3,0,0,4,0.1182,0
S03903,7,morning,10.5,0.257,62.5,1,40.6,46.7,14.8,38.0,5.85,100.0,36.6,0,1,1,0.0671,0
S03904,9,morning,8.3,0.157,59.8,1,43.6,11.4,11.5,41.8,5.57,100.0,65.0,1,0,4,0.036,0
S03905,12,afternoon,15.8,1.0,92.8,1,100.0,83.3,10.2,98.7,8.68,100.0,60.2,2,2,5,0.9301,1
S03906,5,late_night,7.1,0.256,67.0,1,29.4,34.2,18.6,53.1,4.62,100.0,52.2,1,0,1,0.0188,0
S03907,19,evening,3.4,0.371,69.7,2,38.7,49.0,14.1,62.5,4.43,100.0,53.7,5,0,3,0.1051,0
S03908,9,morning,9.3,0.609,83.1,1,51.4,41.0,15.1,48.2,4.44,100.0,64.4,4,0,0,0.1853,0
S03909,11,morning,9.0,0.182,23.1,4,42.0,42.5,22.7,41.3,5.47,100.0,57.0,0,0,3,0.0063,0
S03910,19,evening,17.3,0.459,87.1,1,70.4,88.0,11.9,75.5,8.49,100.0,58.5,6,1,2,0.9146,0
S03911,5,late_night,15.7,0.636,96.7,0,76.3,100.0,4.0,98.3,10.0,100.0,50.6,5,1,5,0.9864,1
S03912,10,morning,9.2,0.595,62.7,1,57.4,53.4,16.0,76.1,6.0,100.0,65.5,2,1,4,0.3506,0
S03913,23,night,10.2,0.404,25.5,0,50.7,25.9,12.5,42.0,5.2,100.0,65.4,2,0,7,0.0829,0
S03914,9,morning,4.4,0.076,51.2,1,38.1,11.7,13.5,34.2,4.0,100.0,78.5,1,0,4,0.0145,0
S03915,2,late_night,10.1,0.282,57.4,0,57.3,40.8,14.5,59.7,5.26,100.0,68.2,2,0,3,0.1912,0
S03916,6,morning,18.7,0.448,92.6,0,45.6,40.7,8.6,55.3,6.74,100.0,43.5,3,1,4,0.3603,1
S03917,22,night,6.2,0.676,70.4,1,55.3,50.1,13.5,47.9,5.61,100.0,43.5,1,0,6,0.1509,0
S03918,18,evening,17.0,0.416,59.8,1,65.1,83.7,14.3,62.9,5.31,100.0,25.2,0,2,2,0.0965,0
S03919,19,evening,8.6,0.477,42.4,0,51.6,66.1,18.8,56.9,8.04,100.0,45.2,0,1,5,0.583,1
S03920,6,morning,15.6,0.36,81.4,0,60.9,61.5,13.9,74.3,6.28,100.0,37.9,1,2,3,0.3516,0
S03921,20,evening,13.9,0.429,77.9,4,59.9,65.1,6.8,76.2,6.48,100.0,61.9,3,0,5,0.2221,0
S03922,9,morning,6.7,0.452,58.0,1,46.0,32.6,8.9,46.5,5.65,100.0,62.8,2,0,5,0.161,0
S03923,19,evening,9.1,1.0,84.4,0,48.4,79.8,17.6,89.3,7.44,100.0,92.9,2,0,2,0.6427,1
S03924,21,evening,4.2,0.595,64.9,1,53.7,69.8,9.4,60.8,5.51,100.0,100.0,1,0,3,0.2943,0
S03925,4,late_night,12.2,0.673,93.1,1,63.6,71.1,4.2,63.4,8.87,100.0,64.1,1,0,6,0.4927,0
S03926,22,night,16.5,0.841,91.2,2,75.1,94.2,6.4,78.9,6.64,100.0,51.0,0,2,1,0.4026,1
S03927,15,afternoon,3.4,0.476,34.0,0,68.9,51.5,18.0,35.3,2.48,100.0,40.6,1,0,2,0.034,0
S03928,17,afternoon,8.1,0.219,37.6,1,44.1,38.5,15.3,53.7,5.77,100.0,36.0,0,0,2,0.025,0
S03929,18,evening,3.8,0.897,94.4,5,39.0,45.7,16.1,56.7,6.48,100.0,85.6,1,0,2,0.1145,0
S03930,4,late_night,7.9,0.387,75.5,2,45.7,38.0,14.0,45.5,4.14,100.0,7.1,1,0,2,0.0142,0
S03931,17,afternoon,9.7,0.711,57.1,2,69.2,67.0,6.1,64.2,7.33,100.0,83.8,1,1,4,0.241,0
S03932,5,late_night,12.7,0.713,49.3,1,71.8,61.7,4.1,55.4,7.97,100.0,43.1,2,1,2,0.5978,1
S03933,6,morning,13.3,0.784,81.9,0,85.6,69.6,6.5,86.5,9.12,100.0,55.7,3,0,5,0.6338,1
S03934,2,late_night,8.4,0.915,56.0,0,78.7,61.0,11.7,63.7,7.55,100.0,18.7,1,0,2,0.3936,1
S03935,4,late_night,10.0,0.463,66.9,1,67.9,46.6,6.8,68.0,7.56,100.0,72.1,1,1,3,0.2928,0
S03936,23,night,11.9,0.887,78.9,0,74.4,68.0,13.5,75.1,8.54,100.0,74.1,1,0,1,0.6447,0
S03937,7,morning,8.2,0.653,72.4,1,80.5,45.4,7.1,64.6,6.88,100.0,41.4,0,0,3,0.1343,0
S03938,9,morning,16.5,0.757,87.4,1,57.3,63.9,5.3,66.7,5.49,100.0,72.0,4,0,0,0.251,0
S03939,11,morning,15.0,0.729,100.0,0,78.3,79.7,9.0,84.4,7.87,100.0,77.6,4,0,4,0.6793,0
S03940,17,afternoon,3.5,0.497,63.7,0,58.9,58.1,14.8,64.9,7.75,100.0,47.7,1,1,3,0.5019,0
S03941,13,afternoon,8.6,0.651,50.6,1,35.0,64.4,18.6,56.4,7.28,100.0,22.4,2,0,3,0.2769,0
S03942,12,afternoon,13.1,0.496,69.1,1,62.7,35.9,7.2,39.7,5.78,100.0,46.7,2,0,3,0.1053,0
S03943,20,evening,11.1,0.491,100.0,0,75.2,59.3,16.3,62.5,6.94,100.0,74.8,1,2,4,0.6204,1
S03944,11,morning,21.7,1.0,73.8,0,51.1,57.5,10.3,71.9,9.6,100.0,48.7,1,1,4,0.777,1
S03945,18,evening,8.4,0.689,82.4,1,69.4,69.6,9.6,61.6,6.57,100.0,70.9,2,0,0,0.1436,0
S03946,21,evening,17.9,0.731,67.9,1,72.7,83.6,12.1,55.5,8.58,100.0,49.9,0,1,1,0.606,1
S03947,16,afternoon,10.2,0.161,54.6,0,46.2,46.4,21.4,47.8,3.13,100.0,41.8,0,0,3,0.01,0
S03948,0,late_night,13.6,0.615,52.1,2,60.1,76.2,5.4,65.2,6.38,100.0,43.6,1,2,2,0.3328,1
S03949,6,morning,6.4,0.676,69.8,1,45.9,52.3,10.4,54.6,7.54,100.0,57.1,1,1,1,0.1934,1
S03950,14,afternoon,6.0,0.122,62.4,1,51.5,39.3,11.3,43.0,4.33,100.0,63.0,1,0,3,0.0109,0
S03951,11,morning,23.8,0.983,98.2,0,79.6,69.8,9.7,80.0,9.08,100.0,93.8,1,2,2,0.8736,1
S03952,6,morning,8.6,0.671,96.1,0,47.0,43.9,18.0,45.4,6.84,100.0,57.7,0,0,2,0.119,0
S03953,8,morning,14.7,0.018,60.9,2,63.8,48.4,13.1,53.4,7.48,78.0,29.2,0,1,1,0.119,0
S03954,1,late_night,10.4,0.593,40.2,1,64.2,33.6,10.8,60.1,7.5,100.0,64.6,0,1,4,0.3069,0
S03955,5,late_night,6.6,0.388,50.9,3,50.9,17.0,17.8,51.0,5.99,100.0,38.5,0,0,3,0.0787,1
S03956,18,evening,4.2,0.552,68.4,1,46.9,46.4,12.6,59.3,6.5,100.0,45.7,0,0,0,0.0628,0
S03957,0,late_night,12.5,0.858,80.9,1,62.2,82.5,1.4,87.8,8.47,100.0,62.5,4,2,0,0.7969,1
S03958,20,evening,6.6,0.39,62.6,3,58.8,40.6,15.3,56.4,4.85,100.0,59.6,3,1,3,0.0871,0
S03959,8,morning,10.4,0.218,85.7,2,41.7,47.9,17.6,41.9,4.6,100.0,43.8,1,0,4,0.0363,0
S03960,19,evening,16.3,0.386,82.5,1,72.6,98.7,13.7,97.3,9.62,100.0,71.6,3,2,4,0.8735,1
S03961,6,morning,17.9,0.969,79.2,0,81.3,55.1,4.7,72.9,7.52,100.0,69.1,4,1,3,0.7001,1
S03962,19,evening,11.6,0.768,62.5,1,64.9,78.3,13.4,49.1,6.53,100.0,66.8,1,1,2,0.3777,0
S03963,13,afternoon,6.9,0.715,40.2,2,49.7,56.2,19.0,59.6,3.69,100.0,65.5,1,0,3,0.0544,0
S03964,20,evening,12.0,0.369,73.0,3,43.1,69.8,22.6,40.3,7.3,100.0,20.5,2,1,1,0.1364,0
S03965,1,late_night,5.5,0.59,67.2,3,59.7,58.3,15.5,52.1,4.5,100.0,44.3,0,0,2,0.0918,1
S03966,19,evening,13.3,0.1,46.2,2,44.4,36.1,17.9,45.4,4.59,97.1,46.7,1,1,2,0.0588,0
S03967,6,morning,8.4,0.219,61.0,1,53.6,43.4,10.1,56.8,6.45,100.0,45.0,0,0,3,0.2328,1
S03968,8,morning,8.8,0.482,62.9,0,57.4,31.8,8.7,66.6,3.61,100.0,38.3,0,0,4,0.0369,0
S03969,1,late_night,10.7,0.527,52.4,2,58.5,37.2,18.0,46.7,6.72,100.0,39.0,0,0,4,0.1154,1
S03970,22,night,7.0,0.651,45.6,2,38.9,36.5,7.0,40.0,3.95,100.0,53.4,2,0,2,0.0312,0
S03971,15,afternoon,6.0,0.535,77.8,4,59.2,64.7,12.2,73.5,6.59,100.0,63.2,1,0,4,0.2035,0
S03972,23,night,8.5,0.412,68.5,2,51.7,70.8,17.3,55.4,5.98,100.0,56.9,3,0,6,0.2546,0
S03973,13,afternoon,21.3,0.622,74.7,0,75.0,100.0,11.4,81.5,7.04,100.0,50.1,3,2,5,0.9492,1
S03974,3,late_night,10.3,0.312,51.7,0,55.4,43.4,16.2,61.1,5.01,100.0,63.9,0,0,3,0.0567,0
S03975,8,morning,6.2,1.0,70.4,1,55.4,75.9,11.2,55.8,6.0,100.0,68.6,1,2,4,0.4577,0
S03976,10,morning,14.3,0.748,86.4,1,66.9,65.6,9.7,61.8,5.61,100.0,73.6,2,2,5,0.5538,1
S03977,3,late_night,9.0,0.734,71.1,0,71.6,38.8,21.1,60.4,7.76,100.0,41.8,2,3,3,0.421,1
S03978,22,night,10.7,0.614,72.4,0,64.5,66.6,15.4,86.2,6.35,100.0,100.0,3,2,2,0.882,1
S03979,22,night,9.7,0.666,80.8,2,56.2,70.2,13.8,56.0,5.47,100.0,63.0,3,0,2,0.3396,0
S03980,13,afternoon,17.0,0.739,93.1,0,59.8,52.5,11.5,63.8,4.8,100.0,45.6,5,0,5,0.6783,1
S03981,14,afternoon,3.4,0.41,75.3,2,42.7,41.9,10.2,75.4,6.65,100.0,89.2,1,1,3,0.2138,0
S03982,16,afternoon,7.6,0.438,71.0,2,69.1,40.1,17.0,69.7,4.37,100.0,64.1,0,0,1,0.0421,0
S03983,16,afternoon,8.4,0.21,68.6,1,44.4,32.3,13.5,43.6,4.82,100.0,49.8,0,0,2,0.0239,0
S03984,1,late_night,15.9,0.34,61.2,4,43.0,36.3,13.9,52.3,7.58,100.0,55.0,1,1,6,0.1312,0
S03985,12,afternoon,12.3,0.466,67.8,4,46.9,64.1,15.7,60.7,6.0,100.0,70.5,1,0,7,0.1764,0
S03986,18,evening,5.2,0.217,53.7,0,34.7,12.9,15.1,55.4,5.59,100.0,52.0,2,0,2,0.0569,0
S03987,19,evening,19.4,0.673,50.3,0,75.4,65.5,17.3,83.4,6.45,100.0,31.8,2,0,1,0.1683,0
S03988,14,afternoon,10.2,0.786,84.7,1,92.7,81.1,4.3,88.7,7.8,100.0,61.9,2,0,3,0.5928,1
S03989,21,evening,10.3,0.378,67.9,1,34.2,33.7,14.1,35.4,5.29,100.0,63.0,2,0,6,0.0828,0
S03990,14,afternoon,14.8,0.427,68.0,1,73.8,59.2,20.0,46.0,7.12,100.0,56.0,2,0,1,0.1693,1
S03991,9,morning,5.4,0.416,77.3,2,45.1,39.4,17.7,44.1,7.02,100.0,34.0,0,0,2,0.0177,0
S03992,10,morning,13.9,0.403,56.7,0,69.0,52.8,11.8,36.4,5.74,100.0,52.6,0,0,3,0.0443,0
S03993,16,afternoon,7.9,0.456,37.9,4,33.4,56.3,16.6,70.2,4.95,100.0,63.8,1,1,1,0.0496,0
S03994,21,evening,16.6,0.86,64.4,1,69.5,73.3,10.6,50.7,7.09,100.0,77.8,3,0,1,0.4716,1
S03995,5,late_night,2.6,0.198,41.5,0,47.8,41.3,19.2,50.9,6.71,100.0,34.3,1,0,1,0.1325,0
S03996,7,morning,16.4,1.0,83.2,0,78.7,54.1,13.3,62.7,7.27,100.0,43.4,4,3,2,0.7338,1
S03997,15,afternoon,9.6,0.499,56.8,2,57.7,56.5,9.0,40.3,6.5,100.0,52.6,0,0,0,0.0322,1
S03998,18,evening,14.7,0.535,79.6,1,52.4,41.0,14.3,69.0,6.3,100.0,40.7,0,1,3,0.0467,0
S03999,9,morning,8.1,0.211,74.4,2,43.9,34.1,16.2,41.3,7.27,100.0,38.8,0,0,4,0.0377,0
S04000,15,afternoon,17.8,0.816,58.2,0,78.7,64.2,13.4,87.7,7.7,100.0,52.5,5,0,3,0.7219,1
S04001,0,late_night,16.7,0.659,65.0,0,69.0,65.3,11.5,88.7,6.61,100.0,71.9,2,1,3,0.6652,0
S04002,7,morning,12.3,0.512,80.2,3,71.9,65.5,13.7,65.0,4.61,100.0,44.0,2,0,3,0.0923,0
S04003,22,night,21.9,0.771,100.0,0,93.2,100.0,9.2,61.5,9.11,100.0,50.9,5,4,2,0.9913,1
S04004,13,afternoon,19.5,0.711,51.2,1,86.0,86.2,6.3,73.6,7.37,100.0,52.5,2,0,3,0.467,1
S04005,20,evening,13.0,0.588,71.8,0,46.2,69.8,10.8,86.0,5.68,100.0,30.5,3,2,5,0.2382,1
S04006,5,late_night,1.9,0.537,34.5,0,63.3,59.7,11.6,63.6,5.15,100.0,53.9,2,1,7,0.2338,0
S04007,6,morning,9.5,0.612,65.5,0,69.0,65.5,11.4,65.2,6.51,100.0,59.5,1,0,1,0.1387,0
S04008,23,night,15.0,0.282,79.7,3,38.0,52.6,12.7,45.4,5.05,100.0,65.1,3,0,3,0.0594,0
S04009,23,night,10.5,0.571,100.0,0,71.9,80.1,14.1,85.5,7.67,100.0,46.1,2,0,0,0.385,1
S04010,21,evening,16.6,0.512,69.3,1,87.3,73.4,7.4,70.4,6.22,100.0,59.0,1,1,3,0.516,1
S04011,7,morning,15.6,0.681,53.3,0,59.2,62.3,4.5,68.2,6.06,100.0,61.6,3,0,7,0.3071,0
S04012,19,evening,11.2,0.785,67.8,0,64.6,51.9,18.5,83.2,7.79,100.0,35.9,4,1,1,0.8,0
S04013,11,morning,9.2,0.968,84.8,0,85.2,64.5,5.3,93.9,8.39,100.0,68.6,2,5,2,0.9439,1
S04014,20,evening,10.2,0.575,61.3,2,56.6,65.9,16.1,69.1,6.69,100.0,59.9,2,1,1,0.5374,1
S04015,20,evening,20.0,0.61,55.2,1,60.0,42.9,14.7,41.7,6.33,100.0,52.4,1,0,2,0.1927,0
S04016,10,morning,13.1,0.743,75.7,0,73.6,87.4,5.9,66.8,7.26,100.0,44.8,8,1,0,0.8228,1
S04017,7,morning,11.7,0.347,83.7,0,75.6,87.6,9.5,65.2,9.0,100.0,59.7,2,0,2,0.5014,0
S04018,23,night,7.0,0.459,64.9,0,55.5,50.9,11.5,58.0,8.18,100.0,23.7,1,0,4,0.166,1
S04019,10,morning,16.9,0.476,56.8,0,79.6,72.6,13.4,80.0,7.74,100.0,59.9,0,0,4,0.2328,0
S04020,10,morning,11.6,0.371,61.5,4,62.8,63.8,8.5,88.8,4.95,100.0,67.3,2,0,4,0.2387,0
S04021,15,afternoon,10.6,0.491,66.7,2,62.1,63.4,10.6,70.7,6.24,100.0,53.9,1,0,1,0.1099,0
S04022,22,night,13.6,0.374,44.2,3,54.0,39.9,14.6,53.7,5.72,100.0,66.1,3,0,6,0.0306,0
S04023,3,late_night,9.7,0.092,47.1,3,27.6,26.4,19.5,26.9,4.05,87.2,35.3,0,1,1,0.0076,0
S04024,23,night,5.7,0.275,72.6,1,66.3,34.1,12.1,47.2,4.82,100.0,38.8,1,0,1,0.024,0
S04025,10,morning,4.2,0.715,58.8,1,38.5,24.8,10.0,44.8,4.07,100.0,45.0,0,1,4,0.0426,1
S04026,0,late_night,14.7,0.133,38.5,1,64.2,40.2,11.1,47.3,5.43,99.8,85.1,0,0,2,0.0518,0
S04027,7,morning,14.0,0.609,90.5,1,82.2,92.6,12.2,75.9,6.38,100.0,54.5,1,0,4,0.3804,0
S04028,11,morning,5.3,0.291,74.9,1,52.7,37.7,5.3,54.7,3.92,100.0,86.1,1,0,1,0.124,0
S04029,16,afternoon,5.5,0.429,50.8,2,58.1,46.6,16.4,41.4,7.87,100.0,55.6,4,0,3,0.3791,0
S04030,13,afternoon,3.9,0.327,54.7,1,44.2,31.2,14.5,58.6,5.57,100.0,35.5,1,1,4,0.0156,0
S04031,3,late_night,5.7,0.283,54.4,2,60.7,42.4,14.7,71.4,4.66,100.0,81.5,1,0,4,0.0345,0
S04032,11,morning,5.6,0.753,84.9,0,57.1,69.5,11.7,71.9,8.01,100.0,61.3,2,0,3,0.4622,1
S04033,5,late_night,9.4,0.909,69.2,1,66.0,59.0,8.1,66.5,7.28,100.0,54.2,2,0,1,0.4539,0
S04034,6,morning,6.1,0.61,63.1,2,48.2,45.5,9.1,43.2,6.86,100.0,63.6,0,0,2,0.1051,0
S04035,17,afternoon,10.6,0.779,68.5,0,50.4,50.1,8.9,53.7,7.41,100.0,74.7,1,0,2,0.1986,0
S04036,19,evening,25.4,0.604,65.4,1,75.9,83.1,1.6,99.0,8.14,100.0,59.5,4,2,6,0.9261,1
S04037,3,late_night,10.9,0.499,90.9,2,61.1,57.0,13.4,52.8,7.15,100.0,68.4,0,3,4,0.4421,0
S04038,14,afternoon,9.3,0.54,74.4,2,52.8,46.7,12.7,78.5,6.45,100.0,47.4,2,1,2,0.2293,1
S04039,10,morning,13.5,0.698,57.4,0,50.3,79.3,6.2,71.5,7.36,100.0,39.2,2,0,3,0.2778,0
S04040,8,morning,11.3,0.914,73.6,1,61.9,59.0,9.3,67.1,7.6,100.0,44.9,0,2,4,0.5238,1
S04041,17,afternoon,13.1,0.741,83.4,0,51.7,53.4,14.9,92.9,8.41,100.0,36.5,2,0,1,0.3204,0
S04042,5,late_night,13.0,0.725,70.6,1,72.7,27.6,17.2,77.0,7.42,100.0,56.1,1,1,0,0.0813,0
S04043,18,evening,8.2,0.86,81.8,1,41.6,40.7,9.8,41.0,4.13,100.0,47.7,0,0,1,0.0537,0
S04044,9,morning,20.2,0.425,100.0,2,59.4,20.8,22.6,39.1,5.62,100.0,66.4,0,0,2,0.034,0
S04045,2,late_night,15.2,0.47,66.9,4,41.3,62.5,8.5,55.3,5.29,100.0,67.1,0,1,3,0.1235,0
S04046,19,evening,7.2,0.561,59.9,1,61.2,57.4,5.5,58.9,7.53,100.0,48.0,3,0,2,0.0865,0
S04047,20,evening,11.8,0.282,50.6,0,59.2,59.6,20.2,46.7,5.02,100.0,48.7,0,0,6,0.0746,0
S04048,13,afternoon,8.3,0.537,35.4,1,56.5,47.9,8.2,46.6,8.54,100.0,44.2,1,1,2,0.1859,0
S04049,17,afternoon,14.0,0.214,89.2,1,55.3,59.2,18.0,65.5,6.27,100.0,57.0,4,0,4,0.395,0
S04050,3,late_night,9.2,0.578,71.8,2,69.1,78.6,7.6,82.4,7.43,100.0,57.0,0,0,0,0.1933,0
S04051,8,morning,7.3,0.512,82.3,1,66.2,45.5,11.0,83.2,5.93,100.0,55.1,2,0,3,0.1473,0
S04052,8,morning,14.6,0.8,89.3,0,52.7,70.9,6.0,67.3,6.22,100.0,79.3,1,0,0,0.2792,0
S04053,18,evening,14.4,0.691,49.5,1,60.5,57.2,18.2,63.3,5.37,100.0,74.5,1,1,4,0.2505,1
S04054,8,morning,15.7,0.443,60.6,0,70.0,64.4,15.4,46.1,7.36,100.0,49.1,1,0,4,0.2939,0
S04055,17,afternoon,16.5,1.0,99.2,1,61.9,82.2,8.6,76.4,6.93,100.0,68.9,0,1,5,0.4394,1
S04056,7,morning,16.1,0.71,75.9,2,68.2,76.3,10.0,59.4,7.03,100.0,70.0,5,0,4,0.6957,0
S04057,14,afternoon,14.8,0.705,65.8,0,69.2,47.9,13.2,73.5,7.59,100.0,51.0,3,2,4,0.6277,1
S04058,5,late_night,11.8,0.315,59.0,2,83.7,78.1,8.9,68.0,6.6,100.0,79.7,3,0,2,0.2662,0
S04059,13,afternoon,15.0,0.411,67.1,3,62.3,48.7,17.7,58.0,6.39,100.0,32.2,1,0,2,0.0502,0
S04060,1,late_night,16.8,0.797,94.6,3,53.5,71.0,11.1,46.9,8.54,100.0,72.6,1,2,4,0.685,1
S04061,17,afternoon,14.9,0.743,88.8,0,68.4,76.4,7.8,64.6,7.1,100.0,59.6,1,0,2,0.4811,1
S04062,0,late_night,9.6,0.474,67.5,3,40.7,17.2,7.0,43.4,5.48,100.0,35.0,0,1,2,0.0135,0
S04063,23,night,16.5,0.501,88.8,1,33.6,56.5,8.1,48.0,4.65,100.0,48.5,2,1,5,0.141,0
S04064,20,evening,12.5,0.289,92.4,2,50.6,57.9,14.0,78.2,6.36,100.0,84.3,0,0,2,0.2464,0
S04065,13,afternoon,13.5,0.593,78.3,0,66.2,58.3,12.1,62.3,7.33,100.0,95.2,4,0,3,0.482,0
S04066,21,evening,11.5,0.708,100.0,1,62.9,41.4,16.9,44.9,5.06,100.0,38.4,1,0,3,0.0716,0
S04067,19,evening,11.4,0.756,65.7,1,69.1,66.4,9.9,69.0,5.28,100.0,54.0,1,2,1,0.1556,1
S04068,3,late_night,8.4,0.511,85.7,0,47.3,45.6,5.6,64.9,6.76,100.0,51.6,3,0,4,0.2177,0
S04069,17,afternoon,6.9,0.53,46.4,3,25.4,40.3,14.4,62.0,4.53,100.0,41.4,0,1,5,0.0219,0
S04070,9,morning,11.2,0.265,81.8,0,48.0,36.7,20.6,71.7,6.87,100.0,78.1,2,2,2,0.3628,1
S04071,20,evening,18.9,0.332,65.0,3,32.3,59.3,8.5,36.4,5.09,100.0,48.2,3,0,3,0.0704,0
S04072,20,evening,14.7,0.899,75.6,1,56.4,65.0,12.2,69.9,7.69,100.0,42.3,1,0,1,0.4476,0
S04073,22,night,13.9,0.878,100.0,0,85.0,86.8,1.0,85.8,7.57,100.0,56.8,3,2,2,0.7104,1
S04074,10,morning,11.3,0.31,74.6,3,42.9,43.2,12.4,68.5,4.15,100.0,44.9,1,0,1,0.0209,0
S04075,4,late_night,10.8,0.415,70.6,2,37.4,44.0,12.0,50.5,6.62,100.0,61.6,1,0,2,0.0326,0
S04076,3,late_night,9.4,0.0,37.5,3,20.2,14.8,18.6,46.4,4.96,67.1,41.2,0,0,5,0.0065,0
S04077,3,late_night,8.5,0.533,69.0,1,50.9,36.6,11.7,52.5,5.66,100.0,62.1,1,0,5,0.188,0
S04078,23,night,11.6,0.53,51.7,1,63.0,44.2,6.7,61.1,5.23,100.0,68.5,1,0,0,0.09,0
S04079,14,afternoon,10.1,0.477,79.2,6,52.1,39.3,10.4,43.7,6.38,100.0,47.7,0,0,6,0.0202,0
S04080,8,morning,15.6,0.484,91.8,0,79.6,60.0,9.0,57.7,6.39,100.0,60.6,2,3,4,0.8444,1
S04081,10,morning,11.0,0.732,74.2,0,69.5,91.7,6.3,81.9,10.0,100.0,67.5,3,1,4,0.9228,1
S04082,4,late_night,14.5,0.456,95.6,0,63.3,38.5,8.4,62.9,5.55,100.0,46.2,0,1,3,0.0938,0
S04083,13,afternoon,12.6,0.297,89.9,1,46.2,66.3,16.8,42.6,6.45,100.0,53.4,1,0,1,0.1088,0
S04084,10,morning,20.2,0.957,80.5,0,65.5,57.5,7.4,83.1,7.47,100.0,77.0,0,0,1,0.436,1
S04085,19,evening,11.9,0.981,78.3,0,47.2,45.5,13.8,29.0,5.56,100.0,56.7,0,0,5,0.0888,0
S04086,0,late_night,7.9,0.816,54.6,1,56.2,34.1,12.9,43.3,4.66,100.0,69.2,2,0,2,0.0651,0
S04087,22,night,10.0,0.423,52.2,2,36.5,20.6,10.5,23.2,5.74,100.0,31.0,1,0,2,0.0207,0
S04088,1,late_night,7.5,0.431,50.3,1,18.7,62.9,11.6,71.5,6.38,100.0,57.4,4,1,3,0.5178,0
S04089,10,morning,18.6,0.649,68.9,2,73.9,75.6,11.7,65.1,6.63,100.0,68.2,1,2,4,0.3906,0
S04090,8,morning,23.2,0.973,86.6,0,97.1,87.1,14.4,88.0,8.44,100.0,73.4,1,1,2,0.8163,0
S04091,17,afternoon,17.2,0.475,45.6,4,52.6,91.4,8.8,66.3,5.75,100.0,51.1,1,0,6,0.2484,1
S04092,15,afternoon,11.2,0.699,72.5,0,55.6,47.1,13.2,63.3,6.54,100.0,28.5,2,0,4,0.2154,1
S04093,4,late_night,6.5,0.0,75.9,1,43.7,42.1,18.0,57.3,6.12,48.7,64.7,2,0,2,0.117,0
S04094,11,morning,14.1,0.574,74.3,1,45.4,57.5,15.9,77.7,7.63,100.0,37.1,3,2,2,0.5864,1
S04095,12,afternoon,8.2,0.446,15.4,2,58.4,23.6,12.9,39.4,4.81,100.0,24.4,0,0,4,0.0175,0
S04096,11,morning,11.4,0.464,70.6,0,64.6,59.3,10.3,78.3,7.73,100.0,67.0,4,0,3,0.555,0
S04097,0,late_night,19.8,0.625,55.6,0,71.8,79.7,14.8,63.1,5.75,100.0,54.4,0,1,7,0.6051,1
S04098,4,late_night,15.6,0.734,64.3,0,59.0,71.0,13.2,62.0,7.26,100.0,59.8,1,1,2,0.3456,0
S04099,12,afternoon,7.8,0.821,90.0,1,54.4,70.4,16.6,41.1,7.33,100.0,34.4,1,0,3,0.328,0
S04100,6,morning,21.2,0.376,38.0,1,68.4,57.3,15.6,88.3,7.35,100.0,62.8,1,1,5,0.2859,0
S04101,13,afternoon,12.9,0.302,59.1,1,51.6,67.5,13.9,52.0,6.74,100.0,68.6,1,2,2,0.2593,0
S04102,3,late_night,5.3,0.244,76.2,1,67.6,50.8,14.1,70.4,5.01,100.0,26.9,1,0,6,0.0594,0
S04103,17,afternoon,14.2,0.52,74.3,1,90.6,89.1,5.6,88.8,7.97,100.0,69.9,5,1,4,0.8518,1
S04104,4,late_night,16.9,0.204,55.5,0,60.9,42.7,11.7,60.5,5.59,100.0,66.4,1,0,0,0.048,0
S04105,15,afternoon,21.6,0.472,100.0,1,67.9,56.4,9.7,74.9,7.58,100.0,39.6,3,0,2,0.2866,0
S04106,20,evening,8.8,0.434,56.3,3,23.4,30.6,21.6,22.6,3.35,100.0,42.7,0,0,2,0.0063,0
S04107,8,morning,21.1,0.679,94.2,0,85.6,86.3,10.2,95.3,6.08,100.0,63.4,4,5,4,0.9342,1
S04108,3,late_night,21.3,0.777,89.2,1,83.7,71.1,9.8,73.8,8.91,100.0,69.2,0,2,1,0.6672,0
S04109,0,late_night,14.3,0.363,72.7,2,56.4,65.7,8.0,74.5,7.06,100.0,51.1,1,0,3,0.1834,0
S04110,8,morning,15.0,0.761,93.4,1,55.9,80.2,15.7,61.6,7.47,100.0,36.5,1,0,7,0.4842,1
S04111,2,late_night,15.8,1.0,100.0,2,50.9,61.5,7.8,51.0,6.18,100.0,52.4,1,1,6,0.3216,0
S04112,21,evening,13.0,0.276,39.6,0,52.6,31.7,12.1,78.7,5.3,100.0,42.8,1,1,3,0.0862,1
S04113,23,night,10.7,0.977,73.8,1,64.1,49.9,16.1,60.8,7.62,100.0,57.3,1,1,4,0.1652,0
S04114,23,night,12.5,0.502,62.9,0,62.2,38.6,17.2,58.6,5.64,100.0,68.2,0,1,4,0.2963,0
S04115,22,night,16.0,0.462,58.7,3,62.6,44.1,9.8,19.0,5.13,100.0,29.1,0,0,4,0.1086,0
S04116,14,afternoon,14.6,0.799,93.7,0,73.9,73.3,5.4,73.5,9.04,100.0,76.2,2,0,5,0.771,1
S04117,7,morning,13.7,0.774,81.7,0,70.9,71.5,9.2,80.0,6.73,100.0,87.4,0,0,2,0.3177,0
S04118,10,morning,11.8,0.815,93.2,1,40.0,44.8,11.1,55.9,2.74,100.0,76.4,1,0,5,0.1032,0
S04119,6,morning,7.2,0.544,80.6,0,61.8,55.9,7.6,52.8,5.78,100.0,77.5,0,0,4,0.0652,0
S04120,20,evening,4.8,0.561,85.3,1,51.7,39.8,10.3,52.4,5.92,100.0,54.0,2,0,6,0.2782,0
S04121,10,morning,18.8,0.576,57.9,0,74.8,83.4,1.0,80.5,7.36,100.0,60.5,3,1,2,0.6736,1
S04122,9,morning,7.2,0.568,49.9,3,59.8,55.3,17.6,35.5,5.8,100.0,21.9,1,0,5,0.0375,0
S04123,16,afternoon,13.1,0.412,62.0,0,58.6,73.4,14.7,63.1,6.34,100.0,53.9,3,0,3,0.1888,0
S04124,8,morning,11.8,0.684,95.8,1,60.7,60.5,16.1,87.4,8.35,100.0,76.5,1,0,2,0.1444,0
S04125,8,morning,16.8,1.0,54.8,0,83.6,55.4,13.6,43.2,5.04,100.0,33.2,1,2,3,0.3367,1
S04126,5,late_night,18.4,0.201,64.0,0,78.1,80.8,8.2,71.8,7.59,100.0,48.2,2,1,0,0.1931,0
S04127,1,late_night,10.1,0.551,50.7,1,53.6,51.3,16.7,45.4,5.54,100.0,54.8,1,0,2,0.0791,0
S04128,0,late_night,6.6,0.572,100.0,1,69.8,46.6,9.6,63.3,7.27,100.0,28.9,1,0,1,0.1058,0
S04129,9,morning,7.7,0.358,60.0,5,45.2,35.4,8.6,51.6,4.63,100.0,76.5,0,0,6,0.02,0
S04130,23,night,17.3,0.662,86.1,0,75.5,64.0,9.4,61.9,7.69,100.0,69.9,0,0,0,0.1727,0
S04131,6,morning,10.5,0.453,46.8,6,45.1,33.3,15.2,53.9,5.74,100.0,55.5,1,0,3,0.0289,0
S04132,15,afternoon,13.5,0.552,87.2,1,64.0,97.3,8.1,66.6,7.08,100.0,69.2,3,0,2,0.4799,1
S04133,7,morning,12.6,0.584,42.8,1,56.4,33.6,8.0,53.9,5.69,100.0,49.5,1,2,2,0.1497,0
S04134,7,morning,11.9,0.295,46.9,0,39.8,31.5,12.4,45.4,5.71,100.0,52.9,2,0,1,0.1453,0
S04135,3,late_night,10.0,0.863,54.2,1,55.1,56.6,14.9,47.5,5.86,100.0,36.7,0,0,3,0.2626,0
S04136,13,afternoon,17.9,0.707,84.3,1,70.2,69.2,8.7,49.8,8.36,100.0,28.5,2,0,5,0.494,1
S04137,15,afternoon,8.7,0.694,59.7,1,68.2,56.6,22.1,75.3,8.3,100.0,55.7,0,0,5,0.4157,1
S04138,8,morning,19.2,0.265,84.8,2,44.8,48.6,13.5,65.2,5.51,100.0,72.7,0,0,2,0.0316,0
S04139,12,afternoon,11.8,0.782,80.0,2,46.5,74.7,14.4,44.4,5.84,100.0,82.0,1,2,6,0.2948,0
S04140,11,morning,12.4,0.675,58.5,1,64.5,52.7,6.5,74.9,8.3,100.0,51.3,0,0,3,0.2482,0
S04141,6,morning,24.6,1.0,100.0,0,100.0,100.0,7.4,100.0,10.0,100.0,71.6,2,2,8,0.9599,1
S04142,16,afternoon,11.2,0.387,66.4,3,86.0,41.6,9.6,51.9,7.47,100.0,33.4,1,2,5,0.3371,1
S04143,13,afternoon,10.9,0.342,58.1,0,55.6,45.4,12.7,55.3,5.9,100.0,68.6,3,1,1,0.195,1
S04144,1,late_night,16.2,1.0,94.8,1,78.9,83.8,15.9,69.2,8.8,100.0,69.9,6,0,1,0.8466,1
S04145,11,morning,2.8,0.121,18.5,0,42.7,55.9,14.2,52.8,2.42,100.0,41.1,0,0,5,0.008,0
S04146,9,morning,14.0,0.692,81.8,0,71.3,47.7,6.6,52.0,8.15,100.0,26.0,2,0,1,0.2385,0
S04147,19,evening,11.4,0.66,75.3,1,93.5,72.2,3.4,100.0,9.59,100.0,39.9,4,1,2,0.7624,0
S04148,7,morning,18.7,0.734,58.4,1,61.8,60.5,12.9,74.6,6.2,100.0,56.2,4,0,5,0.187,0
S04149,22,night,10.0,0.153,85.5,3,38.9,34.4,15.9,28.2,5.46,100.0,21.5,0,0,4,0.0103,0
S04150,14,afternoon,13.4,0.298,58.9,1,63.7,43.8,13.1,77.3,6.68,100.0,60.7,2,2,3,0.2284,0
S04151,3,late_night,9.4,0.626,96.0,1,76.7,63.8,3.9,86.8,7.09,100.0,72.5,4,0,2,0.6369,0
S04152,9,morning,10.0,0.496,77.2,1,51.6,57.1,19.4,64.3,7.09,100.0,37.5,0,2,1,0.1684,0
S04153,21,evening,15.0,0.505,69.0,1,34.9,52.5,19.5,60.9,5.95,100.0,50.7,1,1,1,0.0965,0
S04154,6,morning,26.5,0.461,60.8,1,48.8,44.4,13.9,65.6,5.61,100.0,36.8,2,0,0,0.0466,0
S04155,16,afternoon,15.1,0.247,61.0,1,54.5,64.2,7.0,46.7,5.67,100.0,65.8,2,0,2,0.0857,0
S04156,18,evening,17.2,0.599,95.8,0,89.1,61.4,17.6,76.0,7.8,100.0,100.0,1,0,2,0.3691,0
S04157,16,afternoon,18.1,0.522,94.7,1,74.9,84.0,13.9,71.5,8.15,100.0,61.2,1,1,2,0.5844,1
S04158,2,late_night,11.8,0.837,70.9,0,73.1,76.1,10.3,83.3,9.54,100.0,83.5,1,0,3,0.6727,0
S04159,8,morning,17.3,0.784,58.0,1,61.4,59.5,15.9,65.4,6.35,100.0,73.2,1,0,2,0.2307,1
S04160,8,morning,3.6,0.345,50.6,4,50.2,49.4,12.7,35.3,5.44,100.0,45.8,2,2,4,0.1313,0
S04161,8,morning,3.2,0.405,74.1,4,46.9,24.8,10.8,55.0,4.12,100.0,55.0,0,0,5,0.0156,0
S04162,21,evening,8.5,0.98,91.9,1,60.0,58.8,11.6,63.3,7.76,100.0,39.2,1,2,2,0.62,1
S04163,0,late_night,11.9,0.317,67.6,3,33.7,34.2,8.5,49.1,3.91,100.0,49.0,1,0,2,0.0062,0
S04164,12,afternoon,11.1,0.327,43.9,2,53.3,59.4,8.0,64.4,6.54,100.0,49.1,2,1,3,0.3544,0
S04165,23,night,13.3,0.711,83.7,0,55.2,69.8,13.6,83.0,8.02,100.0,77.2,3,1,1,0.6572,1
S04166,21,evening,8.5,0.153,80.5,1,44.0,32.3,15.2,44.3,5.3,100.0,38.8,0,0,2,0.0189,0
S04167,14,afternoon,4.4,0.354,64.4,1,49.1,32.2,8.5,40.6,4.38,100.0,33.0,0,2,2,0.0588,0
S04168,23,night,9.0,0.416,98.9,0,53.9,57.6,10.6,80.7,7.34,100.0,39.2,1,1,3,0.4388,1
S04169,9,morning,11.0,0.485,54.2,2,80.6,46.6,5.6,67.6,7.41,100.0,70.9,3,0,2,0.1909,0
S04170,14,afternoon,9.6,0.659,88.8,1,84.3,85.0,7.9,67.1,7.58,100.0,58.6,3,0,6,0.3554,1
S04171,13,afternoon,11.8,0.821,59.6,1,65.0,63.8,8.4,73.0,6.2,100.0,33.4,0,2,2,0.3159,0
S04172,1,late_night,7.9,0.782,86.5,2,51.2,45.0,15.8,58.7,4.97,100.0,70.7,0,1,1,0.0488,0
S04173,0,late_night,12.1,0.623,73.2,0,50.7,33.3,12.9,50.6,7.93,100.0,27.9,0,1,3,0.0806,0
S04174,21,evening,11.4,0.457,88.5,4,45.8,46.8,13.2,81.1,4.75,100.0,40.3,2,0,3,0.1081,0
S04175,4,late_night,5.3,0.422,73.4,0,53.2,54.3,11.5,44.5,4.95,100.0,48.8,0,0,2,0.0321,0
S04176,8,morning,12.0,0.14,67.2,2,60.9,54.5,4.3,49.3,7.27,100.0,41.0,3,1,1,0.0983,0
S04177,14,afternoon,20.4,0.674,65.3,0,53.5,61.3,10.9,80.4,5.85,100.0,31.6,2,1,3,0.3743,1
S04178,13,afternoon,1.8,0.0,49.4,1,35.2,15.1,18.1,34.4,4.69,65.1,54.6,2,0,6,0.0327,0
S04179,12,afternoon,11.3,0.047,56.1,1,47.1,43.9,14.5,57.2,6.99,63.6,60.1,1,1,4,0.2185,0
S04180,23,night,16.0,0.698,99.8,0,71.8,92.6,12.4,82.9,6.77,100.0,63.0,1,2,2,0.4316,0
S04181,18,evening,16.6,0.615,89.8,3,61.9,84.7,14.8,41.9,6.29,100.0,61.0,0,0,0,0.1021,0
S04182,22,night,8.9,0.247,36.2,0,42.3,35.6,23.6,60.1,5.37,100.0,21.0,1,0,4,0.0475,0
S04183,15,afternoon,17.3,1.0,89.4,0,89.0,96.2,2.8,81.2,7.87,100.0,77.0,4,1,3,0.9065,1
S04184,23,night,12.2,0.638,70.7,1,55.7,62.3,13.0,84.5,5.56,100.0,61.0,3,1,3,0.5065,0
S04185,14,afternoon,13.5,0.558,61.4,0,68.2,42.7,12.6,56.7,6.81,100.0,63.9,5,0,5,0.4162,0
S04186,13,afternoon,12.8,0.887,79.8,2,57.6,49.8,9.9,85.2,8.9,100.0,64.0,5,0,4,0.6064,0
S04187,19,evening,5.6,0.808,89.0,0,44.7,25.1,10.2,78.9,5.24,100.0,67.7,1,1,5,0.1618,0
S04188,20,evening,14.8,0.543,77.6,2,42.4,53.2,15.5,48.1,5.42,100.0,48.9,0,0,4,0.1161,0
S04189,1,late_night,22.6,0.713,100.0,0,78.7,100.0,9.4,83.1,10.0,100.0,68.7,3,1,2,0.9285,1
S04190,21,evening,10.8,0.59,67.2,0,59.2,84.8,5.8,69.3,8.4,100.0,41.0,3,0,4,0.5665,1
S04191,16,afternoon,13.3,0.384,77.1,2,52.9,70.0,3.2,89.3,5.71,100.0,70.2,2,0,5,0.181,0
S04192,21,evening,12.8,0.628,63.1,0,72.0,64.9,8.9,70.5,6.9,100.0,48.4,1,1,5,0.4279,0
S04193,17,afternoon,4.4,0.189,65.6,3,60.7,39.7,11.3,57.4,5.98,100.0,40.0,0,0,3,0.0302,0
S04194,22,night,8.4,0.676,85.2,2,80.9,88.6,11.9,74.3,9.35,100.0,56.5,5,1,3,0.8558,1
S04195,6,morning,6.8,0.476,77.7,0,45.1,48.8,10.0,58.4,6.97,100.0,33.9,0,1,2,0.1066,1
S04196,4,late_night,11.4,0.196,92.0,0,46.2,62.7,10.7,71.6,7.37,100.0,55.1,3,2,2,0.4756,0
S04197,4,late_night,1.3,0.051,67.2,1,42.2,21.8,8.5,36.8,5.41,79.5,57.5,0,0,3,0.0122,0
S04198,6,morning,6.6,0.143,40.8,0,19.4,36.6,9.9,60.8,2.96,100.0,26.1,0,0,1,0.0074,0
S04199,5,late_night,17.6,0.587,52.3,0,63.0,60.7,8.3,63.1,6.16,100.0,56.7,3,0,1,0.2585,0
S04200,10,morning,12.9,0.33,71.3,5,42.3,51.4,12.6,65.5,4.31,100.0,60.1,0,1,6,0.0207,0
S04201,4,late_night,5.5,0.198,76.6,5,13.3,42.1,12.7,25.0,5.34,100.0,5.9,0,0,2,0.0059,0
S04202,3,late_night,6.3,0.49,74.0,1,81.3,45.9,11.5,76.2,7.47,100.0,86.1,3,0,4,0.4206,0
S04203,12,afternoon,21.2,0.578,64.0,0,72.9,84.1,1.0,98.1,8.94,100.0,60.8,4,1,4,0.7685,1
S04204,19,evening,16.8,0.651,100.0,0,73.1,72.2,8.4,80.5,9.57,100.0,49.3,4,2,7,0.9429,1
S04205,3,late_night,12.9,0.469,75.3,0,55.6,48.1,11.7,72.1,6.76,100.0,54.7,1,0,3,0.1222,0
S04206,12,afternoon,19.8,0.489,72.6,1,55.4,44.7,6.2,53.6,7.65,100.0,44.9,1,1,4,0.2388,0
S04207,15,afternoon,11.4,0.706,59.6,1,75.3,61.7,11.1,77.4,8.23,100.0,59.3,2,1,4,0.4678,0
S04208,16,afternoon,3.9,0.802,79.2,0,66.1,60.5,1.1,56.1,8.59,100.0,50.5,0,1,5,0.5515,0
S04209,2,late_night,6.8,0.635,77.6,1,59.7,63.1,9.9,60.0,5.08,100.0,69.8,1,0,2,0.3483,1
S04210,17,afternoon,14.0,0.428,77.8,0,63.6,63.0,15.1,52.9,7.51,100.0,95.5,3,0,2,0.5026,0
S04211,0,late_night,13.0,0.28,62.2,0,49.8,65.9,2.5,64.5,7.3,100.0,67.6,4,0,2,0.3575,0
S04212,5,late_night,8.8,0.887,73.6,1,69.0,42.6,13.6,84.6,6.7,100.0,61.3,3,1,1,0.2512,1
S04213,7,morning,5.9,0.607,59.7,1,47.9,79.5,7.6,81.4,7.04,100.0,45.9,2,0,2,0.2182,1
S04214,20,evening,10.2,0.341,94.0,0,46.9,51.4,9.9,45.3,7.65,100.0,70.2,2,0,1,0.179,0
S04215,4,late_night,11.2,0.813,94.5,0,79.5,98.3,14.9,92.1,7.92,100.0,51.8,2,1,7,0.8523,1
S04216,18,evening,17.7,0.945,71.8,0,70.4,83.9,7.1,92.1,7.08,100.0,67.0,6,0,3,0.7624,1
S04217,23,night,11.8,0.967,56.3,1,69.5,61.9,17.5,71.1,6.32,100.0,50.1,2,2,1,0.5664,0
S04218,23,night,14.6,0.858,87.9,0,84.4,100.0,7.3,97.2,7.0,100.0,46.5,4,2,5,0.8728,1
S04219,7,morning,7.8,0.704,59.5,1,41.1,59.4,12.4,52.8,5.91,100.0,49.5,1,1,1,0.0749,0
S04220,2,late_night,17.9,0.552,76.7,1,86.9,78.0,12.1,73.7,8.88,100.0,50.0,2,1,2,0.7739,1
S04221,5,late_night,13.8,0.624,57.3,2,69.4,60.9,13.1,61.9,8.83,100.0,80.4,4,1,1,0.5691,1
S04222,18,evening,22.6,0.974,81.0,0,93.4,100.0,6.1,100.0,9.29,100.0,63.3,8,2,2,0.9822,1
S04223,4,late_night,9.1,0.44,62.9,2,44.3,34.9,12.5,47.7,5.55,100.0,45.9,1,0,2,0.0351,0
S04224,15,afternoon,9.6,0.769,60.5,0,59.4,43.8,7.2,45.8,5.76,100.0,41.1,1,0,4,0.1511,0
S04225,8,morning,9.1,0.663,100.0,2,61.8,56.7,5.2,58.6,6.95,100.0,39.0,0,1,2,0.1372,0
S04226,18,evening,10.3,0.422,82.1,0,85.9,54.5,16.5,66.4,5.41,100.0,67.6,2,1,3,0.3471,1
S04227,14,afternoon,16.3,0.59,68.3,0,98.3,77.0,14.9,73.3,7.63,100.0,65.3,6,1,2,0.7703,1
S04228,14,afternoon,18.3,0.779,41.6,0,53.1,69.9,13.9,62.7,7.58,100.0,86.1,1,1,4,0.6416,1
S04229,18,evening,9.3,0.788,83.2,0,68.6,82.8,3.1,86.3,8.5,100.0,76.1,2,1,2,0.5115,0
S04230,22,night,13.8,0.814,73.3,1,72.1,77.1,6.6,86.5,8.06,100.0,63.0,4,2,2,0.7548,1
S04231,8,morning,14.5,0.587,95.6,0,62.4,61.3,7.3,100.0,7.74,100.0,64.7,0,2,3,0.6391,1
S04232,12,afternoon,7.9,0.459,66.5,1,49.7,37.9,11.7,56.4,6.19,100.0,47.9,0,1,4,0.06,0
S04233,15,afternoon,20.5,0.564,51.5,0,83.8,73.3,5.6,97.8,7.6,100.0,48.0,0,1,6,0.469,1
S04234,19,evening,14.5,0.812,64.5,0,61.3,96.7,11.6,77.7,7.45,100.0,40.8,2,0,5,0.4184,1
S04235,11,morning,12.9,0.405,64.7,1,73.6,69.9,11.8,65.3,6.54,100.0,42.8,2,2,4,0.5419,1
S04236,8,morning,15.9,0.509,78.3,3,71.8,69.8,17.9,65.7,6.89,100.0,76.3,1,0,2,0.1824,0
S04237,20,evening,19.9,0.455,56.0,1,68.4,63.6,10.0,66.5,5.6,100.0,60.2,0,1,1,0.1981,0
S04238,22,night,17.4,0.0,71.7,1,57.8,46.3,13.0,59.7,5.75,74.9,62.6,4,0,3,0.1627,0
S04239,13,afternoon,13.4,0.577,55.1,0,73.0,68.2,13.7,56.1,7.71,100.0,70.7,2,1,5,0.3454,0
S04240,2,late_night,11.9,0.375,70.3,1,73.4,45.5,16.0,50.6,6.18,100.0,52.2,1,1,4,0.0593,0
S04241,6,morning,9.6,0.381,68.8,1,49.2,60.5,8.8,66.3,3.82,100.0,40.8,0,0,1,0.0192,0
S04242,11,morning,9.4,0.393,83.5,3,47.7,34.3,15.7,60.5,4.97,100.0,79.0,1,0,1,0.0934,0
S04243,16,afternoon,6.4,0.791,67.7,3,72.3,40.6,14.1,75.1,6.22,100.0,58.5,1,0,4,0.0833,0
S04244,16,afternoon,16.4,0.644,59.5,1,65.7,70.9,12.8,59.7,6.86,100.0,31.4,0,0,5,0.4042,0
S04245,19,evening,12.7,0.613,92.2,1,49.6,49.2,12.3,55.9,4.78,100.0,28.5,0,0,2,0.0246,1
S04246,0,late_night,12.5,0.681,69.0,2,71.3,58.4,18.4,50.6,7.77,100.0,67.5,2,0,1,0.3635,0
S04247,11,morning,8.4,0.799,85.6,2,70.0,33.4,7.4,80.2,6.8,100.0,44.8,1,1,2,0.2675,0
S04248,16,afternoon,10.4,0.547,55.8,0,45.9,45.3,9.5,44.4,6.15,100.0,49.3,1,0,6,0.0719,0
S04249,23,night,8.8,0.826,83.1,1,66.5,85.7,5.8,77.8,9.16,100.0,31.0,1,0,4,0.3312,0
S04250,3,late_night,8.9,0.652,55.8,1,59.2,46.7,11.4,62.8,6.08,100.0,46.4,2,0,1,0.256,1
S04251,21,evening,8.4,0.0,71.4,1,54.2,58.6,14.0,38.5,4.11,56.8,66.1,0,0,7,0.0317,0
S04252,0,late_night,14.6,1.0,85.9,0,53.3,64.6,9.2,76.6,8.79,100.0,49.9,2,2,1,0.8235,1
S04253,4,late_night,14.0,0.592,47.9,1,37.1,45.3,19.7,53.9,2.27,100.0,26.4,0,0,5,0.0094,0
S04254,20,evening,11.9,0.475,55.4,0,49.0,38.1,13.6,56.6,5.3,100.0,46.6,1,1,2,0.1492,0
S04255,18,evening,20.7,0.415,83.2,1,71.1,68.8,9.7,71.8,8.87,100.0,61.4,0,1,3,0.4108,1
S04256,23,night,9.4,0.531,43.7,1,44.1,16.0,10.2,42.5,3.89,100.0,39.3,0,1,7,0.0487,0
S04257,14,afternoon,19.9,0.579,56.2,0,55.8,72.5,17.0,91.1,7.09,100.0,38.0,4,1,5,0.7399,1
S04258,14,afternoon,24.0,0.883,87.4,0,67.0,74.1,8.8,79.3,7.95,100.0,70.0,6,1,9,0.9734,1
S04259,12,afternoon,8.0,0.238,65.4,1,50.7,64.3,19.3,57.7,5.91,100.0,44.2,1,0,4,0.1974,0
S04260,12,afternoon,9.7,1.0,70.4,1,76.8,54.6,8.9,57.0,5.96,100.0,59.4,2,3,5,0.6986,1
S04261,12,afternoon,18.0,0.429,86.8,0,97.1,68.6,13.1,40.7,7.1,100.0,47.1,2,0,5,0.3678,0
S04262,7,morning,10.6,0.494,76.2,1,54.4,43.4,10.7,70.0,7.06,100.0,70.9,1,1,1,0.0664,0
S04263,20,evening,15.5,0.256,74.5,0,70.9,70.5,17.5,71.5,6.92,100.0,70.9,3,2,2,0.5321,0
S04264,8,morning,9.0,0.441,47.8,1,27.5,72.5,17.8,44.1,6.26,100.0,45.6,2,0,0,0.0998,0
S04265,14,afternoon,8.2,0.393,56.6,3,63.3,9.3,16.4,82.1,5.06,100.0,56.7,2,0,5,0.1063,0
S04266,16,afternoon,16.1,0.658,72.4,1,54.9,46.2,10.7,58.5,7.01,100.0,74.7,1,0,2,0.289,0
S04267,12,afternoon,8.6,0.516,74.8,1,66.9,76.9,18.9,63.3,7.81,100.0,74.7,0,1,1,0.357,0
S04268,14,afternoon,18.2,0.951,71.0,0,61.4,68.0,17.8,87.0,7.68,100.0,84.6,2,1,4,0.8175,0
S04269,1,late_night,13.5,0.318,56.8,2,77.6,61.7,10.8,64.4,6.94,100.0,63.0,2,0,5,0.4192,0
S04270,7,morning,1.9,0.303,69.1,3,60.0,54.3,15.2,52.2,6.62,100.0,39.2,1,0,3,0.0306,0
S04271,10,morning,5.4,0.335,58.0,1,50.0,39.5,17.9,42.8,4.31,100.0,57.3,0,0,3,0.0345,0
S04272,9,morning,10.5,0.708,84.4,1,74.7,55.7,3.3,74.7,5.88,100.0,82.9,1,0,4,0.1887,1
S04273,21,evening,19.8,0.9,97.9,1,82.6,95.0,12.9,93.6,8.9,100.0,75.1,2,1,1,0.8831,1
S04274,21,evening,11.7,0.754,68.5,2,72.9,69.5,15.3,59.1,5.64,100.0,45.0,1,2,3,0.2398,0
S04275,17,afternoon,10.5,0.545,81.1,3,42.3,51.8,10.5,35.0,4.52,100.0,53.7,0,0,5,0.019,1
S04276,8,morning,8.5,0.797,78.2,0,46.5,76.1,1.7,81.8,5.74,100.0,71.0,0,1,2,0.548,0
S04277,1,late_night,20.6,0.335,72.1,2,44.4,66.2,13.8,66.9,6.39,100.0,56.1,1,0,4,0.1217,0
S04278,18,evening,11.1,0.571,34.1,0,47.4,52.1,8.2,67.9,4.05,100.0,64.2,1,1,3,0.2541,1
S04279,21,evening,11.1,0.728,47.8,0,42.1,48.2,7.6,52.0,5.04,100.0,40.0,0,0,1,0.1102,0
S04280,11,morning,14.1,0.425,67.5,0,81.4,84.0,10.7,89.0,4.62,100.0,60.2,3,2,2,0.5637,0
S04281,19,evening,1.8,0.267,44.9,3,27.0,16.9,22.4,26.2,4.14,100.0,44.9,1,0,1,0.0026,0
S04282,22,night,22.0,0.805,78.1,1,69.3,83.4,9.5,68.5,7.88,100.0,65.6,1,0,1,0.5146,1
S04283,13,afternoon,2.9,0.773,68.6,2,42.6,39.1,17.7,44.3,5.78,100.0,42.7,3,1,2,0.1379,0
S04284,5,late_night,11.9,0.634,71.0,1,42.4,50.7,15.5,71.4,7.23,100.0,15.8,1,1,4,0.4492,1
S04285,0,late_night,12.2,0.824,73.3,1,80.7,90.9,3.1,80.1,9.16,100.0,21.9,0,1,4,0.7197,1
S04286,18,evening,8.2,0.529,74.7,1,46.0,35.3,11.2,56.9,4.92,100.0,50.0,3,0,3,0.1966,0
S04287,13,afternoon,7.4,0.301,91.7,0,51.9,58.9,17.7,59.7,4.87,100.0,53.7,0,0,3,0.0701,0
S04288,3,late_night,7.7,0.453,63.7,0,63.9,58.5,10.0,57.7,7.24,100.0,51.1,0,1,2,0.3671,1
S04289,1,late_night,13.4,0.345,63.4,0,81.4,79.7,14.4,76.4,7.64,100.0,58.0,0,2,3,0.5228,1
S04290,23,night,1.0,0.781,56.2,0,54.5,59.2,11.2,77.0,5.74,100.0,76.4,1,0,5,0.22,0
S04291,7,morning,6.0,0.404,58.7,0,59.2,34.0,18.0,56.4,3.01,100.0,38.1,0,0,6,0.0418,0
S04292,7,morning,9.0,0.237,55.2,1,53.7,48.7,15.4,31.8,6.48,100.0,55.3,1,1,0,0.0332,0
S04293,15,afternoon,10.4,0.796,54.3,0,82.3,79.1,8.4,77.4,7.98,100.0,87.9,1,2,1,0.8833,1
S04294,8,morning,18.3,0.793,48.7,1,71.4,83.3,14.6,64.7,6.52,100.0,39.9,3,0,1,0.5485,0
S04295,21,evening,11.0,0.816,88.9,2,72.6,65.3,2.5,81.9,4.16,100.0,84.3,0,1,3,0.2618,0
S04296,16,afternoon,10.3,0.325,87.1,2,48.8,52.7,8.2,52.5,6.75,100.0,68.0,1,0,1,0.0756,0
S04297,8,morning,7.7,0.0,88.7,3,62.9,46.4,11.5,42.3,5.71,93.2,46.4,2,0,4,0.0235,0
S04298,6,morning,16.7,0.881,86.8,0,76.4,83.8,13.3,90.5,7.81,100.0,27.0,3,0,3,0.77,1
S04299,20,evening,16.7,0.344,53.6,3,60.8,41.8,6.6,59.7,5.46,100.0,74.7,0,1,4,0.1172,1
S04300,14,afternoon,20.6,0.608,59.9,0,56.0,47.2,12.7,49.6,6.12,100.0,78.9,2,0,2,0.0733,0
S04301,22,night,18.3,0.904,56.4,1,84.6,61.2,11.1,70.9,8.17,100.0,51.2,3,0,2,0.4992,0
S04302,8,morning,14.2,0.664,41.3,3,55.3,37.3,14.4,37.1,5.32,100.0,78.2,0,0,5,0.0285,0
S04303,0,late_night,17.1,0.81,69.1,1,39.0,59.3,12.8,57.5,6.41,100.0,26.1,1,0,1,0.1056,0
S04304,21,evening,13.0,0.799,78.2,1,81.0,58.5,9.5,58.5,5.36,100.0,59.4,2,0,1,0.1364,0
S04305,5,late_night,18.3,0.9,99.4,1,68.4,49.1,11.0,68.4,5.85,100.0,52.3,1,0,3,0.1818,0
S04306,20,evening,15.9,0.865,70.8,2,57.6,59.8,15.4,62.4,7.47,100.0,36.5,1,0,2,0.1277,0
S04307,17,afternoon,18.9,1.0,66.4,0,73.7,84.3,5.1,85.4,8.4,100.0,63.8,3,1,3,0.9432,1
S04308,5,late_night,14.4,0.592,70.9,3,73.5,63.3,2.7,60.2,8.59,100.0,56.6,1,0,3,0.1159,0
S04309,18,evening,1.0,0.0,46.7,2,21.3,6.6,18.6,32.8,4.16,78.0,22.9,0,0,3,0.0064,0
S04310,1,late_night,14.1,1.0,65.2,1,71.9,49.5,17.3,52.0,5.69,100.0,67.1,4,1,5,0.699,0
S04311,9,morning,5.9,0.568,75.5,1,71.1,41.2,7.7,74.8,4.97,100.0,45.0,2,0,2,0.0474,0
S04312,8,morning,5.6,0.802,52.1,1,54.0,47.8,17.4,62.0,7.33,100.0,49.9,4,1,3,0.4013,1
S04313,15,afternoon,13.5,0.477,73.9,6,55.6,52.8,13.6,40.8,6.16,100.0,78.2,0,0,3,0.0704,0
S04314,12,afternoon,7.5,0.738,79.5,3,55.0,45.2,7.4,42.7,7.39,100.0,45.0,3,0,0,0.0656,0
S04315,14,afternoon,11.8,0.053,90.9,0,49.5,66.4,9.3,73.9,5.9,84.9,20.8,1,1,3,0.0932,0
S04316,11,morning,14.4,0.56,79.6,2,69.7,88.7,7.8,68.2,7.42,100.0,54.9,0,2,2,0.2177,0
S04317,17,afternoon,11.1,0.449,81.3,2,57.2,60.3,13.8,55.8,5.57,100.0,53.4,1,1,3,0.1026,0
S04318,3,late_night,5.5,0.5,55.8,7,55.9,37.9,13.2,51.5,5.71,100.0,45.7,2,0,2,0.0175,0
S04319,17,afternoon,24.7,1.0,89.6,0,88.0,100.0,10.4,100.0,10.0,100.0,86.0,5,0,3,0.9749,1
S04320,1,late_night,9.5,0.224,84.5,0,59.8,47.2,16.8,72.5,5.73,100.0,56.7,0,2,0,0.0703,0
S04321,2,late_night,14.1,0.697,50.2,0,51.3,52.1,5.6,68.4,7.27,100.0,46.6,3,0,2,0.366,0
S04322,17,afternoon,2.7,0.571,52.0,1,50.4,53.0,9.3,49.2,3.16,100.0,56.5,0,0,2,0.0166,0
S04323,3,late_night,11.6,1.0,87.9,0,46.5,83.7,14.2,56.4,7.04,100.0,62.7,1,2,3,0.1811,0
S04324,18,evening,13.6,0.551,59.4,1,64.5,27.3,11.8,33.2,5.5,100.0,55.9,1,0,1,0.0416,0
S04325,3,late_night,14.6,0.392,62.2,1,49.5,69.1,12.2,62.8,5.75,100.0,49.9,3,0,1,0.0644,0
S04326,3,late_night,11.9,0.452,74.4,0,78.5,65.5,12.1,80.2,5.26,100.0,65.6,2,0,5,0.4562,1
S04327,22,night,11.2,0.987,75.5,3,72.4,61.5,14.5,80.4,5.35,100.0,59.5,2,0,1,0.1042,0
S04328,4,late_night,9.8,0.783,90.8,2,54.1,69.3,5.9,88.8,7.35,100.0,53.9,1,0,2,0.4256,1
S04329,21,evening,4.1,0.28,69.7,2,47.1,51.8,6.7,28.6,4.91,100.0,51.6,0,0,4,0.0351,0
S04330,8,morning,11.9,0.502,84.9,1,76.5,87.1,7.9,74.8,8.93,100.0,74.4,1,3,3,0.8471,1
S04331,19,evening,7.9,0.185,76.9,4,42.6,46.3,11.0,56.9,5.18,100.0,56.2,0,0,1,0.0326,0
S04332,22,night,19.1,0.906,87.4,0,71.6,89.6,9.2,78.8,6.98,100.0,73.4,5,1,2,0.5735,1
S04333,2,late_night,11.9,0.774,91.1,0,88.4,84.4,9.6,90.6,6.6,100.0,27.4,0,0,4,0.3065,0
S04334,7,morning,13.4,0.247,59.2,0,55.2,72.2,6.9,66.0,5.03,100.0,72.0,4,1,7,0.4825,1
S04335,13,afternoon,8.6,0.548,89.2,2,54.0,58.2,22.1,76.6,5.68,100.0,35.4,1,0,6,0.0692,0
S04336,20,evening,16.7,0.259,74.5,1,55.6,52.9,11.8,64.3,8.57,100.0,72.7,1,2,2,0.3753,0
S04337,4,late_night,8.1,0.75,25.0,0,65.3,30.6,10.6,76.4,5.89,100.0,31.8,0,0,4,0.0729,0
S04338,4,late_night,9.8,0.596,95.1,0,83.6,80.3,12.3,33.4,5.77,100.0,78.9,0,0,4,0.1271,0
S04339,8,morning,7.9,0.42,68.1,1,50.7,42.0,14.6,65.1,6.25,100.0,20.7,1,3,1,0.191,0
S04340,4,late_night,1.3,0.442,47.8,1,36.9,23.1,13.5,39.9,4.12,100.0,47.6,0,0,2,0.0096,0
S04341,6,morning,17.5,0.789,69.9,1,69.6,69.7,19.0,49.2,6.0,100.0,56.2,3,0,2,0.4517,0
S04342,3,late_night,11.2,0.803,75.9,0,69.4,50.8,6.1,60.9,6.66,100.0,61.5,0,1,1,0.2316,0
S04343,19,evening,10.8,0.493,52.8,2,51.7,42.5,7.2,41.8,5.86,100.0,78.0,0,0,6,0.1704,0
S04344,19,evening,15.4,0.494,56.9,2,62.3,55.7,6.7,49.6,5.71,100.0,55.2,2,1,1,0.2915,0
S04345,3,late_night,18.4,0.547,64.6,1,60.3,68.7,11.3,69.6,8.88,100.0,71.2,1,1,2,0.238,0
S04346,12,afternoon,2.7,0.469,58.5,0,71.7,52.9,15.7,50.7,5.42,100.0,72.7,0,0,2,0.1436,0
S04347,15,afternoon,7.8,0.551,44.2,1,11.0,33.1,15.2,41.5,5.84,100.0,32.2,0,0,4,0.0394,0
S04348,15,afternoon,14.1,0.511,86.0,1,68.7,58.7,13.1,68.4,6.12,100.0,62.9,0,1,1,0.2059,0
S04349,23,night,11.7,0.757,78.2,2,66.1,60.2,12.8,96.0,5.56,100.0,78.6,1,1,5,0.4691,0
S04350,15,afternoon,12.7,0.344,74.3,0,57.1,68.6,11.0,62.9,5.47,100.0,59.1,1,1,1,0.3438,1
S04351,16,afternoon,1.7,0.0,70.0,2,49.1,35.7,16.0,50.7,6.41,57.9,39.3,1,0,4,0.0229,0
S04352,0,late_night,18.1,0.605,69.3,0,61.7,52.8,11.0,68.0,5.84,100.0,63.3,1,0,0,0.5527,0
S04353,1,late_night,9.7,0.404,43.0,2,44.6,48.7,13.3,45.6,3.46,100.0,47.9,0,0,2,0.0077,0
S04354,14,afternoon,5.5,0.374,88.9,4,51.8,43.4,12.1,31.7,5.71,100.0,56.5,1,0,2,0.0284,0
S04355,21,evening,7.4,0.138,77.9,2,68.5,41.4,14.4,62.0,5.29,100.0,42.6,1,0,0,0.0362,0
S04356,9,morning,7.7,0.737,100.0,0,42.5,63.9,15.2,86.8,8.0,100.0,63.7,2,2,6,0.6873,0
S04357,15,afternoon,9.7,0.549,82.6,3,74.1,66.4,7.9,76.7,5.43,100.0,50.7,0,1,5,0.1074,0
S04358,5,late_night,8.7,0.305,59.5,2,80.2,58.8,11.0,65.3,5.08,100.0,44.9,0,0,3,0.0621,0
S04359,10,morning,12.6,0.573,50.4,0,65.9,88.2,8.7,80.3,10.0,100.0,86.4,1,2,5,0.918,1
S04360,18,evening,16.2,0.552,54.4,2,64.7,48.9,18.3,69.0,6.06,100.0,49.4,0,0,5,0.2789,0
S04361,15,afternoon,18.1,0.731,82.3,0,77.8,65.6,13.0,87.2,6.04,100.0,45.7,0,0,3,0.3557,1
S04362,2,late_night,10.8,0.578,65.5,1,64.7,50.3,9.5,55.2,6.56,100.0,35.0,3,0,6,0.173,1
S04363,21,evening,9.0,0.284,58.9,1,69.6,38.7,9.5,41.1,3.06,100.0,50.5,2,2,4,0.0905,0
S04364,22,night,7.2,0.249,15.1,3,37.5,20.2,20.3,64.5,4.83,100.0,39.6,1,0,3,0.0185,0
S04365,11,morning,14.8,0.873,77.6,0,51.3,79.9,8.8,60.4,9.35,100.0,71.6,3,0,2,0.4887,0
S04366,8,morning,9.0,0.383,57.4,0,78.4,79.2,6.2,48.1,7.86,100.0,39.2,2,1,3,0.4652,1
S04367,12,afternoon,8.9,0.536,57.7,1,64.2,42.8,16.4,63.9,5.26,100.0,28.7,2,1,1,0.0809,1
S04368,19,evening,10.4,0.797,81.7,5,73.0,44.9,13.5,65.4,5.63,100.0,26.4,0,0,3,0.041,0
S04369,10,morning,15.2,0.405,60.5,0,53.5,76.6,5.8,75.6,7.37,100.0,66.3,1,0,0,0.5654,0
S04370,0,late_night,7.4,0.548,43.6,1,29.2,31.3,9.7,55.4,5.15,100.0,61.2,3,0,1,0.0994,0
S04371,1,late_night,11.1,0.785,68.1,2,53.1,56.4,4.5,53.6,7.47,100.0,65.8,3,1,2,0.4184,0
S04372,19,evening,2.5,0.335,74.0,2,59.7,37.0,11.8,47.7,6.82,100.0,40.7,0,1,4,0.0409,0
S04373,18,evening,20.0,0.747,78.1,1,97.4,89.7,9.7,74.6,8.23,100.0,67.6,3,0,3,0.8584,1
S04374,18,evening,14.6,0.888,99.0,0,63.3,53.8,14.1,73.3,6.93,100.0,26.6,2,1,6,0.3444,0
S04375,3,late_night,15.6,0.182,33.2,0,29.5,33.8,18.1,44.3,3.3,100.0,66.1,0,0,2,0.0115,0
S04376,4,late_night,5.9,0.0,36.1,1,70.6,11.6,9.8,56.2,5.48,61.5,63.3,0,0,1,0.0175,0
S04377,9,morning,12.9,0.51,45.9,2,52.9,67.3,11.1,49.8,7.43,100.0,67.8,1,0,3,0.243,1
S04378,5,late_night,21.9,0.573,41.4,2,61.1,51.0,18.7,41.8,6.05,100.0,38.7,2,0,2,0.0786,0
S04379,9,morning,8.8,0.499,64.5,2,39.6,44.8,12.6,58.1,5.04,100.0,41.6,1,0,4,0.0282,0
S04380,13,afternoon,17.6,0.666,70.9,1,88.1,88.1,11.2,77.0,10.0,100.0,63.8,2,0,3,0.9138,1
S04381,6,morning,9.0,0.543,51.3,2,55.1,41.9,14.0,53.6,7.52,100.0,82.4,0,1,3,0.1319,0
S04382,2,late_night,19.5,0.817,79.5,0,57.3,81.0,14.1,45.0,4.97,100.0,72.8,2,0,6,0.5863,1
S04383,9,morning,5.3,0.434,76.8,5,48.0,52.3,15.1,71.3,5.7,100.0,48.0,1,2,3,0.0681,0
S04384,17,afternoon,15.9,0.353,91.5,0,63.2,77.2,13.6,73.3,7.5,100.0,68.1,2,2,2,0.4304,1
S04385,14,afternoon,9.0,0.74,80.1,1,52.4,43.1,6.8,64.4,5.81,100.0,39.0,1,0,5,0.1062,1
S04386,7,morning,10.4,0.465,54.0,1,61.9,56.9,18.6,64.1,7.45,100.0,32.5,3,0,4,0.205,0
S04387,7,morning,8.1,0.86,79.0,1,86.2,50.8,3.6,71.3,6.84,100.0,57.6,1,0,2,0.1545,1
S04388,14,afternoon,12.5,0.027,64.4,2,34.5,37.0,16.5,43.8,3.72,42.9,28.2,2,0,2,0.0269,0
S04389,4,late_night,15.7,0.765,75.7,0,69.3,69.1,8.6,78.7,7.55,100.0,39.2,2,0,2,0.5459,0
S04390,20,evening,7.7,0.679,73.9,0,62.3,100.0,9.1,52.3,7.38,100.0,56.6,4,1,4,0.5815,0
S04391,20,evening,20.9,0.725,61.5,1,66.9,83.2,5.5,54.9,6.55,100.0,58.7,2,2,2,0.5093,0
S04392,0,late_night,6.8,0.152,52.0,1,30.7,58.9,16.3,77.1,4.82,100.0,33.4,1,0,1,0.01,0
S04393,23,night,10.6,0.0,68.2,0,59.6,42.1,17.1,52.3,6.33,67.6,43.5,2,0,1,0.0644,0
S04394,0,late_night,11.9,0.68,83.3,1,46.9,46.5,13.9,44.0,3.86,100.0,53.7,1,0,6,0.0541,1
S04395,11,morning,14.6,0.637,89.3,3,64.8,72.4,10.3,55.1,5.74,100.0,53.1,0,1,4,0.0773,0
S04396,16,afternoon,3.4,0.793,80.4,1,41.5,46.1,17.0,75.3,4.88,100.0,57.5,0,2,3,0.1149,1
S04397,7,morning,13.4,0.666,67.5,3,48.6,43.4,11.2,58.6,5.09,100.0,49.7,2,0,3,0.0544,1
S04398,4,late_night,8.6,0.517,60.8,2,33.7,55.5,13.9,40.5,4.86,100.0,74.9,2,0,4,0.0613,0
S04399,1,late_night,6.9,0.296,38.2,2,44.6,37.7,13.7,44.4,4.87,100.0,67.3,0,0,6,0.1527,0
S04400,17,afternoon,11.4,0.641,57.1,2,60.8,48.3,22.0,65.2,5.53,100.0,56.5,5,0,2,0.3522,0
S04401,0,late_night,4.2,0.767,54.2,0,55.7,43.9,9.6,52.2,5.61,100.0,39.9,1,0,1,0.0479,0
S04402,11,morning,10.7,0.464,73.1,2,45.1,33.7,16.7,64.2,6.73,100.0,42.5,2,0,5,0.1403,0
S04403,9,morning,11.2,1.0,96.6,0,70.0,56.1,2.1,100.0,8.54,100.0,44.9,2,2,1,0.7166,1
S04404,23,night,10.6,0.238,80.4,1,57.1,36.5,8.3,56.0,8.54,100.0,42.5,0,0,5,0.1415,0
S04405,22,night,16.4,0.419,97.9,0,78.8,76.3,8.2,72.6,7.22,100.0,72.6,1,0,5,0.4211,0
S04406,19,evening,14.7,0.668,66.8,4,47.8,58.6,12.5,46.2,5.46,100.0,42.9,1,0,2,0.0839,0
S04407,17,afternoon,9.5,0.423,57.2,1,53.6,91.7,10.4,62.9,6.92,100.0,53.8,0,0,4,0.4112,0
S04408,13,afternoon,17.6,0.95,68.8,0,50.4,56.7,11.7,37.9,5.92,100.0,72.4,1,1,2,0.3525,1
S04409,8,morning,10.7,0.563,45.5,2,33.0,18.9,12.6,56.5,4.61,100.0,53.1,0,0,3,0.0108,0
S04410,3,late_night,14.6,1.0,91.3,0,72.6,77.7,14.3,61.7,6.15,100.0,64.6,0,1,3,0.5517,1
S04411,23,night,7.2,0.707,63.5,0,47.4,64.5,8.3,50.8,5.98,100.0,52.5,1,0,3,0.2912,0
S04412,9,morning,8.5,0.478,74.5,0,64.5,80.8,13.5,71.2,8.2,100.0,56.5,1,1,4,0.67,1
S04413,10,morning,10.8,0.105,74.4,3,63.3,58.7,16.2,70.3,7.58,94.8,64.5,0,0,3,0.0578,0
S04414,3,late_night,8.6,0.824,57.6,1,55.1,62.6,8.5,49.9,7.77,100.0,58.5,3,4,4,0.5722,1
S04415,6,morning,14.2,0.12,77.5,3,37.2,47.0,12.3,50.2,5.67,100.0,46.0,1,0,2,0.0579,0
S04416,15,afternoon,13.0,1.0,59.7,2,52.2,84.1,9.5,79.1,8.34,100.0,43.3,3,0,4,0.6518,1
S04417,10,morning,9.3,0.731,77.1,1,82.1,48.1,18.1,57.4,7.17,100.0,64.1,1,2,5,0.5184,0
S04418,14,afternoon,14.0,0.59,71.6,2,75.8,39.0,9.8,64.6,6.35,100.0,62.3,3,0,2,0.4468,0
S04419,5,late_night,13.3,0.842,93.3,0,79.1,100.0,23.8,57.9,7.03,100.0,39.4,2,1,2,0.7317,0
S04420,1,late_night,15.5,0.817,58.6,1,85.5,73.6,12.8,68.4,8.02,100.0,59.6,3,0,4,0.7319,0
S04421,21,evening,18.2,0.624,53.2,1,74.5,75.1,11.8,85.2,7.23,100.0,64.6,4,0,1,0.4736,1
S04422,10,morning,8.2,0.622,69.9,3,42.2,4.5,18.4,56.1,5.78,100.0,42.5,0,0,1,0.0243,0
S04423,8,morning,10.4,0.724,58.6,3,39.2,66.8,6.5,49.0,3.35,100.0,78.0,0,1,3,0.0222,0
S04424,6,morning,9.8,0.431,60.6,1,67.0,57.8,18.7,38.8,5.22,100.0,71.9,2,0,0,0.0225,0
S04425,15,afternoon,7.4,0.539,65.9,0,64.4,49.4,5.3,67.5,8.51,100.0,40.4,2,0,2,0.3719,0
S04426,13,afternoon,14.1,0.837,85.1,1,58.2,56.6,15.1,46.3,7.26,100.0,52.3,2,0,4,0.1713,0
S04427,9,morning,8.5,0.0,63.4,2,43.7,41.7,12.4,44.3,3.99,68.1,61.2,3,0,2,0.0717,0
S04428,22,night,15.0,0.61,72.1,2,58.3,40.2,9.2,55.0,4.98,100.0,52.6,1,0,3,0.1294,0
S04429,21,evening,9.9,0.474,40.5,1,47.8,42.9,22.1,40.2,4.81,100.0,57.1,0,1,5,0.145,1
S04430,4,late_night,11.0,0.376,77.1,2,64.0,69.8,11.7,59.7,7.23,100.0,45.0,2,0,6,0.1981,0
S04431,15,afternoon,11.2,0.496,41.9,6,34.4,38.7,9.2,50.2,5.2,100.0,21.5,0,0,4,0.0129,0
S04432,23,night,12.4,0.624,64.4,2,66.6,46.6,14.8,55.4,7.2,100.0,68.6,0,0,3,0.1767,0
S04433,11,morning,14.1,0.498,52.5,1,70.0,50.9,6.4,77.6,7.56,100.0,52.3,3,0,2,0.2507,0
S04434,0,late_night,16.5,1.0,82.9,0,76.3,83.2,13.6,96.5,8.86,100.0,100.0,4,0,6,0.8869,1
S04435,3,late_night,16.4,0.46,92.8,2,84.6,66.9,10.2,97.7,8.03,100.0,74.2,3,0,1,0.3658,0
S04436,16,afternoon,9.2,0.66,70.0,0,54.7,49.3,7.8,60.9,6.97,100.0,36.6,1,2,2,0.1746,0
S04437,21,evening,21.0,0.276,69.9,0,85.8,66.3,13.6,88.7,6.96,100.0,70.0,1,1,3,0.4291,1
S04438,3,late_night,15.9,0.397,60.5,2,29.3,16.8,16.9,58.3,4.08,100.0,45.6,0,0,2,0.0087,0
S04439,13,afternoon,12.6,0.414,63.9,3,55.0,54.2,5.4,53.7,6.17,100.0,57.1,0,0,1,0.0864,0
S04440,11,morning,19.2,0.492,73.7,1,55.1,70.2,11.1,51.1,6.36,100.0,46.1,1,2,3,0.2185,1
S04441,6,morning,1.0,0.304,55.4,2,27.8,34.1,17.5,49.0,2.18,100.0,46.7,0,0,2,0.005,0
S04442,15,afternoon,6.2,0.529,54.1,1,68.6,62.6,13.0,64.5,7.89,100.0,70.7,3,1,5,0.5781,0
S04443,21,evening,7.7,0.608,63.4,1,45.5,40.3,13.3,72.2,5.63,100.0,61.2,0,0,1,0.0513,0
S04444,5,late_night,12.5,0.677,44.5,1,87.2,52.1,14.8,72.0,6.82,100.0,72.0,1,0,5,0.209,0
S04445,1,late_night,8.0,0.479,70.0,1,52.2,30.7,16.4,62.8,5.13,100.0,95.3,1,0,3,0.1161,0
S04446,8,morning,6.7,0.672,56.9,0,58.1,82.5,11.3,59.7,7.8,100.0,50.5,4,0,2,0.5205,0
S04447,7,morning,16.7,0.458,87.8,1,65.4,58.0,11.0,65.1,5.24,100.0,82.2,1,1,2,0.3024,0
S04448,17,afternoon,24.8,0.7,44.5,0,74.4,57.7,9.8,54.3,8.04,100.0,67.8,1,1,2,0.5521,0
S04449,12,afternoon,17.1,0.601,95.2,0,68.4,57.7,9.6,68.7,6.79,100.0,49.2,2,0,2,0.3066,0
S04450,0,late_night,14.0,0.4,39.3,1,47.8,22.2,9.4,68.2,6.21,100.0,50.3,0,1,3,0.0805,0
S04451,8,morning,12.2,0.735,50.0,1,61.1,57.5,8.0,76.0,4.52,100.0,67.1,0,0,3,0.0399,0
S04452,17,afternoon,4.6,0.367,63.7,2,45.9,40.9,14.3,43.0,5.62,100.0,41.4,1,0,3,0.1025,0
S04453,11,morning,13.5,0.686,82.5,2,65.7,57.2,7.8,44.7,6.53,100.0,28.0,2,0,5,0.097,0
S04454,13,afternoon,22.2,0.358,70.5,1,77.5,55.0,10.2,62.0,6.5,100.0,71.1,3,0,3,0.4321,0
S04455,6,morning,18.0,1.0,100.0,0,71.6,99.3,12.4,88.2,7.65,100.0,73.2,5,1,4,0.9331,1
S04456,7,morning,8.3,0.34,53.1,3,53.5,48.3,12.4,60.1,8.05,100.0,43.5,1,0,2,0.0817,0
S04457,3,late_night,15.6,0.301,61.9,1,49.8,31.0,13.1,34.7,6.08,100.0,34.5,1,0,1,0.0334,0
S04458,1,late_night,15.0,0.793,60.9,2,39.6,64.4,12.2,54.4,6.11,100.0,57.6,4,0,2,0.3792,1
S04459,0,late_night,9.2,0.721,63.6,3,54.2,49.7,16.8,51.9,5.68,100.0,75.6,2,0,4,0.1331,0
S04460,14,afternoon,12.1,0.803,44.0,0,58.4,47.5,17.9,83.6,5.39,100.0,43.8,1,0,3,0.0969,0
S04461,3,late_night,9.8,0.633,69.2,1,57.0,73.6,10.2,33.4,7.26,100.0,58.9,0,0,2,0.3665,0
S04462,13,afternoon,15.5,0.694,77.0,0,76.4,85.9,12.7,86.1,6.34,100.0,94.7,2,1,1,0.7905,1
S04463,22,night,14.6,0.402,81.2,0,58.0,44.3,21.6,53.3,7.12,100.0,65.5,0,0,1,0.0937,0
S04464,16,afternoon,11.7,0.854,58.6,1,67.7,56.8,5.4,48.3,9.39,100.0,61.0,3,2,3,0.651,1
S04465,13,afternoon,18.0,0.857,64.7,2,82.3,54.6,14.8,88.1,6.32,100.0,56.8,2,1,3,0.285,0
S04466,2,late_night,12.4,0.535,88.0,0,56.1,52.6,5.1,78.1,6.03,100.0,47.9,1,0,5,0.1425,0
S04467,11,morning,20.4,0.917,71.9,3,36.8,68.2,12.7,73.5,3.61,100.0,54.3,0,0,5,0.1378,0
S04468,21,evening,20.6,0.875,97.7,0,85.7,100.0,6.6,89.8,7.43,100.0,63.5,5,3,4,0.9852,1
S04469,9,morning,9.2,0.149,70.3,3,50.7,48.6,6.8,45.0,6.23,100.0,46.2,1,0,1,0.0483,0
S04470,19,evening,15.2,0.25,79.3,2,30.8,70.0,15.8,66.1,8.08,100.0,55.2,1,2,1,0.2796,1
S04471,17,afternoon,8.4,0.1,91.3,0,63.1,45.0,14.1,60.3,4.89,95.5,26.6,2,0,4,0.0261,0
S04472,6,morning,10.2,0.735,85.7,0,80.4,72.5,4.7,75.1,7.83,100.0,63.8,2,0,2,0.6945,1
S04473,3,late_night,13.7,0.637,61.9,2,59.1,52.4,11.5,61.5,5.89,100.0,100.0,0,1,2,0.3623,0
S04474,0,late_night,8.9,0.585,74.2,1,42.3,52.4,17.0,60.5,4.62,100.0,30.7,2,0,2,0.0303,0
S04475,6,morning,7.2,0.621,65.6,0,73.8,76.0,3.9,70.0,8.39,100.0,81.7,2,1,5,0.6822,1
S04476,7,morning,12.5,0.757,70.4,0,71.9,55.5,1.0,75.9,7.09,100.0,73.0,2,3,3,0.7401,1
S04477,15,afternoon,2.2,0.481,71.4,4,47.3,65.0,12.9,74.6,4.14,100.0,62.4,2,0,2,0.0465,0
S04478,13,afternoon,12.9,0.666,63.7,0,55.5,64.0,7.4,80.6,7.9,100.0,52.4,1,1,2,0.4569,1
S04479,11,morning,14.1,0.493,65.5,1,66.0,64.5,16.6,52.5,9.3,100.0,72.1,1,1,3,0.6374,1
S04480,17,afternoon,13.0,0.867,78.9,1,65.7,58.4,10.1,64.2,6.34,100.0,84.9,0,1,3,0.3397,1
S04481,18,evening,10.2,0.237,61.4,1,65.1,72.3,13.3,66.2,5.79,100.0,72.2,0,0,2,0.0294,0
S04482,17,afternoon,13.0,0.675,88.0,0,59.5,69.9,10.4,76.5,7.56,100.0,62.6,2,0,4,0.6378,1
S04483,21,evening,9.6,0.548,57.0,1,61.5,60.5,5.4,74.8,7.76,100.0,58.0,0,0,0,0.2118,0
S04484,8,morning,12.2,0.715,55.6,1,60.9,59.7,12.0,62.0,7.39,100.0,47.1,2,0,2,0.1237,0
S04485,19,evening,10.3,0.45,93.5,2,62.0,34.8,8.0,49.1,5.48,100.0,54.1,0,1,5,0.1199,0
S04486,10,morning,13.5,0.806,60.6,0,93.6,54.9,3.1,92.7,7.94,100.0,74.8,1,2,3,0.6145,1
S04487,4,late_night,9.9,0.339,61.2,2,63.4,36.9,9.7,55.0,3.62,100.0,50.8,3,0,2,0.0576,1
S04488,3,late_night,14.3,0.893,100.0,0,78.2,61.7,6.4,70.1,5.74,100.0,57.9,3,1,4,0.3088,1
S04489,2,late_night,10.4,0.502,67.0,2,74.3,59.9,11.8,50.0,6.51,100.0,53.6,2,0,3,0.2054,1
S04490,22,night,27.0,1.0,100.0,0,91.2,80.7,6.9,100.0,7.9,100.0,94.6,2,1,2,0.8588,1
S04491,4,late_night,8.7,0.469,72.6,1,43.3,39.7,14.9,55.1,5.75,100.0,53.8,3,0,1,0.0518,0
S04492,20,evening,8.7,0.444,64.0,1,66.5,12.3,7.2,52.9,5.45,100.0,55.3,0,1,7,0.0752,0
S04493,18,evening,7.4,0.375,60.3,6,34.6,50.7,12.9,54.3,5.49,100.0,14.8,1,0,7,0.0631,0
S04494,10,morning,9.1,0.711,40.8,1,87.5,65.1,9.4,64.0,6.88,100.0,73.0,0,2,1,0.6453,0
S04495,21,evening,10.6,0.226,54.2,5,33.8,48.5,15.6,31.4,5.74,100.0,57.1,0,0,5,0.0201,0
S04496,21,evening,7.8,0.507,69.7,2,63.1,51.6,14.0,60.3,6.82,100.0,61.8,0,1,3,0.2251,0
S04497,22,night,3.3,0.229,56.3,1,48.6,41.6,16.9,20.9,4.12,100.0,52.8,0,0,1,0.0049,0
S04498,11,morning,10.6,0.651,100.0,0,67.5,54.8,7.6,65.9,6.56,100.0,43.8,1,1,0,0.3795,0
S04499,7,morning,6.6,0.545,70.2,2,33.5,50.5,13.1,37.4,5.91,100.0,49.2,2,0,3,0.1834,0
S04500,1,late_night,1.0,0.407,67.5,3,32.7,40.1,12.9,19.8,4.08,100.0,74.1,0,0,4,0.063,0
S04501,20,evening,13.4,0.732,96.2,0,76.6,81.1,15.1,81.3,8.78,100.0,42.0,0,1,6,0.5659,1
S04502,20,evening,11.6,0.668,67.6,4,50.7,44.7,15.1,34.4,4.5,100.0,28.6,3,0,4,0.0321,0
S04503,12,afternoon,15.2,0.754,75.1,0,67.8,74.9,10.7,76.0,7.22,100.0,39.3,2,0,1,0.5573,1
S04504,1,late_night,16.1,0.966,63.2,1,52.3,51.4,8.3,56.3,5.91,100.0,49.6,1,0,1,0.1493,1
S04505,19,evening,19.8,0.8,77.6,2,64.5,78.1,6.4,81.4,8.57,100.0,90.1,3,0,2,0.7329,1
S04506,7,morning,16.3,0.854,82.7,1,86.7,79.3,11.5,62.7,7.59,100.0,65.2,0,1,3,0.6174,1
S04507,13,afternoon,16.5,0.254,59.4,3,44.1,23.8,13.7,49.3,5.25,100.0,66.8,1,1,2,0.0553,0
S04508,15,afternoon,8.9,0.693,72.0,0,56.9,37.6,13.5,44.0,7.14,100.0,21.1,1,1,4,0.1557,0
S04509,3,late_night,14.1,0.5,59.7,1,81.3,85.6,3.8,80.0,7.24,100.0,47.6,3,1,5,0.691,1
S04510,1,late_night,11.2,0.602,70.1,2,45.3,46.3,9.3,53.3,5.96,100.0,44.7,4,0,2,0.2067,0
S04511,1,late_night,17.7,0.472,91.9,0,59.2,54.7,11.2,57.2,8.11,100.0,79.6,0,2,2,0.3776,0
S04512,23,night,15.8,0.831,76.8,0,78.0,92.5,14.3,84.9,7.12,100.0,66.3,3,1,3,0.5827,0
S04513,22,night,7.2,0.391,91.7,1,48.4,46.0,5.9,46.3,7.47,100.0,51.3,2,2,2,0.1908,0
S04514,10,morning,14.6,0.406,73.2,0,70.4,49.3,7.6,41.5,4.61,100.0,60.0,2,3,2,0.3089,0
S04515,10,morning,11.6,0.639,76.8,0,64.8,85.7,2.5,59.8,7.15,100.0,58.7,3,1,1,0.3914,1
S04516,9,morning,16.6,0.98,78.2,1,70.3,65.9,11.7,83.6,5.72,100.0,91.2,1,1,3,0.3044,0
S04517,8,morning,13.2,0.62,64.1,3,54.4,53.1,17.1,61.2,4.96,100.0,84.8,2,0,0,0.0466,0
S04518,13,afternoon,10.4,0.249,38.0,1,79.8,30.2,14.0,62.3,6.64,100.0,71.6,1,0,6,0.1195,0
S04519,8,morning,9.0,0.508,69.3,2,32.5,32.1,17.8,46.4,4.87,100.0,61.2,1,0,5,0.0373,0
S04520,14,afternoon,2.9,0.213,94.4,0,54.8,51.4,10.0,71.8,4.73,100.0,42.6,1,0,1,0.0169,0
S04521,9,morning,13.6,0.746,79.8,0,81.8,57.3,12.8,40.6,8.48,100.0,65.5,1,1,2,0.3395,0
S04522,15,afternoon,9.7,0.64,77.0,0,49.2,40.7,9.2,58.9,7.48,100.0,25.7,1,2,5,0.482,1
S04523,22,night,23.7,0.685,67.9,0,61.9,53.3,12.1,63.2,6.53,100.0,50.6,1,1,1,0.3029,0
S04524,4,late_night,15.7,1.0,95.7,0,62.6,65.2,11.9,73.2,5.83,100.0,39.5,2,0,2,0.4496,0
S04525,1,late_night,6.1,0.206,59.9,1,25.6,38.3,13.2,58.5,6.15,100.0,56.9,0,0,2,0.017,0
S04526,12,afternoon,5.8,0.637,72.1,2,49.3,48.5,15.8,69.3,5.76,100.0,53.6,2,2,3,0.2847,0
S04527,2,late_night,17.8,0.83,48.0,2,56.6,80.6,11.0,61.5,7.0,100.0,69.2,1,0,5,0.32,0
S04528,5,late_night,8.5,0.316,56.4,0,46.4,51.8,14.5,34.0,6.52,100.0,62.2,1,1,3,0.0726,0
S04529,18,evening,13.1,0.616,87.0,2,74.2,57.2,16.7,100.0,7.67,100.0,82.0,1,0,2,0.2235,0
S04530,10,morning,16.1,0.629,90.9,1,71.0,71.6,12.2,71.9,8.78,100.0,50.5,1,1,0,0.6011,1
S04531,13,afternoon,15.5,0.658,86.3,0,51.5,61.6,8.4,66.2,6.44,100.0,31.3,1,0,2,0.0734,0
S04532,18,evening,19.9,0.537,60.7,0,85.0,97.5,6.5,96.9,9.01,100.0,96.5,1,2,3,0.9699,1
S04533,3,late_night,7.6,0.435,35.8,1,54.1,35.1,18.5,40.8,5.61,100.0,39.4,1,0,3,0.0127,1
S04534,11,morning,12.6,0.267,78.7,1,73.2,55.7,16.2,77.4,7.4,100.0,55.8,3,0,2,0.342,0
S04535,0,late_night,14.0,0.864,61.7,2,61.8,85.5,11.1,62.4,8.65,100.0,74.8,2,1,4,0.7178,1
S04536,11,morning,10.6,0.516,76.1,1,58.0,32.4,7.7,73.9,4.67,100.0,46.7,0,2,3,0.1022,0
S04537,5,late_night,14.6,0.978,48.0,0,56.8,71.8,7.6,70.8,5.7,100.0,41.2,0,0,4,0.3272,0
S04538,21,evening,13.1,0.518,59.7,3,43.3,43.3,14.9,41.7,4.96,100.0,81.7,1,1,4,0.1443,0
S04539,6,morning,14.3,0.593,75.0,0,72.3,61.7,12.9,95.8,10.0,100.0,52.5,3,0,3,0.6179,1
S04540,4,late_night,11.9,0.549,85.7,0,69.3,65.0,13.9,80.9,9.01,100.0,90.6,2,0,4,0.7133,0
S04541,0,late_night,12.2,0.639,56.7,3,50.6,78.1,3.3,57.7,6.25,100.0,63.8,1,2,3,0.3793,0
S04542,3,late_night,9.5,0.266,25.7,2,46.1,37.6,19.2,24.7,4.11,100.0,60.6,0,0,5,0.0262,0
S04543,5,late_night,2.0,0.642,64.8,3,40.1,51.7,19.6,59.7,5.42,100.0,65.7,0,0,1,0.0513,0
S04544,5,late_night,6.6,0.449,82.4,4,61.6,76.6,1.3,84.8,7.39,100.0,53.9,3,0,3,0.4227,0
S04545,17,afternoon,15.7,0.957,85.3,2,70.8,62.4,11.9,66.9,7.16,100.0,65.8,1,0,3,0.165,1
S04546,21,evening,10.0,0.401,43.1,1,33.0,7.6,20.4,36.3,4.22,100.0,70.1,0,0,2,0.0149,0
S04547,20,evening,10.7,0.696,91.6,1,76.7,56.5,3.9,94.4,9.06,100.0,84.0,0,0,1,0.3793,0
S04548,22,night,12.8,0.93,78.4,1,46.9,78.4,9.7,70.7,8.65,100.0,74.9,0,2,8,0.7512,0
S04549,21,evening,7.9,0.271,83.3,2,38.5,49.0,15.9,45.1,5.47,100.0,62.1,2,0,3,0.226,1
S04550,10,morning,13.9,0.74,77.1,1,75.9,72.9,7.9,65.6,7.38,100.0,61.2,2,1,6,0.7911,1
S04551,9,morning,11.2,0.193,38.6,1,58.2,70.2,11.9,61.2,5.39,100.0,39.8,1,0,2,0.0229,0
S04552,15,afternoon,4.8,0.816,63.5,2,54.3,35.6,14.3,60.5,5.47,100.0,76.5,0,0,4,0.0726,0
S04553,7,morning,8.6,0.274,74.2,0,59.6,32.7,6.6,79.0,7.26,100.0,50.4,1,0,1,0.0817,0
S04554,14,afternoon,16.1,0.529,92.0,0,76.3,61.2,4.2,86.0,9.09,100.0,60.1,0,2,5,0.7856,0
S04555,23,night,16.3,0.667,60.0,0,81.6,74.4,10.6,88.0,10.0,100.0,66.8,2,1,0,0.8717,1
S04556,4,late_night,8.6,0.868,68.2,0,51.8,64.4,15.1,70.1,6.19,100.0,37.0,1,2,3,0.2721,0
S04557,18,evening,16.5,0.81,86.7,1,66.5,81.2,12.7,78.7,7.37,100.0,54.0,1,0,2,0.3289,1
S04558,22,night,12.7,0.693,74.8,2,55.6,79.2,15.9,79.7,6.53,100.0,50.2,2,2,2,0.4882,1
S04559,12,afternoon,6.5,0.565,55.4,1,34.4,9.7,16.2,45.1,5.52,100.0,27.7,1,1,4,0.0324,0
S04560,8,morning,15.1,0.624,100.0,1,69.5,100.0,18.1,66.8,9.88,100.0,41.8,3,2,1,0.7934,1
S04561,6,morning,9.3,0.524,48.1,2,57.0,42.8,13.7,57.8,5.56,100.0,51.8,1,2,6,0.2299,0
S04562,4,late_night,16.3,0.928,91.0,1,67.2,77.2,12.4,66.8,9.3,100.0,73.9,3,1,3,0.8197,0
S04563,7,morning,7.6,0.467,83.5,1,46.1,61.4,14.1,75.3,5.41,100.0,53.9,1,1,2,0.1047,0
S04564,17,afternoon,7.9,0.472,70.6,0,47.3,65.1,8.5,70.1,6.59,100.0,43.2,1,1,2,0.4741,0
S04565,12,afternoon,11.1,0.662,70.5,0,61.3,56.8,8.7,46.2,6.29,100.0,47.5,4,2,3,0.2192,1
S04566,5,late_night,3.0,0.237,44.9,7,4.1,1.6,14.5,14.0,3.29,100.0,43.3,0,0,1,0.0003,0
S04567,13,afternoon,7.6,0.599,74.2,1,71.6,45.1,9.4,61.1,6.54,100.0,74.9,0,0,2,0.1169,0
S04568,19,evening,8.4,0.847,66.2,1,56.9,65.0,19.0,77.7,7.97,100.0,74.9,0,0,4,0.4719,1
S04569,0,late_night,14.1,0.577,67.1,0,87.7,47.6,18.4,58.2,4.24,100.0,62.9,0,2,3,0.1089,0
S04570,0,late_night,8.7,0.56,63.9,1,49.1,76.3,10.9,68.7,5.41,100.0,78.8,3,0,4,0.6596,1
S04571,23,night,11.1,0.871,78.3,2,84.3,82.2,7.0,70.9,10.0,100.0,58.5,4,2,2,0.9049,1
S04572,17,afternoon,16.8,0.654,67.8,1,56.4,87.5,2.8,67.3,5.43,100.0,40.9,3,0,1,0.2369,0
S04573,13,afternoon,10.8,0.938,39.9,2,63.6,58.9,7.1,71.8,6.62,100.0,55.0,2,1,1,0.4863,0
S04574,21,evening,19.7,0.781,79.8,0,74.4,65.5,6.7,59.8,8.26,100.0,81.8,1,1,4,0.4558,0
S04575,14,afternoon,13.2,0.544,65.0,0,73.0,70.2,9.5,70.7,6.85,100.0,69.3,0,1,2,0.5167,0
S04576,12,afternoon,10.5,0.521,34.8,2,59.4,42.3,11.5,71.5,4.66,100.0,67.6,0,0,3,0.0216,0
S04577,5,late_night,3.8,0.386,45.2,2,38.0,35.5,17.7,32.8,4.26,100.0,40.7,0,0,5,0.0063,0
S04578,19,evening,1.0,0.633,60.5,1,64.7,68.6,16.1,57.7,6.81,100.0,56.0,0,0,2,0.1524,0
S04579,18,evening,9.7,0.808,95.2,1,63.0,81.8,7.6,73.4,6.74,100.0,58.1,2,0,2,0.3433,1
S04580,7,morning,10.4,0.197,59.1,1,62.3,69.4,18.5,59.2,6.52,100.0,41.7,1,1,2,0.1907,1
S04581,17,afternoon,15.9,0.172,86.4,0,66.2,79.0,11.8,71.1,8.24,100.0,62.1,4,1,5,0.6174,1
S04582,17,afternoon,5.3,0.827,91.9,3,71.6,53.5,15.3,63.0,7.74,100.0,54.3,2,1,3,0.4702,1
S04583,2,late_night,15.6,0.831,70.9,0,76.6,89.7,7.7,57.4,8.29,100.0,57.2,1,3,5,0.898,1
S04584,3,late_night,6.6,0.501,66.9,1,62.7,62.2,14.8,64.2,7.88,100.0,64.1,3,0,4,0.4074,1
S04585,14,afternoon,14.3,0.759,99.7,1,68.5,57.1,12.9,54.2,7.06,100.0,61.5,2,1,4,0.4542,0
S04586,14,afternoon,13.4,1.0,77.5,1,73.7,59.2,16.9,72.1,6.07,100.0,80.1,5,1,2,0.5935,0
S04587,15,afternoon,19.5,1.0,87.6,0,69.9,77.9,11.6,86.9,7.93,100.0,52.8,0,0,0,0.4594,0
S04588,8,morning,11.1,0.486,50.2,1,23.8,47.4,18.8,48.1,5.83,100.0,40.4,1,0,1,0.0415,0
S04589,20,evening,12.5,0.304,76.6,1,64.4,53.0,10.8,46.4,5.1,100.0,27.5,2,1,4,0.1515,1
S04590,10,morning,18.0,0.526,76.2,1,83.6,69.8,15.1,75.1,5.19,100.0,47.0,2,1,4,0.3208,1
S04591,4,late_night,15.2,0.305,54.9,0,77.4,77.7,3.8,76.4,8.66,100.0,75.5,1,2,2,0.5988,1
S04592,2,late_night,24.0,0.713,66.6,1,71.0,57.1,9.2,57.6,6.32,100.0,70.4,0,3,3,0.5198,0
S04593,21,evening,6.2,0.728,49.9,1,40.2,39.9,13.7,83.5,8.43,100.0,65.4,1,0,2,0.1887,1
S04594,16,afternoon,12.2,0.902,77.7,2,62.9,78.1,5.9,59.6,7.6,100.0,80.8,2,0,4,0.761,1
S04595,11,morning,18.2,0.815,63.2,0,71.2,58.0,6.6,77.5,8.69,100.0,70.2,2,2,4,0.8187,1
S04596,5,late_night,13.9,0.465,74.3,2,38.3,53.8,9.0,76.4,5.61,100.0,55.6,2,0,4,0.2367,0
S04597,2,late_night,14.9,0.487,73.3,2,48.7,57.7,12.9,70.2,7.46,100.0,68.8,0,2,6,0.3756,0
S04598,3,late_night,18.2,0.562,60.7,1,75.7,83.7,9.0,67.6,8.17,100.0,52.6,4,0,6,0.7782,1
S04599,2,late_night,9.3,0.801,77.7,0,76.6,80.4,12.1,76.2,9.96,100.0,43.6,2,2,1,0.8463,1
S04600,12,afternoon,20.6,0.466,85.2,0,65.4,56.3,18.0,53.4,7.51,100.0,55.5,1,0,5,0.2594,0
S04601,4,late_night,11.3,0.908,87.6,0,56.5,70.5,13.0,63.6,6.02,100.0,53.1,2,1,4,0.5458,0
S04602,3,late_night,16.8,0.281,56.0,0,46.5,47.3,10.1,63.0,7.48,100.0,58.3,2,1,2,0.1933,0
S04603,6,morning,5.5,0.594,58.0,0,64.5,67.7,12.4,65.1,6.4,100.0,48.3,0,1,4,0.227,0
S04604,16,afternoon,12.7,0.145,98.3,2,58.5,71.7,8.6,77.8,5.56,100.0,47.2,0,0,8,0.0371,0
S04605,11,morning,10.3,0.638,71.4,1,56.4,51.9,11.4,63.6,6.66,100.0,69.9,2,0,0,0.3757,0
S04606,3,late_night,11.1,0.391,62.9,0,42.3,41.9,24.0,31.8,5.01,100.0,32.3,2,0,2,0.0427,0
S04607,17,afternoon,17.2,0.673,69.3,0,73.5,71.0,8.6,94.5,7.94,100.0,63.3,1,0,1,0.4023,1
S04608,11,morning,10.0,0.192,64.1,1,54.5,43.6,15.5,35.7,4.58,100.0,40.9,1,0,4,0.0234,0
S04609,4,late_night,6.5,0.486,92.3,0,53.9,51.1,12.2,63.8,7.14,100.0,29.1,3,1,3,0.2164,0
S04610,16,afternoon,12.1,0.456,74.6,1,41.9,70.4,10.2,71.2,7.71,100.0,51.5,2,2,3,0.3492,1
S04611,23,night,17.3,0.821,100.0,0,72.0,78.4,9.9,83.4,9.52,100.0,55.5,1,0,0,0.5143,0
S04612,12,afternoon,12.7,0.878,67.1,1,64.2,67.4,7.8,69.1,6.77,100.0,48.2,3,2,1,0.5296,1
S04613,3,late_night,14.0,0.485,49.3,0,45.2,67.9,12.7,56.1,3.92,100.0,54.2,0,0,0,0.0339,0
S04614,7,morning,10.9,0.574,55.3,1,52.5,53.4,7.7,52.1,6.01,100.0,21.1,4,2,3,0.404,0
S04615,14,afternoon,11.9,0.706,66.5,0,99.2,71.7,14.9,55.7,9.18,100.0,82.5,2,0,1,0.726,0
S04616,23,night,4.0,0.0,50.8,2,32.6,18.1,21.6,10.8,4.75,54.8,85.3,0,0,5,0.0032,0
S04617,22,night,19.4,0.395,80.3,2,26.5,42.5,10.9,84.5,5.19,100.0,36.9,0,1,3,0.0581,0
S04618,22,night,26.8,1.0,94.3,0,100.0,100.0,1.0,100.0,10.0,100.0,64.6,5,0,2,0.9553,1
S04619,19,evening,1.9,0.581,70.1,1,68.6,65.0,12.8,84.1,7.46,100.0,48.3,0,0,4,0.2548,0
S04620,13,afternoon,8.9,0.456,49.3,0,50.4,59.1,14.0,80.5,2.7,100.0,34.2,0,0,5,0.046,0
S04621,15,afternoon,15.6,0.378,75.0,0,62.5,58.8,21.1,57.8,6.35,100.0,86.7,1,0,5,0.1706,0
S04622,17,afternoon,11.5,0.009,52.0,0,69.9,59.5,17.5,61.6,5.73,68.6,52.8,2,0,3,0.2229,0
S04623,17,afternoon,12.7,0.519,59.8,0,69.4,65.6,12.8,52.1,6.82,100.0,72.5,1,0,6,0.3605,0
S04624,15,afternoon,16.5,1.0,98.2,0,67.3,80.6,6.2,79.3,9.58,100.0,85.7,4,1,3,0.9755,1
S04625,3,late_night,15.4,0.727,68.9,1,67.9,74.1,10.2,63.1,7.22,100.0,75.0,1,1,3,0.2957,1
S04626,21,evening,5.8,0.797,61.2,0,39.7,41.7,14.3,52.0,5.39,100.0,70.6,1,1,1,0.0982,0
S04627,0,late_night,19.1,0.599,73.8,0,87.6,80.5,11.8,83.9,6.69,100.0,42.0,2,1,7,0.5876,1
S04628,10,morning,9.7,0.0,75.3,1,48.0,65.5,10.6,63.5,6.17,76.7,66.5,2,0,2,0.115,0
S04629,10,morning,5.2,0.173,64.2,1,47.1,36.4,8.6,62.3,5.18,100.0,45.0,0,0,2,0.0231,0
S04630,23,night,11.2,0.365,44.8,1,32.1,47.9,23.2,28.6,5.26,100.0,71.1,1,0,4,0.0604,0
S04631,2,late_night,1.1,0.363,46.9,0,44.6,48.7,15.3,45.7,3.95,100.0,34.4,0,0,1,0.0329,0
S04632,11,morning,7.1,0.413,59.9,4,53.8,55.9,15.5,56.8,5.13,100.0,33.7,0,0,3,0.0216,0
S04633,8,morning,6.2,0.267,65.1,1,39.1,33.9,10.9,72.0,4.08,100.0,49.2,2,0,5,0.0216,0
S04634,2,late_night,21.5,0.785,72.0,1,68.3,61.0,16.8,67.4,6.29,100.0,67.7,0,1,3,0.4752,0
S04635,5,late_night,5.7,0.27,58.5,1,46.3,39.8,18.6,47.4,7.36,100.0,22.1,2,1,3,0.1708,0
S04636,10,morning,1.0,0.14,45.5,1,21.3,39.1,18.5,41.0,2.31,100.0,31.2,0,0,0,0.0051,0
S04637,21,evening,6.5,0.432,61.1,0,40.0,43.3,14.9,48.0,4.88,100.0,33.4,1,0,6,0.0317,0
S04638,9,morning,12.4,0.406,54.5,2,77.5,49.2,14.1,63.0,5.16,100.0,67.2,0,0,1,0.029,0
S04639,21,evening,13.3,0.283,81.8,2,64.6,35.7,13.6,61.2,5.65,100.0,44.0,2,0,1,0.0616,0
S04640,17,afternoon,25.7,0.692,74.9,0,85.5,67.6,11.2,73.1,8.1,100.0,82.1,2,0,1,0.8204,1
S04641,19,evening,15.8,0.833,67.0,1,63.9,41.2,14.7,47.5,7.04,100.0,41.7,1,0,6,0.3578,0
S04642,20,evening,15.4,0.905,46.1,1,73.6,74.7,9.5,71.3,7.06,100.0,66.0,3,2,6,0.7656,1
S04643,17,afternoon,8.4,0.751,66.6,3,56.3,40.6,7.4,56.6,6.59,100.0,35.3,3,1,4,0.1505,0
S04644,17,afternoon,18.4,0.386,53.2,2,33.1,49.4,12.0,43.6,4.58,100.0,54.2,1,0,1,0.0282,0
S04645,3,late_night,8.0,0.137,48.6,3,37.8,24.0,16.7,61.5,4.72,90.9,34.7,2,0,4,0.0192,0
S04646,17,afternoon,9.2,0.76,100.0,0,80.9,74.0,14.8,68.2,7.52,100.0,78.7,0,2,3,0.852,1
S04647,1,late_night,8.0,0.616,67.6,3,62.4,48.6,18.8,44.7,4.8,100.0,67.6,1,1,0,0.0361,0
S04648,17,afternoon,7.5,0.603,89.8,1,64.1,64.1,17.3,53.8,7.45,100.0,60.4,2,0,5,0.3651,0
S04649,15,afternoon,9.4,0.44,80.9,2,41.4,41.6,15.3,65.3,5.31,100.0,70.1,0,0,3,0.0409,0
S04650,18,evening,8.2,0.116,77.2,2,55.0,58.7,14.6,72.6,5.29,97.7,43.0,1,1,3,0.0632,0
S04651,15,afternoon,17.9,0.872,74.9,0,69.1,89.9,11.4,85.2,9.31,100.0,71.2,3,2,4,0.7578,1
S04652,8,morning,11.7,0.851,97.5,2,72.1,64.8,8.8,81.1,7.71,100.0,57.5,1,1,0,0.2022,0
S04653,8,morning,5.6,0.347,79.1,1,43.5,46.0,16.1,53.4,4.05,100.0,61.2,3,0,1,0.0404,0
S04654,14,afternoon,6.0,0.419,71.8,2,56.8,66.7,17.0,68.6,9.88,100.0,58.8,5,1,4,0.5124,1
S04655,11,morning,12.6,0.786,73.3,0,67.8,65.6,16.3,59.5,5.37,100.0,54.8,0,1,2,0.1287,0
S04656,8,morning,9.7,0.291,61.0,1,68.9,56.3,16.0,43.7,7.41,100.0,23.8,0,0,7,0.0939,0
S04657,11,morning,10.0,0.916,71.3,2,54.3,67.0,10.9,65.1,6.13,100.0,46.9,2,0,2,0.403,0
S04658,12,afternoon,8.3,0.435,64.4,1,42.6,60.9,11.8,44.8,4.59,100.0,79.6,1,0,0,0.0638,0
S04659,5,late_night,10.7,0.331,68.2,2,58.9,36.5,13.3,42.7,5.01,100.0,48.7,1,0,6,0.0298,1
S04660,15,afternoon,12.7,0.316,83.1,0,27.9,46.2,12.3,38.8,4.06,100.0,35.7,1,0,1,0.0301,0
S04661,7,morning,7.8,0.419,49.1,0,43.8,47.5,13.8,54.0,5.56,100.0,54.7,0,0,2,0.1274,1
S04662,6,morning,14.1,0.86,91.7,1,69.5,35.8,1.0,67.9,7.18,100.0,36.7,4,0,4,0.2351,1
S04663,10,morning,13.7,0.623,58.9,1,72.5,42.7,11.2,29.6,6.21,100.0,44.9,1,1,5,0.0997,1
S04664,2,late_night,16.5,1.0,100.0,0,81.8,86.6,7.2,78.5,10.0,100.0,74.1,2,1,4,0.903,0
S04665,14,afternoon,14.6,0.72,72.1,2,66.9,73.3,20.2,90.6,7.69,100.0,68.9,5,0,3,0.5993,0
S04666,17,afternoon,15.8,0.654,86.6,0,76.8,86.3,9.4,76.2,8.01,100.0,69.2,4,1,1,0.7542,1
S04667,22,night,9.1,0.667,74.0,1,64.8,71.4,10.6,77.5,6.65,100.0,83.7,1,1,3,0.482,0
S04668,6,morning,18.2,0.743,58.9,0,64.6,100.0,5.0,87.4,8.26,100.0,57.2,3,1,1,0.7806,0
S04669,12,afternoon,9.8,0.725,89.8,3,58.6,40.7,20.5,52.0,5.13,100.0,28.9,0,1,1,0.0548,0
S04670,12,afternoon,6.5,0.366,35.4,2,31.1,0.0,13.9,23.2,2.31,100.0,35.4,0,0,1,0.0021,0
S04671,17,afternoon,5.9,0.465,67.7,2,58.3,55.1,21.0,50.5,8.56,100.0,45.0,0,0,3,0.0558,0
S04672,14,afternoon,13.7,0.448,58.7,2,65.3,59.3,7.9,91.6,7.36,100.0,62.3,0,0,1,0.1973,1
S04673,19,evening,18.0,0.881,51.2,2,76.9,47.1,15.5,57.3,6.92,100.0,52.7,0,1,3,0.1426,0
S04674,20,evening,21.1,0.619,69.1,0,58.3,58.3,11.2,85.7,8.02,100.0,60.0,1,1,4,0.3737,1
S04675,2,late_night,21.1,0.722,71.7,1,65.1,67.1,7.1,71.5,5.37,100.0,65.6,2,1,3,0.548,0
S04676,8,morning,8.4,0.917,55.5,0,81.2,55.1,15.3,62.4,9.16,100.0,71.7,3,1,2,0.7563,1
S04677,15,afternoon,16.2,0.568,75.9,0,47.6,87.5,15.7,71.7,6.52,100.0,60.7,0,0,2,0.2322,0
S04678,13,afternoon,7.2,0.345,40.3,1,47.2,46.3,13.1,49.6,4.58,100.0,53.6,0,1,3,0.0966,0
S04679,11,morning,9.8,0.34,63.1,1,46.1,39.5,14.1,38.7,4.75,100.0,76.3,0,0,2,0.0701,0
S04680,4,late_night,13.8,0.529,81.0,2,78.2,99.8,7.1,79.6,9.26,100.0,41.3,1,3,3,0.6159,1
S04681,13,afternoon,5.4,0.628,33.6,1,45.7,55.9,12.7,45.4,8.76,100.0,59.5,1,1,4,0.1145,0
S04682,17,afternoon,8.8,0.304,57.2,4,40.7,34.5,8.9,59.5,7.45,100.0,50.7,1,1,5,0.091,0
S04683,0,late_night,13.0,0.343,72.1,3,62.1,33.4,2.5,57.9,5.33,100.0,53.1,4,0,3,0.07,0
S04684,14,afternoon,11.2,0.312,48.9,3,66.1,48.0,5.8,63.6,3.99,100.0,60.9,4,0,3,0.1086,0
S04685,21,evening,11.5,0.326,72.0,1,47.3,28.4,12.5,48.2,5.31,100.0,39.4,1,0,3,0.0891,0
S04686,13,afternoon,9.0,0.19,66.2,2,35.3,26.0,10.3,56.7,4.45,100.0,39.9,0,0,3,0.0331,0
S04687,22,night,9.1,0.374,42.7,0,24.1,32.4,14.5,50.7,3.2,100.0,58.1,0,0,2,0.0587,0
S04688,8,morning,13.5,0.49,68.3,0,67.1,68.9,10.3,61.4,6.87,100.0,52.6,1,0,5,0.1449,0
S04689,0,late_night,9.1,0.471,77.6,5,62.9,65.2,10.4,79.2,5.85,100.0,38.2,1,1,3,0.1502,0
S04690,16,afternoon,15.7,1.0,65.7,2,45.2,81.4,7.2,79.8,8.22,100.0,74.6,2,1,3,0.4923,1
S04691,5,late_night,19.9,0.563,69.3,4,39.3,62.1,15.3,59.7,7.55,100.0,67.4,1,0,5,0.0559,0
S04692,0,late_night,13.4,0.711,89.4,0,64.6,54.9,12.4,83.4,7.48,100.0,60.1,5,0,1,0.3177,0
S04693,4,late_night,9.9,0.582,51.2,0,53.7,52.3,19.7,59.9,5.62,100.0,57.8,0,0,3,0.0977,1
S04694,22,night,12.0,0.519,75.9,2,53.8,77.7,12.7,82.0,8.01,100.0,63.8,3,1,2,0.4956,0
S04695,18,evening,12.2,0.659,56.7,1,64.0,64.8,3.6,43.7,6.41,100.0,56.8,1,2,5,0.3649,0
S04696,6,morning,12.4,0.662,73.3,1,66.1,62.5,6.4,66.3,6.65,100.0,65.0,2,1,2,0.3862,1
S04697,14,afternoon,12.6,0.576,75.9,0,59.1,54.8,12.6,57.4,6.16,100.0,37.6,2,1,1,0.2171,0
S04698,8,morning,13.2,0.595,42.6,1,63.9,69.9,10.8,51.2,8.23,100.0,59.4,4,1,2,0.6639,1
S04699,4,late_night,11.4,0.452,62.0,5,60.0,64.7,9.6,64.1,7.19,100.0,70.5,2,2,4,0.1759,0
S04700,23,night,11.2,0.672,82.8,0,62.8,59.9,7.2,66.3,7.03,100.0,93.7,4,1,8,0.8057,0
S04701,19,evening,11.0,0.082,69.5,1,46.5,56.0,10.5,32.6,5.64,77.9,54.9,1,0,4,0.158,0
S04702,8,morning,8.9,0.577,47.7,0,19.6,39.4,15.0,32.9,5.81,100.0,31.6,1,0,4,0.0487,0
S04703,8,morning,12.0,1.0,55.6,0,61.5,65.9,11.3,81.6,5.49,100.0,52.3,1,1,1,0.1642,0
S04704,19,evening,6.1,0.693,85.2,0,76.7,55.1,6.2,80.9,10.0,100.0,38.6,2,2,1,0.8445,1
S04705,11,morning,16.1,0.769,69.8,0,63.6,64.3,11.8,59.8,6.83,100.0,69.5,2,1,4,0.556,1
S04706,9,morning,13.7,0.83,81.6,2,61.5,57.6,12.1,57.8,6.76,100.0,59.2,1,0,1,0.1859,0
S04707,9,morning,7.0,0.233,72.9,0,68.4,52.2,12.3,68.5,6.49,100.0,39.6,1,0,5,0.2566,0
S04708,10,morning,12.7,0.615,56.8,1,60.6,38.7,10.8,29.5,6.14,100.0,48.3,0,2,7,0.1198,0
S04709,12,afternoon,8.1,0.547,90.5,1,84.0,80.6,13.6,75.2,6.45,100.0,69.9,3,1,1,0.4978,1
S04710,0,late_night,17.5,1.0,64.5,0,87.7,66.2,16.4,44.7,7.31,100.0,59.3,4,0,2,0.3416,0
S04711,11,morning,10.1,0.428,83.4,2,53.9,30.7,11.3,75.5,4.95,100.0,42.3,0,0,3,0.02,0
S04712,10,morning,6.3,0.898,98.7,0,61.7,57.6,7.3,82.1,7.12,100.0,78.0,2,2,0,0.4335,0
S04713,6,morning,10.1,0.382,78.7,1,44.2,60.1,15.6,30.2,3.92,100.0,55.9,1,1,4,0.0708,0
S04714,8,morning,8.6,0.902,62.6,1,58.7,47.7,8.5,51.0,6.0,100.0,41.0,2,0,0,0.1621,0
S04715,10,morning,14.7,0.693,100.0,0,94.0,76.2,3.6,83.8,8.12,100.0,66.2,4,0,3,0.7374,1
S04716,8,morning,11.7,0.913,79.2,1,59.9,83.7,7.7,47.7,5.44,100.0,29.5,1,1,3,0.4197,0
S04717,21,evening,10.4,0.622,70.8,2,58.3,51.2,14.0,57.5,5.43,100.0,57.8,3,1,4,0.2157,0
S04718,12,afternoon,10.9,0.674,72.0,1,55.5,47.7,7.9,70.9,6.79,100.0,99.7,1,0,1,0.1603,0
S04719,12,afternoon,5.0,0.619,54.3,1,60.4,46.6,11.6,38.9,7.53,100.0,73.3,1,0,4,0.3986,1
S04720,6,morning,8.9,0.005,67.5,1,25.4,27.1,9.5,40.8,2.2,81.2,37.0,0,0,2,0.0044,0
S04721,21,evening,8.3,0.0,54.2,1,52.9,69.7,16.3,50.5,5.2,61.2,54.2,0,0,4,0.0673,0
S04722,0,late_night,8.9,0.757,83.4,1,79.7,67.4,17.9,72.4,5.34,100.0,63.8,0,1,3,0.1494,0
S04723,13,afternoon,6.4,0.399,84.5,0,60.5,48.4,9.1,55.3,6.83,100.0,62.9,0,1,5,0.0861,0
S04724,4,late_night,15.8,0.821,81.0,0,58.7,58.7,13.3,52.0,6.1,100.0,55.7,0,0,0,0.1676,0
S04725,18,evening,10.2,0.79,68.7,1,67.6,74.4,8.9,60.6,8.26,100.0,30.0,0,2,2,0.6435,1
S04726,9,morning,11.6,0.742,62.3,1,54.2,29.3,13.1,54.7,5.79,100.0,48.7,3,0,5,0.1428,1
S04727,7,morning,6.5,0.552,21.4,2,38.6,43.5,13.1,48.1,3.63,100.0,40.6,0,0,3,0.0156,0
S04728,1,late_night,10.9,0.106,70.9,3,65.3,69.6,10.1,78.3,6.79,100.0,56.4,3,0,2,0.1876,0
S04729,18,evening,6.6,0.624,79.4,1,32.0,74.7,9.3,55.1,4.96,100.0,42.7,1,0,3,0.0457,0
S04730,9,morning,9.1,0.458,65.2,3,56.0,68.9,7.9,41.6,7.45,100.0,64.1,3,1,1,0.1111,0
S04731,6,morning,11.2,0.739,58.8,1,55.2,77.1,17.0,53.3,8.0,100.0,84.6,0,0,4,0.4717,1
S04732,20,evening,19.7,1.0,83.5,0,75.3,100.0,1.0,68.4,9.6,100.0,84.0,1,2,2,0.939,1
S04733,0,late_night,2.1,0.334,70.3,3,29.3,43.4,16.4,41.6,3.39,100.0,41.4,0,0,3,0.0106,1
S04734,11,morning,10.5,0.437,66.1,1,66.5,52.9,12.5,64.7,6.1,100.0,76.3,0,0,1,0.0978,0
S04735,3,late_night,15.5,0.367,97.8,2,71.9,62.1,11.8,71.0,6.79,100.0,70.0,3,0,3,0.1154,1
S04736,3,late_night,3.0,0.346,55.2,0,45.3,27.0,16.2,49.8,6.73,100.0,62.1,0,0,2,0.0429,0
S04737,0,late_night,14.7,0.325,80.5,0,76.0,72.2,8.7,63.5,7.3,100.0,52.7,3,5,6,0.8168,1
S04738,4,late_night,10.6,0.554,70.0,1,54.8,76.2,13.0,64.8,7.8,100.0,58.6,2,0,1,0.4594,1
S04739,22,night,7.6,0.25,100.0,0,56.5,53.9,20.0,60.4,4.77,100.0,64.3,1,0,1,0.0598,0
S04740,10,morning,12.2,0.222,70.5,2,59.1,35.7,11.9,52.9,6.44,100.0,86.6,0,0,0,0.0737,0
S04741,23,night,9.5,0.557,100.0,4,73.9,75.4,4.1,80.1,5.52,100.0,76.8,0,0,4,0.0703,0
S04742,6,morning,6.8,0.641,62.9,2,70.7,61.4,11.6,56.5,6.43,100.0,64.1,4,0,6,0.5916,0
S04743,18,evening,17.1,0.532,92.3,2,61.1,77.6,11.2,59.9,5.38,100.0,57.8,3,0,1,0.1885,0
S04744,2,late_night,15.1,0.422,70.3,2,48.6,64.3,14.0,50.9,6.7,100.0,66.2,3,0,1,0.2338,0
S04745,2,late_night,5.0,0.398,84.6,1,76.6,78.0,3.5,56.0,7.42,100.0,65.4,3,2,1,0.5829,1
S04746,0,late_night,8.4,0.6,57.7,0,65.6,82.5,11.8,55.0,7.1,100.0,83.4,0,1,4,0.1927,0
S04747,21,evening,10.7,0.201,65.4,1,49.7,32.6,12.8,36.1,4.28,100.0,32.1,0,0,3,0.0195,0
S04748,16,afternoon,7.7,0.38,45.6,1,46.2,37.2,17.3,72.9,5.92,100.0,50.1,0,0,7,0.0613,0
S04749,17,afternoon,12.8,0.0,59.9,3,58.9,28.4,13.4,49.3,6.13,56.2,56.8,2,0,4,0.0224,0
S04750,22,night,17.1,0.82,54.2,0,64.3,58.5,13.7,67.5,9.37,100.0,82.5,3,0,1,0.7344,1
S04751,7,morning,13.9,0.474,70.6,0,72.2,82.7,5.5,56.9,7.17,100.0,86.7,3,1,5,0.5807,0
S04752,17,afternoon,9.4,0.701,90.5,2,65.2,65.6,11.1,82.4,7.33,100.0,37.1,0,3,2,0.5655,0
S04753,12,afternoon,9.7,0.513,66.8,4,48.5,43.5,11.0,36.2,3.61,100.0,36.6,0,0,2,0.0324,0
S04754,13,afternoon,12.3,0.883,65.8,0,97.6,67.0,6.5,61.2,9.78,100.0,65.6,4,1,5,0.9191,1
S04755,15,afternoon,15.4,0.618,36.7,0,32.6,59.3,24.1,61.0,3.51,100.0,33.7,1,0,1,0.0775,0
S04756,11,morning,14.2,0.162,78.8,0,61.4,55.4,7.9,52.7,7.88,100.0,81.9,3,0,3,0.3057,1
S04757,0,late_night,11.3,0.58,100.0,0,61.3,85.1,8.8,56.0,7.47,100.0,62.9,3,0,0,0.337,0
S04758,1,late_night,12.3,0.623,47.6,0,52.6,36.0,9.4,38.0,2.98,100.0,67.6,1,0,4,0.0649,0
S04759,12,afternoon,19.3,0.57,97.1,2,60.4,66.3,11.9,61.0,6.24,100.0,50.0,1,0,2,0.0592,0
S04760,13,afternoon,11.7,0.947,71.3,1,57.4,71.8,11.0,62.7,6.54,100.0,63.1,1,2,1,0.3462,1
S04761,17,afternoon,22.8,1.0,63.5,0,89.1,92.4,3.3,81.6,9.19,100.0,52.6,2,0,1,0.8514,1
S04762,13,afternoon,11.2,0.655,49.0,0,65.7,79.2,17.7,70.9,6.56,100.0,41.8,0,1,0,0.2237,1
S04763,4,late_night,17.2,0.741,94.4,0,66.5,94.3,13.4,69.7,8.25,100.0,50.0,3,1,6,0.8411,1
S04764,8,morning,9.6,0.539,81.6,0,77.8,80.8,5.8,55.6,7.8,100.0,37.5,2,1,2,0.689,1
S04765,10,morning,13.1,0.51,95.2,0,56.2,51.2,14.5,50.4,5.43,100.0,73.5,2,0,4,0.3652,1
S04766,23,night,9.2,0.32,44.1,0,55.5,53.8,12.1,51.4,5.81,100.0,49.8,0,0,2,0.0968,0
S04767,12,afternoon,22.4,0.59,80.3,1,59.5,73.6,5.0,64.3,7.29,100.0,78.1,3,1,1,0.6086,1
S04768,15,afternoon,1.0,0.142,58.1,0,36.3,37.6,12.1,46.8,6.44,100.0,45.2,1,0,4,0.0246,0
S04769,17,afternoon,15.7,0.87,80.7,0,71.7,81.3,3.8,93.0,9.12,100.0,82.4,0,3,3,0.8538,1
S04770,8,morning,17.8,0.919,65.9,1,59.4,60.4,15.4,56.6,7.69,100.0,71.4,1,3,4,0.5737,0
S04771,23,night,3.1,0.339,43.4,1,42.0,10.5,13.8,64.8,5.45,100.0,38.2,0,0,6,0.0156,0
S04772,16,afternoon,10.3,0.434,69.9,2,64.4,35.0,17.8,61.6,6.86,100.0,56.9,0,0,4,0.1474,1
S04773,20,evening,10.6,0.851,79.8,1,63.1,46.5,11.3,67.1,7.07,100.0,65.1,2,1,1,0.448,1
S04774,17,afternoon,7.6,0.584,71.9,3,52.4,58.3,10.9,43.4,3.68,100.0,71.2,1,0,4,0.0659,0
S04775,14,afternoon,6.8,0.649,93.8,1,77.4,38.9,8.6,65.7,7.53,100.0,59.7,2,0,4,0.4261,0
S04776,0,late_night,6.9,0.402,45.2,3,38.2,54.8,20.7,49.7,7.3,100.0,56.2,0,1,2,0.0871,0
S04777,14,afternoon,4.1,0.314,32.4,1,44.6,45.8,14.7,56.8,5.96,100.0,25.9,1,0,3,0.037,0
S04778,3,late_night,12.3,0.669,84.7,1,53.1,53.4,10.1,54.1,5.91,100.0,42.3,4,1,3,0.4117,0
S04779,14,afternoon,8.9,0.583,56.1,2,58.7,70.8,15.4,67.5,6.59,100.0,45.1,0,0,3,0.1689,0
S04780,16,afternoon,9.0,0.352,61.5,1,63.9,50.0,15.0,58.7,5.56,100.0,61.6,0,0,3,0.0496,0
S04781,13,afternoon,13.9,0.579,70.6,0,68.0,80.2,5.6,87.2,8.16,100.0,52.7,3,1,3,0.4935,0
S04782,7,morning,9.3,0.484,53.7,1,59.5,22.6,13.7,65.3,5.05,100.0,52.5,2,0,4,0.0696,0
S04783,1,late_night,10.8,0.683,50.6,0,85.8,35.5,4.1,69.4,8.28,100.0,55.3,3,0,1,0.3072,0
S04784,16,afternoon,8.0,0.498,62.0,1,66.9,56.1,11.7,71.9,6.7,100.0,56.4,0,0,1,0.0918,0
S04785,16,afternoon,7.7,0.09,67.3,3,40.5,41.3,16.4,58.4,5.05,100.0,59.6,0,0,5,0.0148,0
S04786,11,morning,12.3,0.602,59.4,1,55.7,50.9,16.4,53.9,4.22,100.0,50.4,0,0,2,0.0328,0
S04787,17,afternoon,12.5,0.76,77.7,1,49.1,56.0,8.0,65.5,6.1,100.0,52.2,0,0,7,0.2067,0
S04788,18,evening,15.5,0.45,78.4,0,99.0,88.7,5.1,88.7,7.52,100.0,73.8,2,1,6,0.7153,0
S04789,12,afternoon,13.2,0.905,88.2,1,59.4,75.5,11.8,87.7,8.55,100.0,83.6,1,2,3,0.6276,0
S04790,1,late_night,1.0,0.249,48.6,1,61.0,32.3,20.5,44.4,4.09,100.0,46.3,1,0,1,0.0056,0
S04791,20,evening,2.1,0.121,13.5,2,15.5,21.5,18.6,36.5,3.24,100.0,18.0,0,0,2,0.0025,0
S04792,11,morning,12.6,0.888,80.6,1,75.4,54.7,8.3,61.9,5.76,100.0,39.7,5,0,5,0.5818,1
S04793,16,afternoon,8.0,0.866,80.7,2,43.2,36.8,16.1,79.0,5.16,100.0,50.2,2,1,1,0.1503,0
S04794,21,evening,12.4,0.922,70.7,0,71.6,67.6,10.2,79.9,7.51,100.0,44.7,0,0,3,0.2242,0
S04795,8,morning,7.7,0.466,80.9,4,38.6,55.0,14.5,48.2,5.22,100.0,13.8,1,0,0,0.0125,0
S04796,14,afternoon,17.0,0.327,60.0,2,49.8,54.4,14.5,65.0,7.13,100.0,52.7,1,0,3,0.0827,0
S04797,0,late_night,18.9,0.272,86.8,1,82.2,77.7,9.9,68.7,9.44,100.0,65.8,1,2,5,0.5298,0
S04798,21,evening,6.9,0.659,92.6,2,42.4,39.4,9.2,57.1,3.99,100.0,73.1,3,0,3,0.0691,0
S04799,1,late_night,8.6,0.754,67.1,4,47.5,45.0,12.2,59.8,7.01,100.0,52.2,2,0,5,0.1092,0
S04800,12,afternoon,10.1,0.391,66.8,0,51.8,61.3,16.4,59.9,7.03,100.0,59.8,2,1,8,0.7584,1
S04801,8,morning,16.9,0.577,72.8,0,77.9,57.6,18.5,48.9,6.48,100.0,66.0,0,0,3,0.1677,0
S04802,0,late_night,12.5,0.436,94.3,4,70.0,51.8,7.2,83.1,6.05,100.0,56.2,2,0,0,0.0236,0
S04803,11,morning,15.3,0.579,83.8,2,84.4,40.3,16.6,75.9,8.69,100.0,50.8,4,1,3,0.6785,1
S04804,22,night,12.8,0.696,98.5,1,46.6,61.6,11.5,60.2,5.93,100.0,84.8,3,0,2,0.2858,0
S04805,4,late_night,5.6,0.394,63.6,0,57.6,38.0,14.7,46.8,4.72,100.0,32.2,1,0,7,0.0833,0
S04806,7,morning,23.4,0.801,76.0,0,75.8,74.3,14.8,94.6,7.63,100.0,73.1,1,2,0,0.7168,0
S04807,4,late_night,10.2,0.991,56.4,1,45.2,71.5,11.6,55.9,5.0,100.0,39.7,2,0,5,0.3734,1
S04808,2,late_night,6.9,0.178,66.4,0,46.2,40.6,12.0,52.0,4.66,100.0,53.3,3,0,5,0.104,0
S04809,5,late_night,10.9,0.65,38.9,1,52.6,50.9,9.6,58.3,7.31,100.0,60.7,2,0,4,0.4081,0
S04810,13,afternoon,17.1,0.35,63.4,3,59.9,47.4,12.0,77.8,5.79,100.0,52.4,1,0,3,0.1179,0
S04811,18,evening,9.1,0.461,60.1,0,47.0,65.8,14.0,60.2,4.88,100.0,34.5,3,0,3,0.1158,0
S04812,16,afternoon,15.7,0.577,73.5,1,62.1,75.0,9.3,61.4,6.66,100.0,49.7,1,1,4,0.3181,0
S04813,18,evening,9.4,0.713,98.8,1,33.4,73.5,17.9,56.3,5.64,100.0,71.6,2,1,5,0.564,1
S04814,17,afternoon,9.5,0.524,72.2,2,64.4,76.3,8.7,60.1,8.24,100.0,33.5,0,1,2,0.2914,0
S04815,9,morning,7.6,0.123,22.3,5,20.8,17.8,18.7,49.0,3.95,100.0,65.3,0,0,4,0.0093,0
S04816,21,evening,14.1,0.776,71.3,1,75.9,100.0,8.3,71.7,8.77,100.0,67.7,2,0,3,0.9367,1
S04817,4,late_night,14.8,0.312,72.8,3,51.8,53.6,17.3,68.4,6.55,100.0,64.8,3,1,3,0.1567,1
S04818,16,afternoon,15.1,0.764,76.0,1,76.4,47.6,7.6,76.9,7.71,100.0,42.7,3,1,5,0.4604,0
S04819,2,late_night,4.4,0.4,83.3,4,48.5,33.6,17.0,49.4,5.69,100.0,44.5,0,0,8,0.0128,0
S04820,18,evening,10.3,0.566,80.6,0,52.7,55.3,22.6,54.5,6.01,100.0,42.2,0,1,2,0.0706,0
S04821,2,late_night,7.8,0.435,78.6,2,44.8,40.8,7.6,36.8,4.74,100.0,55.4,3,0,4,0.0563,0
S04822,5,late_night,17.8,0.732,78.5,1,85.5,80.3,5.5,86.1,7.96,100.0,47.4,4,1,3,0.7821,1
S04823,9,morning,17.8,0.697,81.8,0,70.9,56.2,21.5,36.4,5.91,100.0,42.2,1,0,4,0.1304,0
S04824,16,afternoon,12.8,0.868,62.6,0,68.8,73.5,9.9,72.3,5.7,100.0,90.6,2,1,4,0.5222,0
S04825,1,late_night,12.2,0.735,79.3,2,36.2,56.8,13.8,55.5,3.68,100.0,60.8,0,0,4,0.052,0
S04826,6,morning,10.7,0.557,62.1,1,47.5,49.5,11.6,66.2,4.79,100.0,58.0,2,0,3,0.0766,0
S04827,8,morning,11.4,0.784,46.3,1,62.6,45.8,19.1,48.6,4.28,100.0,59.0,2,0,1,0.087,0
S04828,17,afternoon,15.2,0.659,89.2,1,71.0,58.3,3.0,64.8,7.43,100.0,84.6,3,0,3,0.3474,1
S04829,23,night,2.9,0.226,75.8,2,28.7,30.5,20.7,47.6,3.65,100.0,41.8,0,1,1,0.0238,0
S04830,14,afternoon,9.4,0.592,53.4,1,35.2,33.1,8.7,45.5,5.14,100.0,61.2,0,0,3,0.0377,0
S04831,12,afternoon,5.0,0.427,77.9,1,37.5,29.3,9.6,16.4,5.07,100.0,7.9,1,0,2,0.011,0
S04832,8,morning,5.1,0.329,36.5,2,31.6,17.9,9.8,50.0,5.59,100.0,46.7,0,0,4,0.0219,0
S04833,19,evening,13.6,0.219,45.6,2,49.9,28.4,13.1,74.8,6.04,100.0,45.5,0,1,4,0.0277,0
S04834,2,late_night,7.6,0.267,54.9,5,41.5,41.5,12.4,50.8,5.67,100.0,37.4,0,0,9,0.0445,0
S04835,3,late_night,8.9,0.303,58.6,0,46.7,28.1,10.4,39.7,5.37,100.0,61.7,0,0,3,0.0208,1
S04836,4,late_night,11.3,0.593,43.9,1,25.4,27.5,12.3,45.5,1.68,100.0,40.9,1,0,3,0.0114,0
S04837,6,morning,1.6,0.549,63.9,1,58.0,33.8,10.4,62.6,3.64,100.0,46.5,2,0,1,0.0864,0
S04838,11,morning,20.7,0.577,71.7,1,61.1,64.1,5.9,54.5,8.32,100.0,50.4,2,0,2,0.3196,0
S04839,22,night,9.7,0.402,67.8,1,66.6,64.7,12.1,63.0,7.14,100.0,51.5,1,0,4,0.075,0
S04840,15,afternoon,13.4,0.422,75.7,1,69.5,61.0,9.1,79.7,7.4,100.0,26.0,3,0,3,0.2185,1
S04841,9,morning,6.6,0.288,52.0,0,49.6,50.5,3.3,32.7,8.24,100.0,44.3,2,0,2,0.1341,0
S04842,5,late_night,3.7,0.286,56.1,1,53.9,23.3,14.9,41.7,5.03,100.0,24.6,1,0,2,0.0161,0
S04843,15,afternoon,13.8,0.602,51.2,4,35.0,31.4,17.3,46.9,5.15,100.0,71.3,0,0,3,0.0214,0
S04844,6,morning,19.3,0.35,51.6,0,51.6,70.9,11.0,56.5,6.8,100.0,65.7,1,0,1,0.2124,0
S04845,23,night,13.7,1.0,88.4,1,65.8,67.5,5.2,88.1,6.26,100.0,73.9,1,2,2,0.6763,1
S04846,11,morning,16.0,0.497,100.0,1,100.0,75.0,13.2,86.6,8.25,100.0,40.6,3,1,1,0.4143,0
S04847,13,afternoon,14.1,0.363,91.0,0,72.6,60.9,5.2,65.3,7.02,100.0,71.4,0,0,2,0.2347,0
S04848,21,evening,16.7,0.777,69.1,3,58.1,53.1,12.2,41.7,7.37,100.0,40.6,0,0,3,0.0642,0
S04849,7,morning,3.6,0.818,60.6,1,66.8,28.5,11.9,77.5,4.93,100.0,59.3,0,0,2,0.2293,0
S04850,11,morning,12.5,0.465,63.1,0,56.9,67.3,17.0,67.8,6.15,100.0,50.3,1,0,3,0.2592,1
S04851,12,afternoon,8.5,0.596,84.2,4,68.1,49.7,14.7,59.6,5.65,100.0,33.1,2,0,0,0.153,0
S04852,6,morning,8.7,0.937,52.1,0,65.7,71.5,8.9,92.3,7.67,100.0,51.7,2,0,2,0.762,1
S04853,1,late_night,5.3,0.313,50.5,3,41.6,20.6,19.2,50.4,5.18,100.0,54.3,2,0,2,0.0098,0
S04854,6,morning,18.7,0.256,79.1,1,61.5,51.6,7.8,48.9,5.92,100.0,63.0,1,0,1,0.0537,0
S04855,2,late_night,13.0,0.235,62.6,1,84.7,73.6,15.9,68.2,9.16,100.0,41.7,2,0,5,0.5757,0
S04856,16,afternoon,10.8,0.161,64.6,5,30.9,39.2,2.7,45.9,4.36,100.0,63.3,0,0,5,0.0109,0
S04857,0,late_night,14.9,0.817,70.5,0,41.5,34.7,19.0,31.7,5.4,100.0,45.4,1,0,3,0.1454,0
S04858,7,morning,10.4,0.842,44.0,1,43.5,61.0,9.7,52.1,7.93,100.0,32.6,1,0,3,0.1996,0
S04859,21,evening,11.8,0.464,69.5,0,62.5,48.6,14.0,50.0,4.9,100.0,45.4,3,0,6,0.2561,1
S04860,13,afternoon,1.0,0.119,48.0,1,46.2,28.8,21.0,46.5,3.96,89.6,25.1,1,0,3,0.0389,0
S04861,16,afternoon,10.9,0.695,81.0,1,57.6,63.6,13.1,55.0,4.06,100.0,47.7,3,1,3,0.1384,0
S04862,16,afternoon,17.6,0.738,85.4,0,87.1,75.3,12.2,74.5,6.79,100.0,51.8,1,0,1,0.1483,0
S04863,7,morning,13.8,0.746,80.1,4,69.0,64.7,14.4,70.3,7.75,100.0,65.8,1,0,4,0.2449,0
S04864,15,afternoon,10.9,0.0,64.1,1,50.8,39.3,7.8,51.2,5.95,84.7,62.0,1,0,2,0.0416,0
S04865,5,late_night,12.8,1.0,75.0,2,59.0,55.3,6.5,68.6,6.74,100.0,71.5,1,2,3,0.3587,1
S04866,15,afternoon,18.1,0.642,45.2,1,58.5,60.0,14.9,59.2,4.63,100.0,61.4,2,0,2,0.1237,0
S04867,16,afternoon,9.3,0.461,66.9,2,59.9,66.0,11.9,55.5,5.94,100.0,24.5,0,3,1,0.1147,0
S04868,21,evening,24.9,0.729,75.3,1,100.0,92.5,6.4,86.1,8.47,100.0,46.2,1,3,5,0.7967,1
S04869,22,night,12.8,0.762,86.2,1,49.0,61.1,16.8,54.9,6.6,100.0,72.0,3,0,5,0.4621,0
S04870,0,late_night,15.2,0.471,70.7,1,30.3,69.1,19.0,40.7,5.37,100.0,40.9,0,1,1,0.1008,0
S04871,7,morning,7.6,0.595,81.6,1,54.8,66.1,8.0,83.0,6.35,100.0,54.0,2,1,3,0.34,0
S04872,13,afternoon,8.7,0.439,84.9,3,49.3,41.2,16.5,44.7,5.04,100.0,56.4,2,0,2,0.1116,0
S04873,7,morning,6.8,0.348,55.5,0,41.3,38.8,8.1,48.7,5.08,100.0,67.2,1,0,0,0.0369,0
S04874,14,afternoon,9.4,0.474,53.4,2,60.2,47.7,7.7,49.6,4.68,100.0,55.8,2,0,5,0.0427,0
S04875,20,evening,15.6,0.629,61.1,2,50.7,15.2,9.3,61.6,6.09,100.0,39.4,3,0,3,0.1027,1
S04876,6,morning,16.3,0.759,53.5,1,82.1,83.5,9.9,65.8,6.25,100.0,42.3,1,0,2,0.1277,0
S04877,21,evening,18.6,0.695,51.8,1,58.6,50.8,8.2,63.0,7.32,100.0,42.4,3,0,3,0.6265,0
S04878,21,evening,10.9,0.907,83.5,4,78.1,56.7,12.8,79.0,5.96,100.0,76.5,2,0,6,0.5407,0
S04879,21,evening,5.4,0.066,40.3,1,60.5,25.8,14.1,32.1,5.27,89.3,61.3,0,0,2,0.0476,0
S04880,1,late_night,10.4,0.309,49.5,1,47.9,41.6,17.5,58.3,6.37,100.0,52.4,1,0,1,0.0176,0
S04881,7,morning,12.7,0.596,70.7,1,68.2,57.7,13.6,55.1,5.87,100.0,35.3,1,1,1,0.1253,1
S04882,2,late_night,9.4,0.31,58.8,3,55.1,59.9,9.1,31.0,6.84,100.0,64.6,1,0,4,0.1001,0
S04883,2,late_night,7.3,0.429,81.1,1,61.8,69.6,16.2,58.0,7.98,100.0,56.2,1,0,2,0.2181,0
S04884,1,late_night,18.1,0.874,74.4,0,78.1,87.5,7.7,53.0,6.34,100.0,46.1,4,1,3,0.725,1
S04885,10,morning,9.5,0.468,55.2,4,65.5,54.3,14.3,42.2,5.97,100.0,52.1,0,0,6,0.1249,1
S04886,2,late_night,18.4,0.218,86.4,0,67.9,58.5,9.6,95.6,7.96,100.0,64.0,3,2,3,0.7355,1
S04887,7,morning,16.8,0.704,93.7,0,85.7,89.7,14.1,86.0,6.45,100.0,57.9,1,2,2,0.7385,1
S04888,23,night,14.1,0.536,47.5,3,45.2,45.3,15.3,66.9,6.34,100.0,38.4,1,2,1,0.1127,0
S04889,21,evening,17.8,0.735,83.2,0,73.7,62.9,6.9,74.3,7.5,100.0,64.9,3,0,1,0.5271,0
S04890,22,night,10.4,0.745,63.7,0,55.7,61.4,9.3,53.8,8.02,100.0,62.1,3,2,2,0.7695,1
S04891,0,late_night,9.1,0.425,47.1,2,42.2,37.1,28.0,43.9,4.64,100.0,17.8,2,0,2,0.0114,0
S04892,15,afternoon,16.4,0.357,89.2,1,57.9,17.8,9.2,45.6,5.74,100.0,47.3,3,0,3,0.055,0
S04893,15,afternoon,10.5,0.186,65.2,2,49.9,59.1,10.8,29.7,4.76,100.0,37.4,3,1,5,0.2193,0
S04894,3,late_night,13.0,0.334,59.9,2,24.7,48.9,11.0,74.1,6.51,100.0,57.0,1,0,5,0.1274,0
S04895,21,evening,14.5,0.412,70.6,0,48.4,66.3,7.5,59.9,5.28,100.0,28.9,2,1,5,0.3247,0
S04896,9,morning,15.1,0.585,88.0,1,73.2,47.8,6.6,58.8,8.05,100.0,39.6,0,1,2,0.2756,0
S04897,23,night,16.5,0.877,69.5,1,69.7,67.6,9.1,77.3,7.96,100.0,27.4,3,1,3,0.7432,1
S04898,2,late_night,15.1,0.677,64.5,2,71.5,53.7,13.3,48.8,4.48,100.0,63.1,2,1,6,0.302,0
S04899,15,afternoon,13.7,0.648,76.3,1,42.6,49.3,6.5,45.8,6.07,100.0,29.8,1,1,4,0.3412,1
S04900,3,late_night,1.0,0.161,30.6,1,38.8,28.4,14.2,57.5,4.82,100.0,22.6,0,0,3,0.0079,0
S04901,22,night,13.2,0.862,85.4,0,65.2,69.4,8.6,56.5,5.35,100.0,54.1,2,0,4,0.218,1
S04902,14,afternoon,11.3,0.688,46.1,1,68.2,59.5,7.3,62.1,5.68,100.0,52.8,1,0,3,0.0628,0
S04903,1,late_night,11.0,0.6,67.8,0,55.6,51.7,15.6,65.3,6.79,100.0,65.7,0,0,7,0.2665,0
S04904,5,late_night,23.5,0.987,62.9,0,93.1,100.0,4.7,83.1,8.31,100.0,78.7,3,1,2,0.9437,1
S04905,8,morning,12.8,0.601,64.1,2,90.0,72.2,4.0,69.2,8.19,100.0,79.4,2,1,6,0.8201,0
S04906,0,late_night,8.8,0.246,95.7,3,46.7,58.1,14.0,97.9,7.15,100.0,83.9,1,0,1,0.1694,1
S04907,0,late_night,12.3,0.284,78.0,3,49.0,21.9,18.9,42.5,4.12,100.0,64.9,2,0,5,0.0716,0
S04908,22,night,4.8,0.623,83.2,3,35.8,51.9,14.0,45.6,8.26,100.0,56.9,2,1,4,0.3209,0
S04909,23,night,4.0,0.552,47.5,3,50.3,65.0,8.4,66.8,6.06,100.0,57.7,3,1,1,0.1159,0
S04910,12,afternoon,13.3,0.406,48.0,2,42.9,33.5,12.4,38.1,5.77,100.0,59.6,0,0,4,0.081,0
S04911,21,evening,14.1,0.456,79.1,0,65.3,72.5,8.4,79.8,8.82,100.0,27.7,1,1,2,0.3075,0
S04912,15,afternoon,15.0,0.212,83.6,0,68.1,64.0,11.1,63.5,7.76,100.0,54.8,3,2,1,0.3892,0
S04913,0,late_night,7.0,0.672,49.3,1,56.0,21.5,17.0,51.6,5.85,100.0,21.1,1,0,5,0.1095,0
S04914,17,afternoon,10.1,0.688,70.9,0,77.0,82.3,9.5,78.7,8.87,100.0,51.2,2,2,1,0.8658,1
S04915,0,late_night,7.6,0.479,53.8,0,68.0,56.3,11.8,59.1,7.16,100.0,33.5,1,0,1,0.1858,0
S04916,19,evening,5.7,0.156,81.0,2,28.5,20.3,13.4,54.0,5.15,100.0,50.5,0,0,1,0.0071,0
S04917,8,morning,6.8,0.793,62.5,0,70.0,68.8,14.8,69.2,7.01,100.0,63.7,3,0,0,0.2365,1
S04918,3,late_night,14.1,0.768,72.7,1,30.4,73.2,12.9,71.3,6.64,100.0,74.9,4,1,4,0.6906,1
S04919,6,morning,13.1,0.502,79.0,1,86.9,57.8,2.7,54.5,8.64,100.0,46.3,3,0,4,0.5233,1
S04920,16,afternoon,11.7,0.732,83.9,1,69.4,56.8,5.5,54.1,6.8,100.0,43.1,1,0,3,0.1431,0
S04921,20,evening,15.1,0.645,62.3,0,77.4,72.0,9.0,69.8,5.11,100.0,76.2,0,2,1,0.424,1
S04922,13,afternoon,14.1,0.456,89.0,2,84.5,59.8,15.5,84.9,7.56,100.0,48.4,0,1,1,0.1758,1
S04923,3,late_night,10.1,0.294,40.3,2,26.2,33.4,19.3,30.6,4.26,100.0,36.3,0,0,7,0.0163,0
S04924,21,evening,6.4,0.181,76.2,1,50.8,36.4,17.9,38.8,5.19,100.0,57.2,1,0,1,0.0148,0
S04925,18,evening,16.1,0.454,53.3,0,74.8,85.0,9.2,87.3,6.06,100.0,69.5,1,4,1,0.6458,1
S04926,9,morning,16.5,0.885,78.0,0,76.8,79.7,15.5,63.9,7.23,100.0,76.5,2,3,0,0.7542,1
S04927,13,afternoon,3.3,0.554,97.0,0,52.2,39.4,8.5,57.7,6.49,100.0,64.2,2,1,4,0.2822,0
S04928,23,night,19.1,0.898,92.4,0,81.9,53.2,7.6,98.5,8.68,100.0,58.1,3,1,1,0.7109,1
S04929,9,morning,15.8,0.766,84.8,0,76.2,50.5,4.2,78.0,7.07,100.0,82.0,2,0,3,0.4907,1
S04930,0,late_night,16.3,0.762,59.7,2,61.3,51.3,9.3,79.8,5.09,100.0,72.4,1,3,3,0.311,1
S04931,3,late_night,4.1,0.004,51.7,0,48.4,36.2,10.4,60.6,5.01,79.0,49.3,1,0,3,0.0503,0
S04932,14,afternoon,15.9,0.636,100.0,1,67.6,76.8,14.7,82.5,8.02,100.0,78.7,1,1,4,0.6389,1
S04933,23,night,9.2,0.744,81.4,0,62.5,64.7,16.3,69.0,7.72,100.0,58.0,4,1,4,0.7241,1
S04934,17,afternoon,13.8,0.237,80.3,0,65.0,52.2,13.0,68.4,6.22,100.0,38.8,0,0,3,0.0434,0
S04935,14,afternoon,4.4,0.524,65.8,1,61.8,48.1,15.2,44.5,5.0,100.0,52.7,0,0,0,0.0324,0
S04936,7,morning,9.1,0.31,67.8,0,70.8,75.3,9.1,85.6,7.06,100.0,85.4,0,0,7,0.4213,0
S04937,10,morning,9.1,0.303,68.1,2,49.6,14.5,5.2,37.2,6.5,100.0,60.6,0,0,2,0.0103,0
S04938,0,late_night,11.6,0.977,79.5,0,78.1,71.8,7.6,82.0,8.44,100.0,65.4,2,1,1,0.8173,1
S04939,8,morning,5.4,0.562,59.8,0,42.1,48.6,16.9,57.6,3.54,100.0,35.8,1,0,3,0.0608,1
S04940,14,afternoon,16.7,0.235,51.8,1,67.8,48.0,13.0,59.5,9.38,100.0,39.5,2,0,3,0.2696,0
S04941,21,evening,14.2,0.641,80.1,2,64.6,57.1,11.5,62.1,7.11,100.0,48.2,1,0,5,0.2147,0
S04942,22,night,14.1,0.875,74.5,3,43.0,58.8,15.5,60.6,7.79,100.0,44.3,0,0,4,0.0927,0
S04943,19,evening,13.1,0.996,54.9,1,37.1,46.9,11.6,32.5,4.15,100.0,50.7,1,0,6,0.1413,0
S04944,0,late_night,10.6,0.621,86.4,0,43.7,26.7,7.8,59.2,5.91,100.0,56.3,1,1,5,0.0761,0
S04945,19,evening,16.8,0.561,88.8,0,64.8,96.0,11.2,67.8,9.17,100.0,45.0,2,1,2,0.853,1
S04946,5,late_night,13.6,0.845,85.0,2,66.1,80.1,6.8,83.3,6.9,100.0,50.7,1,1,1,0.312,0
S04947,14,afternoon,13.7,0.922,86.1,1,59.0,67.8,15.4,64.2,7.42,100.0,51.8,4,0,5,0.6976,1
S04948,22,night,9.8,0.509,79.8,1,74.8,17.0,4.1,72.3,8.11,100.0,61.4,1,0,1,0.0764,0
S04949,21,evening,12.8,0.885,81.2,1,65.8,63.4,8.0,62.9,7.1,100.0,67.2,3,2,3,0.6954,0
S04950,15,afternoon,17.8,0.552,76.2,0,58.4,56.6,12.1,58.9,9.45,100.0,46.3,1,1,4,0.5888,1
S04951,7,morning,14.2,0.5,93.1,1,51.7,61.9,15.6,40.0,6.29,100.0,31.6,2,0,3,0.1164,0
S04952,12,afternoon,13.4,0.04,58.4,0,57.2,43.7,11.3,85.4,4.56,69.8,40.3,0,0,9,0.0887,0
S04953,16,afternoon,13.7,0.087,66.6,3,30.3,50.2,16.8,78.3,3.63,100.0,56.0,0,0,4,0.0062,0
S04954,12,afternoon,12.5,0.717,77.7,1,67.6,85.2,10.3,98.4,8.84,100.0,54.6,6,1,2,0.6494,0
S04955,9,morning,10.8,0.787,93.3,0,95.5,89.6,1.9,66.2,7.74,100.0,69.0,5,0,2,0.7841,0
S04956,9,morning,15.1,0.302,89.1,2,46.9,72.7,10.4,46.4,7.67,100.0,61.7,4,0,1,0.4525,0
S04957,14,afternoon,2.5,0.131,48.3,4,17.8,16.9,17.2,25.8,4.77,100.0,60.7,0,0,4,0.0065,0
S04958,0,late_night,12.7,0.707,83.9,0,72.0,57.3,12.8,78.0,7.48,100.0,40.3,5,0,1,0.3969,1
S04959,23,night,2.2,0.397,66.8,3,43.0,56.4,13.5,77.3,4.93,100.0,67.8,0,0,4,0.1249,0
S04960,2,late_night,6.4,0.463,55.1,0,67.6,37.4,11.1,65.6,6.07,100.0,59.7,0,0,1,0.0365,0
S04961,23,night,7.9,0.79,93.9,1,66.0,50.9,5.4,71.2,8.87,100.0,83.8,1,0,3,0.6186,1
S04962,0,late_night,11.0,0.52,82.7,1,62.1,57.7,14.5,53.7,6.39,100.0,77.6,3,2,1,0.2908,0
S04963,12,afternoon,9.0,0.749,59.6,3,62.0,40.6,15.5,53.2,6.57,100.0,53.7,2,0,2,0.065,0
S04964,10,morning,10.4,0.255,81.4,1,35.5,71.3,17.2,55.9,7.79,100.0,39.9,1,0,4,0.2289,0
S04965,13,afternoon,17.3,0.954,58.5,2,64.9,69.1,7.4,74.0,6.9,100.0,65.7,2,0,4,0.4808,0
S04966,10,morning,13.5,0.711,66.3,2,51.4,45.4,13.3,51.5,5.56,100.0,35.8,2,0,3,0.0622,0
S04967,21,evening,2.2,0.312,54.7,5,57.0,30.5,11.4,54.6,4.78,100.0,51.6,1,0,3,0.005,0
S04968,0,late_night,13.4,0.442,78.6,0,49.5,57.4,12.9,61.6,4.05,100.0,41.8,0,2,4,0.1066,1
S04969,23,night,13.5,0.642,65.5,1,65.8,77.0,22.9,66.9,5.66,100.0,53.4,0,1,1,0.1805,0
S04970,16,afternoon,11.1,0.643,80.0,3,54.3,59.0,16.0,55.3,6.64,100.0,21.2,1,2,1,0.3521,1
S04971,18,evening,7.7,0.557,67.6,3,47.2,26.8,11.8,47.9,5.91,100.0,45.3,0,0,6,0.0174,0
S04972,3,late_night,15.8,0.43,72.3,1,69.4,54.6,9.0,71.7,7.16,100.0,62.7,2,1,1,0.3113,0
S04973,1,late_night,1.0,0.227,75.5,2,29.8,15.1,16.0,22.5,4.44,100.0,30.6,0,0,2,0.0047,0
S04974,9,morning,9.9,0.06,55.3,2,72.2,55.5,13.4,67.7,6.9,91.7,51.1,0,1,0,0.0592,0
S04975,7,morning,14.9,0.422,43.9,1,49.7,43.7,7.1,74.1,5.05,100.0,35.0,0,0,2,0.0256,0
S04976,18,evening,9.6,0.863,84.0,2,65.8,72.2,13.0,65.7,6.07,100.0,67.6,1,1,3,0.2592,0
S04977,21,evening,9.6,0.351,42.3,0,89.6,72.2,2.4,67.6,5.77,100.0,58.7,0,1,3,0.2042,0
S04978,10,morning,15.1,0.399,100.0,2,77.4,76.6,3.1,83.5,8.48,100.0,95.3,1,0,2,0.499,0
S04979,18,evening,5.3,0.487,65.8,4,27.1,54.1,21.4,56.4,5.72,100.0,55.1,1,1,2,0.1159,1
S04980,1,late_night,6.9,0.915,53.3,0,60.4,49.5,9.4,82.1,8.03,100.0,64.3,1,1,3,0.5673,1
S04981,17,afternoon,11.2,0.644,57.3,3,50.3,54.8,17.3,65.4,6.66,100.0,49.1,0,0,3,0.0829,0
S04982,2,late_night,12.7,0.0,31.8,2,48.7,21.6,12.2,50.2,3.68,72.2,62.6,0,0,1,0.0136,0
S04983,16,afternoon,17.5,0.498,90.9,0,81.9,89.2,1.0,100.0,9.37,100.0,60.0,6,1,7,0.9504,1
S04984,9,morning,8.4,0.354,38.6,2,53.4,25.6,10.7,61.4,2.94,100.0,72.3,0,0,2,0.015,0
S04985,9,morning,4.7,0.377,80.9,1,71.1,64.9,21.9,64.7,6.62,100.0,83.0,4,1,5,0.4214,0
S04986,6,morning,14.9,0.636,68.5,0,70.8,61.5,5.6,79.3,6.15,100.0,49.7,3,1,7,0.6705,1
S04987,9,morning,13.2,0.631,65.1,3,51.1,69.1,18.6,52.2,8.33,100.0,52.5,2,0,3,0.3206,0
S04988,20,evening,7.9,0.378,73.7,2,59.1,36.7,14.4,54.1,7.71,100.0,41.1,2,0,2,0.1614,0
S04989,19,evening,15.2,1.0,86.0,1,83.6,75.0,10.8,81.1,7.83,100.0,39.9,2,0,5,0.5025,1
S04990,8,morning,8.0,0.434,74.7,1,26.8,23.3,12.1,63.2,4.2,100.0,50.0,1,0,4,0.0171,0
S04991,7,morning,7.6,0.782,60.0,1,56.0,45.5,8.5,52.3,8.15,100.0,54.7,2,0,8,0.2308,0
S04992,12,afternoon,11.6,0.65,65.0,1,56.8,48.4,15.4,55.5,5.18,100.0,61.5,1,1,2,0.1328,1
S04993,16,afternoon,14.8,0.418,55.1,2,52.9,62.8,18.6,54.6,4.37,100.0,50.2,3,0,4,0.0543,0
S04994,4,late_night,12.4,0.575,75.9,0,79.5,53.9,11.9,65.6,4.98,100.0,70.7,2,0,2,0.123,0
S04995,17,afternoon,11.8,0.652,66.9,0,80.2,51.8,12.8,59.3,7.79,100.0,60.7,1,1,2,0.582,1
S04996,22,night,10.3,0.635,60.9,1,59.9,41.9,11.0,64.2,4.41,100.0,50.0,0,0,3,0.0741,0
S04997,20,evening,17.8,0.537,70.0,1,77.5,64.3,19.1,55.3,8.78,100.0,61.0,0,0,4,0.2533,1
S04998,13,afternoon,7.2,0.902,74.8,0,68.2,81.1,12.9,76.2,5.97,100.0,66.7,0,0,2,0.0681,0
S04999,7,morning,11.6,0.267,62.9,3,49.7,50.2,21.9,68.4,4.23,100.0,44.1,1,0,1,0.0105,0
